OrderID,ProductName,Category,Quantity,Price,Revenue,OrderDate
ORD-100000,Non-stick Pan,Home & Kitchen,5,27.78,138.9,2024-10-08
ORD-100001,Wireless Earbuds,Electronics,2,148.94,297.88,2025-11-23
ORD-100002,Vacuum Cleaner,Home & Kitchen,4,73.0,292.0,2025-03-08
ORD-100003,Smartphone Case,Electronics,3,25.3,75.9,2025-06-01
ORD-100004,Vacuum Cleaner,Home & Kitchen,3,106.38,319.14,2025-03-05
ORD-100005,Non-stick Pan,Home & Kitchen,4,45.83,183.32,2024-06-12
ORD-100006,Denim Jeans,Clothing,1,53.59,53.59,2024-08-08
ORD-100007,Cotton T-Shirt,Clothing,1,10.59,10.59,2025-01-24
ORD-100008,Fitness Tracker,Sports,5,129.24,646.2,2024-09-27
ORD-100009,Sunscreen,Beauty,2,33.54,67.08,2024-05-07
ORD-100010,Hoodie,Clothing,1,73.06,73.06,2024-10-27
ORD-100011,Storage Container Set,Home & Kitchen,4,20.35,81.4,2025-08-14
ORD-100012,Smartphone Case,Electronics,6,32.18,193.08,2024-10-23
ORD-100013,Yoga Mat,Sports,4,22.07,88.28,2025-01-24
ORD-100014,Storage Container Set,Home & Kitchen,3,24.91,74.73,2024-06-15
ORD-100015,Bluetooth Speaker,Electronics,1,127.17,127.17,2025-12-19
ORD-100016,Vacuum Cleaner,Home & Kitchen,5,96.49,482.45,2025-10-12
ORD-100017,Moisturizer,Beauty,4,22.78,91.12,2025-04-18
ORD-100018,Fitness Tracker,Sports,3,125.95,377.85,2024-08-12
ORD-100019,Yoga Mat,Sports,2,44.13,88.26,2024-08-22
ORD-100020,Lipstick Set,Beauty,6,9.51,57.06,2024-10-01
ORD-100021,Fitness Tracker,Sports,2,70.02,140.04,2024-11-18
ORD-100022,Air Fryer,Home & Kitchen,5,99.02,495.1,2024-05-26
ORD-100023,Hoodie,Clothing,2,40.13,80.26,2025-07-05
ORD-100024,Vacuum Cleaner,Home & Kitchen,2,147.67,295.34,2025-02-12
ORD-100025,Dumbbell Set,Sports,4,90.33,361.32,2025-06-05
ORD-100026,Face Serum,Beauty,4,50.83,203.32,2024-06-05
ORD-100027,Lipstick Set,Beauty,3,8.72,26.16,2025-09-02
ORD-100028,Sneakers,Clothing,3,64.72,194.16,2025-06-25
ORD-100029,Non-stick Pan,Home & Kitchen,5,61.66,308.3,2025-11-27
ORD-100030,Sunscreen,Beauty,5,23.7,118.5,2024-09-30
ORD-100031,Running Jacket,Clothing,1,50.01,50.01,2025-03-21
ORD-100032,Bluetooth Speaker,Electronics,3,74.35,223.05,2025-05-27
ORD-100033,Non-stick Pan,Home & Kitchen,5,27.47,137.35,2025-10-02
ORD-100034,Vacuum Cleaner,Home & Kitchen,5,99.55,497.75,2024-07-22
ORD-100035,Sunscreen,Beauty,1,27.44,27.44,2025-06-27
ORD-100036,Air Fryer,Home & Kitchen,3,59.53,178.59,2024-01-20
ORD-100037,Running Jacket,Clothing,4,34.8,139.2,2024-09-02
ORD-100038,Yoga Mat,Sports,3,38.82,116.46,2024-03-28
ORD-100039,Sunscreen,Beauty,5,12.84,64.2,2024-05-08
ORD-100040,Vacuum Cleaner,Home & Kitchen,4,118.73,474.92,2024-06-18
ORD-100041,Football,Sports,6,34.37,206.22,2024-08-04
ORD-100042,Moisturizer,Beauty,4,26.03,104.12,2025-12-31
ORD-100043,Cycling Helmet,Sports,1,74.36,74.36,2025-03-24
ORD-100044,Denim Jeans,Clothing,3,20.68,62.04,2024-08-18
ORD-100045,Smartwatch,Electronics,3,211.08,633.24,2024-08-23
ORD-100046,Wireless Earbuds,Electronics,6,36.82,220.92,2024-08-22
ORD-100047,Bluetooth Speaker,Electronics,5,55.26,276.3,2024-03-13
ORD-100048,Sneakers,Clothing,5,85.44,427.2,2024-08-07
ORD-100049,Sunscreen,Beauty,1,19.21,19.21,2025-08-13
ORD-100050,Lipstick Set,Beauty,6,11.77,70.62,2024-07-13
ORD-100051,Storage Container Set,Home & Kitchen,6,25.44,152.64,2025-03-09
ORD-100052,Yoga Mat,Sports,4,42.15,168.6,2025-11-20
ORD-100053,Non-stick Pan,Home & Kitchen,4,51.96,207.84,2025-02-16
ORD-100054,Face Serum,Beauty,6,23.95,143.7,2024-09-11
ORD-100055,Electric Kettle,Home & Kitchen,7,25.68,179.76,2025-03-08
ORD-100056,Cotton T-Shirt,Clothing,5,21.0,105.0,2025-03-29
ORD-100057,Yoga Mat,Sports,3,36.99,110.97,2024-02-21
ORD-100058,Non-stick Pan,Home & Kitchen,2,57.48,114.96,2024-04-05
ORD-100059,Dumbbell Set,Sports,4,78.95,315.8,2025-02-20
ORD-100060,Laptop Sleeve,Electronics,2,29.08,58.16,2024-03-01
ORD-100061,Laptop Sleeve,Electronics,6,64.26,385.56,2024-09-28
ORD-100062,Hair Dryer,Beauty,3,74.8,224.4,2025-03-09
ORD-100063,Sunscreen,Beauty,2,29.31,58.62,2025-11-08
ORD-100064,Bluetooth Speaker,Electronics,2,98.84,197.68,2024-08-10
ORD-100065,Vacuum Cleaner,Home & Kitchen,5,218.13,1090.65,2024-03-03
ORD-100066,Smartwatch,Electronics,3,202.0,606.0,2025-05-03
ORD-100067,Dumbbell Set,Sports,1,128.78,128.78,2024-02-28
ORD-100068,Smartphone Case,Electronics,2,24.46,48.92,2024-03-11
ORD-100069,Moisturizer,Beauty,2,17.02,34.04,2025-02-17
ORD-100070,Dumbbell Set,Sports,3,104.04,312.12,2025-08-15
ORD-100071,Air Fryer,Home & Kitchen,2,158.44,316.88,2025-11-04
ORD-100072,Storage Container Set,Home & Kitchen,5,36.31,181.55,2024-07-28
ORD-100073,Running Jacket,Clothing,6,40.64,243.84,2025-02-09
ORD-100074,Air Fryer,Home & Kitchen,6,234.12,1404.72,2024-11-19
ORD-100075,Yoga Mat,Sports,3,38.65,115.95,2025-04-14
ORD-100076,Non-stick Pan,Home & Kitchen,3,44.67,134.01,2024-03-16
ORD-100077,Electric Kettle,Home & Kitchen,5,68.0,340.0,2024-12-23
ORD-100078,Cycling Helmet,Sports,6,29.66,177.96,2024-10-18
ORD-100079,Cycling Helmet,Sports,5,82.73,413.65,2025-09-18
ORD-100080,Sunscreen,Beauty,6,21.28,127.68,2024-01-09
ORD-100081,Non-stick Pan,Home & Kitchen,6,27.01,162.06,2024-05-17
ORD-100082,Fitness Tracker,Sports,6,67.18,403.08,2024-06-08
ORD-100083,Storage Container Set,Home & Kitchen,5,37.44,187.2,2024-07-27
ORD-100084,Fitness Tracker,Sports,3,65.0,195.0,2025-05-15
ORD-100085,Yoga Mat,Sports,3,39.18,117.54,2024-04-04
ORD-100086,Face Serum,Beauty,3,33.88,101.64,2024-01-04
ORD-100087,Bluetooth Speaker,Electronics,5,76.39,381.95,2024-06-14
ORD-100088,Air Fryer,Home & Kitchen,5,54.39,271.95,2025-07-28
ORD-100089,Smartphone Case,Electronics,2,11.77,23.54,2025-07-12
ORD-100090,Hoodie,Clothing,2,53.44,106.88,2024-05-31
ORD-100091,Bluetooth Speaker,Electronics,4,87.93,351.72,2024-02-10
ORD-100092,Smartphone Case,Electronics,4,17.94,71.76,2025-11-13
ORD-100093,Lipstick Set,Beauty,2,30.18,60.36,2025-09-27
ORD-100094,Dumbbell Set,Sports,6,160.7,964.2,2024-06-15
ORD-100095,Lipstick Set,Beauty,2,14.48,28.96,2024-01-26
ORD-100096,Football,Sports,5,41.25,206.25,2025-11-16
ORD-100097,Hair Dryer,Beauty,4,81.8,327.2,2024-06-12
ORD-100098,Wireless Earbuds,Electronics,7,56.71,396.97,2025-04-26
ORD-100099,Lipstick Set,Beauty,4,21.86,87.44,2024-12-24
ORD-100100,Moisturizer,Beauty,1,11.72,11.72,2024-08-16
ORD-100101,Bluetooth Speaker,Electronics,4,78.52,314.08,2024-10-12
ORD-100102,Cycling Helmet,Sports,6,74.42,446.52,2024-12-25
ORD-100103,Hoodie,Clothing,5,109.13,545.65,2024-12-05
ORD-100104,Bluetooth Speaker,Electronics,4,72.79,291.16,2024-07-01
ORD-100105,Yoga Mat,Sports,2,41.1,82.2,2024-04-21
ORD-100106,Running Jacket,Clothing,6,84.14,504.84,2025-03-22
ORD-100107,Air Fryer,Home & Kitchen,2,85.78,171.56,2025-08-13
ORD-100108,Laptop Sleeve,Electronics,1,41.64,41.64,2024-01-02
ORD-100109,Moisturizer,Beauty,3,27.5,82.5,2025-01-07
ORD-100110,Cycling Helmet,Sports,1,41.92,41.92,2025-09-30
ORD-100111,Cycling Helmet,Sports,4,36.67,146.68,2025-06-03
ORD-100112,Sneakers,Clothing,7,88.41,618.87,2025-12-14
ORD-100113,Laptop Sleeve,Electronics,4,86.19,344.76,2025-11-11
ORD-100114,Moisturizer,Beauty,3,30.69,92.07,2025-09-22
ORD-100115,Cotton T-Shirt,Clothing,2,14.68,29.36,2024-11-07
ORD-100116,Hoodie,Clothing,4,60.9,243.6,2025-09-13
ORD-100117,Sneakers,Clothing,2,66.19,132.38,2025-11-22
ORD-100118,Electric Kettle,Home & Kitchen,2,26.01,52.02,2025-11-05
ORD-100119,Vacuum Cleaner,Home & Kitchen,3,98.07,294.21,2024-12-09
ORD-100120,Dumbbell Set,Sports,3,73.47,220.41,2025-11-19
ORD-100121,Moisturizer,Beauty,4,11.44,45.76,2024-01-26
ORD-100122,Fitness Tracker,Sports,4,99.48,397.92,2024-03-15
ORD-100123,Fitness Tracker,Sports,1,130.93,130.93,2024-07-18
ORD-100124,Sneakers,Clothing,5,50.04,250.2,2024-09-06
ORD-100125,Face Serum,Beauty,3,23.04,69.12,2025-03-11
ORD-100126,Sunscreen,Beauty,2,9.21,18.42,2025-04-20
ORD-100127,Cotton T-Shirt,Clothing,2,9.8,19.6,2025-04-12
ORD-100128,Hoodie,Clothing,6,74.96,449.76,2025-07-26
ORD-100129,Football,Sports,3,36.9,110.7,2025-09-19
ORD-100130,Football,Sports,3,21.87,65.61,2025-07-15
ORD-100131,Laptop Sleeve,Electronics,4,30.79,123.16,2025-04-05
ORD-100132,Running Jacket,Clothing,2,72.28,144.56,2025-06-17
ORD-100133,Laptop Sleeve,Electronics,2,46.58,93.16,2024-03-20
ORD-100134,Bluetooth Speaker,Electronics,2,97.27,194.54,2024-11-23
ORD-100135,Smartphone Case,Electronics,3,20.51,61.53,2024-08-24
ORD-100136,Smartphone Case,Electronics,5,21.13,105.65,2024-03-06
ORD-100137,Sneakers,Clothing,4,42.14,168.56,2025-03-01
ORD-100138,Football,Sports,2,39.13,78.26,2025-08-21
ORD-100139,Smartwatch,Electronics,2,145.97,291.94,2025-01-24
ORD-100140,Cycling Helmet,Sports,4,89.83,359.32,2025-02-03
ORD-100141,Football,Sports,1,31.07,31.07,2025-07-05
ORD-100142,Vacuum Cleaner,Home & Kitchen,2,188.17,376.34,2024-08-13
ORD-100143,Sneakers,Clothing,5,77.86,389.3,2024-01-30
ORD-100144,Air Fryer,Home & Kitchen,6,192.42,1154.52,2024-06-18
ORD-100145,Fitness Tracker,Sports,2,36.41,72.82,2025-06-30
ORD-100146,Hoodie,Clothing,4,27.72,110.88,2025-11-09
ORD-100147,Electric Kettle,Home & Kitchen,2,25.74,51.48,2025-04-17
ORD-100148,Running Jacket,Clothing,6,65.21,391.26,2024-08-04
ORD-100149,Sneakers,Clothing,3,124.34,373.02,2024-10-11
ORD-100150,Cycling Helmet,Sports,5,52.6,263.0,2024-03-24
ORD-100151,Face Serum,Beauty,2,30.71,61.42,2024-12-24
ORD-100152,Wireless Earbuds,Electronics,4,119.84,479.36,2024-02-01
ORD-100153,Wireless Earbuds,Electronics,4,52.14,208.56,2025-09-28
ORD-100154,Wireless Earbuds,Electronics,3,125.43,376.29,2025-07-31
ORD-100155,Running Jacket,Clothing,5,44.91,224.55,2025-01-12
ORD-100156,Non-stick Pan,Home & Kitchen,3,66.17,198.51,2024-06-16
ORD-100157,Wireless Earbuds,Electronics,5,122.35,611.75,2024-11-15
ORD-100158,Football,Sports,3,33.48,100.44,2025-02-10
ORD-100159,Smartwatch,Electronics,3,388.74,1166.22,2025-12-08
ORD-100160,Running Jacket,Clothing,4,117.61,470.44,2025-12-01
ORD-100161,Smartwatch,Electronics,4,162.41,649.64,2024-02-12
ORD-100162,Running Jacket,Clothing,6,83.0,498.0,2024-03-11
ORD-100163,Sneakers,Clothing,2,47.77,95.54,2025-05-16
ORD-100164,Football,Sports,3,16.54,49.62,2025-12-25
ORD-100165,Smartwatch,Electronics,4,124.95,499.8,2025-10-28
ORD-100166,Sunscreen,Beauty,4,18.93,75.72,2025-05-10
ORD-100167,Sunscreen,Beauty,4,14.84,59.36,2024-10-01
ORD-100168,Cotton T-Shirt,Clothing,3,21.35,64.05,2024-10-12
ORD-100169,Sneakers,Clothing,3,102.67,308.01,2025-08-06
ORD-100170,Cotton T-Shirt,Clothing,3,21.4,64.2,2025-05-21
ORD-100171,Smartphone Case,Electronics,4,42.97,171.88,2024-12-29
ORD-100172,Hoodie,Clothing,2,122.45,244.9,2025-12-19
ORD-100173,Vacuum Cleaner,Home & Kitchen,1,85.95,85.95,2024-07-14
ORD-100174,Lipstick Set,Beauty,5,28.21,141.05,2025-07-22
ORD-100175,Lipstick Set,Beauty,4,29.83,119.32,2025-04-03
ORD-100176,Smartphone Case,Electronics,3,29.08,87.24,2025-02-18
ORD-100177,Hoodie,Clothing,1,60.38,60.38,2025-01-12
ORD-100178,Air Fryer,Home & Kitchen,2,108.33,216.66,2025-07-17
ORD-100179,Hair Dryer,Beauty,3,46.97,140.91,2024-11-09
ORD-100180,Smartphone Case,Electronics,2,19.36,38.72,2024-11-19
ORD-100181,Electric Kettle,Home & Kitchen,4,28.96,115.84,2024-07-15
ORD-100182,Vacuum Cleaner,Home & Kitchen,3,174.91,524.73,2025-06-21
ORD-100183,Dumbbell Set,Sports,4,57.48,229.92,2024-10-30
ORD-100184,Wireless Earbuds,Electronics,3,103.94,311.82,2025-12-26
ORD-100185,Cotton T-Shirt,Clothing,3,15.72,47.16,2025-07-20
ORD-100186,Football,Sports,5,39.02,195.1,2024-04-15
ORD-100187,Air Fryer,Home & Kitchen,2,117.29,234.58,2025-05-05
ORD-100188,Wireless Earbuds,Electronics,4,116.37,465.48,2024-09-15
ORD-100189,Non-stick Pan,Home & Kitchen,4,39.08,156.32,2025-02-14
ORD-100190,Non-stick Pan,Home & Kitchen,1,21.49,21.49,2024-06-04
ORD-100191,Storage Container Set,Home & Kitchen,4,46.53,186.12,2024-03-28
ORD-100192,Laptop Sleeve,Electronics,1,43.81,43.81,2025-09-12
ORD-100193,Vacuum Cleaner,Home & Kitchen,3,166.3,498.9,2025-01-24
ORD-100194,Hoodie,Clothing,5,42.73,213.65,2025-03-15
ORD-100195,Vacuum Cleaner,Home & Kitchen,2,237.34,474.68,2024-04-11
ORD-100196,Smartphone Case,Electronics,3,29.0,87.0,2024-09-27
ORD-100197,Smartphone Case,Electronics,4,12.03,48.12,2025-07-19
ORD-100198,Laptop Sleeve,Electronics,4,63.57,254.28,2025-12-06
ORD-100199,Denim Jeans,Clothing,1,43.14,43.14,2024-10-22
ORD-100200,Lipstick Set,Beauty,5,26.89,134.45,2024-03-13
ORD-100201,Fitness Tracker,Sports,4,160.25,641.0,2025-11-08
ORD-100202,Wireless Earbuds,Electronics,5,55.46,277.3,2025-07-11
ORD-100203,Bluetooth Speaker,Electronics,4,29.13,116.52,2024-05-25
ORD-100204,Bluetooth Speaker,Electronics,4,76.57,306.28,2025-09-01
ORD-100205,Storage Container Set,Home & Kitchen,4,17.32,69.28,2025-03-25
ORD-100206,Lipstick Set,Beauty,4,22.16,88.64,2024-10-05
ORD-100207,Non-stick Pan,Home & Kitchen,4,17.24,68.96,2025-09-04
ORD-100208,Running Jacket,Clothing,7,48.4,338.8,2025-09-10
ORD-100209,Smartwatch,Electronics,2,287.44,574.88,2025-08-24
ORD-100210,Cycling Helmet,Sports,3,21.02,63.06,2025-08-13
ORD-100211,Lipstick Set,Beauty,3,26.71,80.13,2025-06-15
ORD-100212,Dumbbell Set,Sports,4,79.69,318.76,2025-08-22
ORD-100213,Face Serum,Beauty,3,32.82,98.46,2025-04-26
ORD-100214,Cotton T-Shirt,Clothing,2,14.78,29.56,2024-06-13
ORD-100215,Hair Dryer,Beauty,7,119.16,834.12,2025-11-09
ORD-100216,Sunscreen,Beauty,6,17.56,105.36,2024-02-07
ORD-100217,Running Jacket,Clothing,2,113.59,227.18,2024-04-28
ORD-100218,Hoodie,Clothing,3,67.71,203.13,2024-01-02
ORD-100219,Air Fryer,Home & Kitchen,3,79.42,238.26,2024-02-25
ORD-100220,Sneakers,Clothing,3,87.02,261.06,2025-10-02
ORD-100221,Bluetooth Speaker,Electronics,4,35.65,142.6,2025-07-16
ORD-100222,Sneakers,Clothing,6,36.33,217.98,2024-05-04
ORD-100223,Electric Kettle,Home & Kitchen,2,28.03,56.06,2025-12-27
ORD-100224,Vacuum Cleaner,Home & Kitchen,3,85.42,256.26,2025-02-21
ORD-100225,Yoga Mat,Sports,4,47.13,188.52,2025-04-17
ORD-100226,Electric Kettle,Home & Kitchen,2,61.17,122.34,2025-05-25
ORD-100227,Running Jacket,Clothing,2,103.13,206.26,2025-03-01
ORD-100228,Dumbbell Set,Sports,3,96.48,289.44,2025-04-12
ORD-100229,Hoodie,Clothing,3,76.28,228.84,2025-06-04
ORD-100230,Wireless Earbuds,Electronics,3,100.44,301.32,2024-10-09
ORD-100231,Cycling Helmet,Sports,2,43.64,87.28,2025-06-03
ORD-100232,Bluetooth Speaker,Electronics,2,62.62,125.24,2025-08-24
ORD-100233,Electric Kettle,Home & Kitchen,5,41.08,205.4,2025-04-02
ORD-100234,Hoodie,Clothing,5,52.26,261.3,2025-07-10
ORD-100235,Dumbbell Set,Sports,5,66.28,331.4,2025-12-15
ORD-100236,Sneakers,Clothing,3,67.61,202.83,2024-02-14
ORD-100237,Air Fryer,Home & Kitchen,3,200.3,600.9,2025-01-30
ORD-100238,Moisturizer,Beauty,4,49.98,199.92,2025-05-22
ORD-100239,Smartwatch,Electronics,5,324.66,1623.3,2024-12-05
ORD-100240,Football,Sports,3,28.62,85.86,2024-04-12
ORD-100241,Denim Jeans,Clothing,4,55.02,220.08,2025-02-23
ORD-100242,Yoga Mat,Sports,3,47.97,143.91,2025-04-25
ORD-100243,Hoodie,Clothing,1,58.51,58.51,2025-12-10
ORD-100244,Bluetooth Speaker,Electronics,4,117.77,471.08,2025-11-21
ORD-100245,Running Jacket,Clothing,1,84.28,84.28,2025-10-03
ORD-100246,Sunscreen,Beauty,1,21.77,21.77,2024-02-06
ORD-100247,Bluetooth Speaker,Electronics,4,63.06,252.24,2024-08-20
ORD-100248,Cotton T-Shirt,Clothing,4,20.87,83.48,2025-10-10
ORD-100249,Smartphone Case,Electronics,2,26.55,53.1,2025-12-11
ORD-100250,Bluetooth Speaker,Electronics,5,46.07,230.35,2024-02-27
ORD-100251,Denim Jeans,Clothing,4,40.96,163.84,2024-09-07
ORD-100252,Electric Kettle,Home & Kitchen,5,26.57,132.85,2024-06-23
ORD-100253,Air Fryer,Home & Kitchen,5,150.02,750.1,2025-09-26
ORD-100254,Vacuum Cleaner,Home & Kitchen,7,124.09,868.63,2024-05-26
ORD-100255,Air Fryer,Home & Kitchen,2,155.19,310.38,2024-09-18
ORD-100256,Football,Sports,3,30.24,90.72,2024-10-21
ORD-100257,Laptop Sleeve,Electronics,1,76.0,76.0,2024-12-19
ORD-100258,Sneakers,Clothing,4,80.5,322.0,2025-12-07
ORD-100259,Dumbbell Set,Sports,1,135.21,135.21,2025-01-28
ORD-100260,Laptop Sleeve,Electronics,4,34.9,139.6,2025-08-08
ORD-100261,Running Jacket,Clothing,2,119.26,238.52,2024-01-23
ORD-100262,Storage Container Set,Home & Kitchen,2,30.67,61.34,2024-01-09
ORD-100263,Face Serum,Beauty,4,50.74,202.96,2025-09-12
ORD-100264,Cycling Helmet,Sports,3,57.57,172.71,2024-08-23
ORD-100265,Denim Jeans,Clothing,2,29.84,59.68,2025-09-27
ORD-100266,Moisturizer,Beauty,3,12.86,38.58,2025-10-05
ORD-100267,Non-stick Pan,Home & Kitchen,2,72.46,144.92,2024-11-12
ORD-100268,Bluetooth Speaker,Electronics,3,34.77,104.31,2024-05-14
ORD-100269,Sneakers,Clothing,6,62.09,372.54,2024-06-28
ORD-100270,Hair Dryer,Beauty,6,60.64,363.84,2025-06-27
ORD-100271,Denim Jeans,Clothing,1,57.37,57.37,2024-09-20
ORD-100272,Cycling Helmet,Sports,2,85.73,171.46,2024-12-12
ORD-100273,Cotton T-Shirt,Clothing,3,21.44,64.32,2024-05-24
ORD-100274,Laptop Sleeve,Electronics,6,33.19,199.14,2025-07-24
ORD-100275,Face Serum,Beauty,2,44.82,89.64,2024-09-27
ORD-100276,Running Jacket,Clothing,1,59.39,59.39,2025-08-21
ORD-100277,Storage Container Set,Home & Kitchen,5,30.27,151.35,2024-04-20
ORD-100278,Vacuum Cleaner,Home & Kitchen,3,145.15,435.45,2025-07-28
ORD-100279,Non-stick Pan,Home & Kitchen,6,60.31,361.86,2025-10-12
ORD-100280,Cycling Helmet,Sports,4,50.04,200.16,2025-10-26
ORD-100281,Wireless Earbuds,Electronics,3,186.32,558.96,2024-11-07
ORD-100282,Smartphone Case,Electronics,3,14.44,43.32,2025-07-04
ORD-100283,Hoodie,Clothing,4,63.85,255.4,2025-03-05
ORD-100284,Lipstick Set,Beauty,3,13.36,40.08,2025-11-01
ORD-100285,Air Fryer,Home & Kitchen,3,54.57,163.71,2024-10-13
ORD-100286,Sneakers,Clothing,4,135.53,542.12,2025-03-31
ORD-100287,Yoga Mat,Sports,4,28.83,115.32,2025-12-03
ORD-100288,Cycling Helmet,Sports,3,47.32,141.96,2024-03-03
ORD-100289,Wireless Earbuds,Electronics,6,46.45,278.7,2025-04-10
ORD-100290,Smartwatch,Electronics,2,99.95,199.9,2024-01-22
ORD-100291,Denim Jeans,Clothing,2,26.85,53.7,2025-08-01
ORD-100292,Sunscreen,Beauty,2,21.46,42.92,2024-07-31
ORD-100293,Moisturizer,Beauty,2,46.69,93.38,2024-12-02
ORD-100294,Sunscreen,Beauty,4,14.41,57.64,2024-01-03
ORD-100295,Dumbbell Set,Sports,5,59.97,299.85,2025-07-07
ORD-100296,Wireless Earbuds,Electronics,2,39.08,78.16,2024-05-14
ORD-100297,Moisturizer,Beauty,4,19.78,79.12,2025-08-25
ORD-100298,Wireless Earbuds,Electronics,4,104.02,416.08,2024-05-09
ORD-100299,Non-stick Pan,Home & Kitchen,7,38.71,270.97,2025-05-02
ORD-100300,Hoodie,Clothing,5,56.25,281.25,2024-04-21
ORD-100301,Smartwatch,Electronics,2,209.87,419.74,2024-02-14
ORD-100302,Fitness Tracker,Sports,2,108.76,217.52,2024-11-04
ORD-100303,Yoga Mat,Sports,7,48.38,338.66,2025-05-05
ORD-100304,Cotton T-Shirt,Clothing,7,19.87,139.09,2025-05-17
ORD-100305,Cotton T-Shirt,Clothing,3,22.4,67.2,2024-11-25
ORD-100306,Bluetooth Speaker,Electronics,4,60.16,240.64,2025-10-01
ORD-100307,Storage Container Set,Home & Kitchen,1,42.94,42.94,2025-01-25
ORD-100308,Air Fryer,Home & Kitchen,5,152.71,763.55,2025-06-01
ORD-100309,Wireless Earbuds,Electronics,2,138.38,276.76,2025-11-01
ORD-100310,Moisturizer,Beauty,3,27.65,82.95,2025-03-16
ORD-100311,Bluetooth Speaker,Electronics,6,59.61,357.66,2025-04-09
ORD-100312,Hair Dryer,Beauty,2,45.75,91.5,2025-03-13
ORD-100313,Denim Jeans,Clothing,3,77.77,233.31,2025-12-04
ORD-100314,Wireless Earbuds,Electronics,3,63.21,189.63,2024-04-05
ORD-100315,Hair Dryer,Beauty,3,66.21,198.63,2024-05-13
ORD-100316,Vacuum Cleaner,Home & Kitchen,4,137.19,548.76,2025-07-29
ORD-100317,Bluetooth Speaker,Electronics,2,108.77,217.54,2025-11-12
ORD-100318,Cotton T-Shirt,Clothing,3,17.44,52.32,2024-10-21
ORD-100319,Hoodie,Clothing,4,39.09,156.36,2025-06-03
ORD-100320,Electric Kettle,Home & Kitchen,3,31.98,95.94,2024-04-20
ORD-100321,Non-stick Pan,Home & Kitchen,5,44.13,220.65,2024-10-12
ORD-100322,Sunscreen,Beauty,5,21.74,108.7,2025-09-28
ORD-100323,Non-stick Pan,Home & Kitchen,4,58.44,233.76,2025-09-15
ORD-100324,Hair Dryer,Beauty,2,38.75,77.5,2024-01-30
ORD-100325,Hair Dryer,Beauty,4,51.62,206.48,2024-12-13
ORD-100326,Smartphone Case,Electronics,2,28.7,57.4,2025-08-02
ORD-100327,Wireless Earbuds,Electronics,3,109.6,328.8,2024-04-03
ORD-100328,Laptop Sleeve,Electronics,4,30.5,122.0,2025-04-09
ORD-100329,Running Jacket,Clothing,5,86.61,433.05,2025-08-04
ORD-100330,Dumbbell Set,Sports,3,117.5,352.5,2024-06-10
ORD-100331,Wireless Earbuds,Electronics,3,71.63,214.89,2024-10-05
ORD-100332,Hoodie,Clothing,2,46.12,92.24,2025-03-28
ORD-100333,Smartwatch,Electronics,2,153.43,306.86,2024-04-26
ORD-100334,Smartwatch,Electronics,5,163.58,817.9,2025-05-13
ORD-100335,Denim Jeans,Clothing,6,60.93,365.58,2025-02-08
ORD-100336,Smartphone Case,Electronics,2,49.63,99.26,2024-11-04
ORD-100337,Hair Dryer,Beauty,3,44.85,134.55,2024-10-23
ORD-100338,Laptop Sleeve,Electronics,2,28.1,56.2,2024-06-28
ORD-100339,Electric Kettle,Home & Kitchen,5,37.84,189.2,2025-05-27
ORD-100340,Storage Container Set,Home & Kitchen,2,27.24,54.48,2024-03-14
ORD-100341,Lipstick Set,Beauty,3,20.62,61.86,2024-01-20
ORD-100342,Bluetooth Speaker,Electronics,4,48.94,195.76,2025-08-12
ORD-100343,Sneakers,Clothing,2,44.16,88.32,2024-10-23
ORD-100344,Bluetooth Speaker,Electronics,4,95.82,383.28,2024-06-24
ORD-100345,Storage Container Set,Home & Kitchen,6,24.32,145.92,2024-03-31
ORD-100346,Laptop Sleeve,Electronics,4,36.2,144.8,2025-08-26
ORD-100347,Bluetooth Speaker,Electronics,2,58.3,116.6,2024-12-13
ORD-100348,Face Serum,Beauty,2,48.81,97.62,2025-06-06
ORD-100349,Electric Kettle,Home & Kitchen,4,41.28,165.12,2024-12-23
ORD-100350,Dumbbell Set,Sports,6,30.31,181.86,2024-08-29
ORD-100351,Denim Jeans,Clothing,2,26.23,52.46,2025-09-08
ORD-100352,Face Serum,Beauty,1,72.84,72.84,2024-06-30
ORD-100353,Air Fryer,Home & Kitchen,4,183.67,734.68,2025-07-31
ORD-100354,Hoodie,Clothing,2,56.77,113.54,2025-10-20
ORD-100355,Storage Container Set,Home & Kitchen,3,29.84,89.52,2024-06-03
ORD-100356,Running Jacket,Clothing,1,76.16,76.16,2024-10-08
ORD-100357,Cotton T-Shirt,Clothing,1,21.35,21.35,2024-11-13
ORD-100358,Bluetooth Speaker,Electronics,2,28.8,57.6,2024-10-20
ORD-100359,Yoga Mat,Sports,2,33.58,67.16,2025-09-21
ORD-100360,Hoodie,Clothing,2,88.78,177.56,2025-07-21
ORD-100361,Face Serum,Beauty,6,61.42,368.52,2025-04-05
ORD-100362,Electric Kettle,Home & Kitchen,2,51.23,102.46,2024-11-25
ORD-100363,Non-stick Pan,Home & Kitchen,2,21.57,43.14,2025-04-06
ORD-100364,Cycling Helmet,Sports,5,49.71,248.55,2024-03-27
ORD-100365,Smartphone Case,Electronics,1,24.35,24.35,2025-12-25
ORD-100366,Hoodie,Clothing,3,28.69,86.07,2025-09-16
ORD-100367,Running Jacket,Clothing,1,67.95,67.95,2025-01-31
ORD-100368,Hoodie,Clothing,6,61.88,371.28,2024-02-23
ORD-100369,Non-stick Pan,Home & Kitchen,3,27.54,82.62,2024-12-03
ORD-100370,Hair Dryer,Beauty,2,73.38,146.76,2024-09-15
ORD-100371,Vacuum Cleaner,Home & Kitchen,3,161.26,483.78,2024-06-02
ORD-100372,Electric Kettle,Home & Kitchen,7,37.67,263.69,2024-12-24
ORD-100373,Air Fryer,Home & Kitchen,1,134.5,134.5,2024-05-12
ORD-100374,Cycling Helmet,Sports,7,46.8,327.6,2025-07-26
ORD-100375,Moisturizer,Beauty,3,39.98,119.94,2025-11-17
ORD-100376,Fitness Tracker,Sports,2,123.99,247.98,2024-04-05
ORD-100377,Running Jacket,Clothing,1,61.13,61.13,2024-01-19
ORD-100378,Smartphone Case,Electronics,1,45.15,45.15,2024-12-15
ORD-100379,Electric Kettle,Home & Kitchen,4,25.89,103.56,2024-05-20
ORD-100380,Cotton T-Shirt,Clothing,2,23.24,46.48,2025-06-03
ORD-100381,Fitness Tracker,Sports,3,110.3,330.9,2024-02-08
ORD-100382,Fitness Tracker,Sports,3,120.07,360.21,2024-05-14
ORD-100383,Smartphone Case,Electronics,3,45.39,136.17,2025-12-10
ORD-100384,Moisturizer,Beauty,5,12.7,63.5,2025-03-24
ORD-100385,Denim Jeans,Clothing,4,50.02,200.08,2025-03-30
ORD-100386,Lipstick Set,Beauty,3,20.78,62.34,2024-08-27
ORD-100387,Sneakers,Clothing,4,68.57,274.28,2024-07-17
ORD-100388,Football,Sports,2,36.16,72.32,2025-04-17
ORD-100389,Sunscreen,Beauty,6,19.36,116.16,2025-06-24
ORD-100390,Smartphone Case,Electronics,7,13.77,96.39,2025-09-11
ORD-100391,Sneakers,Clothing,2,99.96,199.92,2025-01-15
ORD-100392,Smartwatch,Electronics,2,152.36,304.72,2024-05-07
ORD-100393,Hair Dryer,Beauty,4,91.45,365.8,2025-04-05
ORD-100394,Laptop Sleeve,Electronics,4,65.07,260.28,2024-04-03
ORD-100395,Laptop Sleeve,Electronics,4,84.59,338.36,2024-12-23
ORD-100396,Sneakers,Clothing,2,78.57,157.14,2025-05-29
ORD-100397,Cotton T-Shirt,Clothing,3,11.82,35.46,2025-01-18
ORD-100398,Cotton T-Shirt,Clothing,4,12.55,50.2,2025-10-27
ORD-100399,Wireless Earbuds,Electronics,4,116.49,465.96,2024-10-20
ORD-100400,Electric Kettle,Home & Kitchen,2,40.77,81.54,2025-12-23
ORD-100401,Non-stick Pan,Home & Kitchen,4,29.06,116.24,2024-01-20
ORD-100402,Fitness Tracker,Sports,5,102.68,513.4,2025-09-15
ORD-100403,Bluetooth Speaker,Electronics,4,45.63,182.52,2024-08-31
ORD-100404,Laptop Sleeve,Electronics,1,45.86,45.86,2025-10-16
ORD-100405,Cotton T-Shirt,Clothing,2,19.75,39.5,2025-05-26
ORD-100406,Smartwatch,Electronics,4,150.65,602.6,2025-08-11
ORD-100407,Laptop Sleeve,Electronics,5,49.98,249.9,2024-01-02
ORD-100408,Sneakers,Clothing,3,111.79,335.37,2024-07-10
ORD-100409,Bluetooth Speaker,Electronics,6,84.21,505.26,2024-03-10
ORD-100410,Vacuum Cleaner,Home & Kitchen,3,82.45,247.35,2025-07-21
ORD-100411,Yoga Mat,Sports,8,24.15,193.2,2025-10-12
ORD-100412,Cotton T-Shirt,Clothing,5,27.7,138.5,2024-12-31
ORD-100413,Cotton T-Shirt,Clothing,2,18.89,37.78,2025-08-18
ORD-100414,Cotton T-Shirt,Clothing,1,22.3,22.3,2024-12-26
ORD-100415,Moisturizer,Beauty,4,33.77,135.08,2025-12-02
ORD-100416,Moisturizer,Beauty,4,13.01,52.04,2024-05-18
ORD-100417,Lipstick Set,Beauty,2,18.52,37.04,2024-02-07
ORD-100418,Smartphone Case,Electronics,2,14.29,28.58,2024-02-12
ORD-100419,Sneakers,Clothing,4,90.45,361.8,2025-07-10
ORD-100420,Smartphone Case,Electronics,3,18.79,56.37,2024-10-19
ORD-100421,Hair Dryer,Beauty,2,28.92,57.84,2024-10-06
ORD-100422,Sneakers,Clothing,3,126.19,378.57,2025-03-26
ORD-100423,Denim Jeans,Clothing,2,52.92,105.84,2025-05-23
ORD-100424,Hoodie,Clothing,2,72.99,145.98,2024-09-30
ORD-100425,Face Serum,Beauty,4,43.23,172.92,2025-03-16
ORD-100426,Sunscreen,Beauty,5,13.45,67.25,2024-10-27
ORD-100427,Bluetooth Speaker,Electronics,5,73.82,369.1,2024-11-09
ORD-100428,Moisturizer,Beauty,5,29.55,147.75,2025-12-07
ORD-100429,Running Jacket,Clothing,4,103.62,414.48,2025-09-21
ORD-100430,Cotton T-Shirt,Clothing,3,19.93,59.79,2024-03-17
ORD-100431,Hoodie,Clothing,2,44.1,88.2,2025-11-26
ORD-100432,Smartwatch,Electronics,4,327.97,1311.88,2025-11-25
ORD-100433,Wireless Earbuds,Electronics,4,115.41,461.64,2024-08-29
ORD-100434,Sneakers,Clothing,4,36.71,146.84,2025-08-03
ORD-100435,Laptop Sleeve,Electronics,2,35.04,70.08,2025-01-14
ORD-100436,Sunscreen,Beauty,4,20.07,80.28,2024-05-20
ORD-100437,Running Jacket,Clothing,4,110.67,442.68,2024-09-12
ORD-100438,Smartphone Case,Electronics,1,24.36,24.36,2025-05-26
ORD-100439,Yoga Mat,Sports,3,41.22,123.66,2024-09-25
ORD-100440,Moisturizer,Beauty,6,17.43,104.58,2025-09-18
ORD-100441,Football,Sports,7,14.98,104.86,2024-07-23
ORD-100442,Football,Sports,4,38.98,155.92,2024-06-25
ORD-100443,Cotton T-Shirt,Clothing,4,28.98,115.92,2025-11-29
ORD-100444,Cycling Helmet,Sports,3,27.63,82.89,2025-12-27
ORD-100445,Storage Container Set,Home & Kitchen,7,38.98,272.86,2024-06-10
ORD-100446,Dumbbell Set,Sports,3,92.07,276.21,2025-01-05
ORD-100447,Smartphone Case,Electronics,4,15.62,62.48,2024-05-22
ORD-100448,Storage Container Set,Home & Kitchen,5,31.01,155.05,2025-07-21
ORD-100449,Hoodie,Clothing,4,65.38,261.52,2024-05-12
ORD-100450,Bluetooth Speaker,Electronics,4,95.27,381.08,2025-02-11
ORD-100451,Sunscreen,Beauty,2,25.99,51.98,2025-02-24
ORD-100452,Face Serum,Beauty,2,82.22,164.44,2024-05-08
ORD-100453,Air Fryer,Home & Kitchen,5,148.59,742.95,2025-04-22
ORD-100454,Hoodie,Clothing,4,63.97,255.88,2025-10-17
ORD-100455,Moisturizer,Beauty,1,25.43,25.43,2025-03-19
ORD-100456,Yoga Mat,Sports,3,18.55,55.65,2025-06-14
ORD-100457,Bluetooth Speaker,Electronics,4,59.38,237.52,2025-12-27
ORD-100458,Fitness Tracker,Sports,2,150.05,300.1,2024-10-17
ORD-100459,Hoodie,Clothing,8,27.13,217.04,2024-10-08
ORD-100460,Hoodie,Clothing,2,47.26,94.52,2024-04-05
ORD-100461,Smartwatch,Electronics,5,111.24,556.2,2024-06-06
ORD-100462,Vacuum Cleaner,Home & Kitchen,2,287.22,574.44,2024-12-11
ORD-100463,Non-stick Pan,Home & Kitchen,3,17.5,52.5,2024-03-24
ORD-100464,Vacuum Cleaner,Home & Kitchen,4,205.76,823.04,2024-09-28
ORD-100465,Lipstick Set,Beauty,3,24.32,72.96,2025-09-24
ORD-100466,Vacuum Cleaner,Home & Kitchen,3,166.63,499.89,2024-10-23
ORD-100467,Denim Jeans,Clothing,3,47.56,142.68,2025-12-02
ORD-100468,Cotton T-Shirt,Clothing,2,17.82,35.64,2024-06-10
ORD-100469,Electric Kettle,Home & Kitchen,3,55.25,165.75,2024-12-14
ORD-100470,Running Jacket,Clothing,3,145.47,436.41,2024-12-19
ORD-100471,Bluetooth Speaker,Electronics,1,71.83,71.83,2025-06-11
ORD-100472,Sneakers,Clothing,3,67.39,202.17,2024-05-05
ORD-100473,Cotton T-Shirt,Clothing,5,13.39,66.95,2024-02-21
ORD-100474,Hoodie,Clothing,6,40.86,245.16,2025-03-04
ORD-100475,Dumbbell Set,Sports,4,181.29,725.16,2024-12-01
ORD-100476,Moisturizer,Beauty,5,29.72,148.6,2024-06-12
ORD-100477,Air Fryer,Home & Kitchen,2,178.42,356.84,2024-11-11
ORD-100478,Laptop Sleeve,Electronics,3,39.56,118.68,2025-06-01
ORD-100479,Hoodie,Clothing,3,28.73,86.19,2024-12-27
ORD-100480,Hoodie,Clothing,3,69.26,207.78,2025-10-31
ORD-100481,Cotton T-Shirt,Clothing,5,14.71,73.55,2024-04-20
ORD-100482,Cycling Helmet,Sports,2,41.57,83.14,2025-02-16
ORD-100483,Hoodie,Clothing,6,34.94,209.64,2025-07-29
ORD-100484,Non-stick Pan,Home & Kitchen,3,42.55,127.65,2025-01-30
ORD-100485,Hair Dryer,Beauty,7,70.13,490.91,2025-09-30
ORD-100486,Wireless Earbuds,Electronics,2,74.25,148.5,2025-02-07
ORD-100487,Fitness Tracker,Sports,2,149.81,299.62,2025-01-09
ORD-100488,Smartwatch,Electronics,3,204.72,614.16,2025-02-15
ORD-100489,Smartphone Case,Electronics,1,25.13,25.13,2025-12-31
ORD-100490,Air Fryer,Home & Kitchen,2,154.01,308.02,2024-06-01
ORD-100491,Storage Container Set,Home & Kitchen,4,23.21,92.84,2025-09-19
ORD-100492,Hoodie,Clothing,6,66.67,400.02,2024-11-02
ORD-100493,Vacuum Cleaner,Home & Kitchen,1,177.45,177.45,2025-06-29
ORD-100494,Air Fryer,Home & Kitchen,3,101.21,303.63,2024-01-18
ORD-100495,Lipstick Set,Beauty,2,16.41,32.82,2025-08-20
ORD-100496,Yoga Mat,Sports,6,27.52,165.12,2025-09-03
ORD-100497,Fitness Tracker,Sports,5,63.41,317.05,2025-08-14
ORD-100498,Laptop Sleeve,Electronics,5,47.17,235.85,2024-06-23
ORD-100499,Lipstick Set,Beauty,4,28.81,115.24,2024-05-31
ORD-100500,Hoodie,Clothing,2,37.92,75.84,2025-12-18
ORD-100501,Bluetooth Speaker,Electronics,2,36.74,73.48,2025-03-04
ORD-100502,Lipstick Set,Beauty,4,27.56,110.24,2025-05-28
ORD-100503,Yoga Mat,Sports,4,19.85,79.4,2025-12-23
ORD-100504,Bluetooth Speaker,Electronics,4,77.01,308.04,2025-11-09
ORD-100505,Denim Jeans,Clothing,4,56.43,225.72,2025-04-15
ORD-100506,Running Jacket,Clothing,1,103.34,103.34,2025-11-23
ORD-100507,Hair Dryer,Beauty,1,54.89,54.89,2025-09-16
ORD-100508,Cycling Helmet,Sports,5,40.77,203.85,2025-07-25
ORD-100509,Cycling Helmet,Sports,7,66.27,463.89,2024-10-22
ORD-100510,Lipstick Set,Beauty,3,25.89,77.67,2024-11-20
ORD-100511,Storage Container Set,Home & Kitchen,5,14.7,73.5,2024-10-21
ORD-100512,Lipstick Set,Beauty,2,31.53,63.06,2025-02-08
ORD-100513,Dumbbell Set,Sports,4,28.85,115.4,2024-10-24
ORD-100514,Yoga Mat,Sports,3,56.65,169.95,2024-12-20
ORD-100515,Air Fryer,Home & Kitchen,7,100.91,706.37,2024-08-07
ORD-100516,Vacuum Cleaner,Home & Kitchen,2,175.82,351.64,2025-12-13
ORD-100517,Smartwatch,Electronics,6,121.75,730.5,2024-09-02
ORD-100518,Vacuum Cleaner,Home & Kitchen,3,196.89,590.67,2024-08-19
ORD-100519,Laptop Sleeve,Electronics,4,72.52,290.08,2024-12-04
ORD-100520,Smartphone Case,Electronics,6,35.64,213.84,2024-01-06
ORD-100521,Dumbbell Set,Sports,4,95.0,380.0,2025-02-20
ORD-100522,Football,Sports,8,34.16,273.28,2025-05-03
ORD-100523,Hair Dryer,Beauty,2,49.79,99.58,2024-11-24
ORD-100524,Wireless Earbuds,Electronics,6,95.28,571.68,2025-10-29
ORD-100525,Non-stick Pan,Home & Kitchen,3,38.11,114.33,2024-06-28
ORD-100526,Yoga Mat,Sports,4,44.74,178.96,2025-02-10
ORD-100527,Bluetooth Speaker,Electronics,2,26.52,53.04,2024-02-08
ORD-100528,Non-stick Pan,Home & Kitchen,4,37.66,150.64,2024-12-09
ORD-100529,Fitness Tracker,Sports,5,107.12,535.6,2025-06-20
ORD-100530,Fitness Tracker,Sports,2,62.01,124.02,2025-04-24
ORD-100531,Hair Dryer,Beauty,1,71.58,71.58,2024-06-15
ORD-100532,Electric Kettle,Home & Kitchen,2,39.26,78.52,2024-01-15
ORD-100533,Sunscreen,Beauty,2,28.96,57.92,2025-11-21
ORD-100534,Laptop Sleeve,Electronics,3,39.19,117.57,2025-03-13
ORD-100535,Wireless Earbuds,Electronics,2,121.56,243.12,2024-07-08
ORD-100536,Electric Kettle,Home & Kitchen,6,24.67,148.02,2024-01-07
ORD-100537,Bluetooth Speaker,Electronics,6,62.78,376.68,2024-12-03
ORD-100538,Face Serum,Beauty,5,50.65,253.25,2024-09-24
ORD-100539,Face Serum,Beauty,5,22.21,111.05,2025-11-14
ORD-100540,Sneakers,Clothing,3,117.39,352.17,2025-12-03
ORD-100541,Cycling Helmet,Sports,2,27.65,55.3,2025-12-07
ORD-100542,Cycling Helmet,Sports,2,61.35,122.7,2025-01-11
ORD-100543,Smartphone Case,Electronics,1,14.91,14.91,2025-05-04
ORD-100544,Sunscreen,Beauty,2,18.03,36.06,2025-01-17
ORD-100545,Air Fryer,Home & Kitchen,1,170.63,170.63,2025-07-04
ORD-100546,Moisturizer,Beauty,2,46.99,93.98,2025-11-27
ORD-100547,Yoga Mat,Sports,2,29.39,58.78,2025-06-22
ORD-100548,Face Serum,Beauty,4,20.36,81.44,2025-07-31
ORD-100549,Sunscreen,Beauty,5,21.76,108.8,2024-07-26
ORD-100550,Bluetooth Speaker,Electronics,5,61.94,309.7,2025-06-16
ORD-100551,Sunscreen,Beauty,6,12.59,75.54,2025-05-15
ORD-100552,Non-stick Pan,Home & Kitchen,3,22.21,66.63,2025-04-09
ORD-100553,Hoodie,Clothing,4,56.7,226.8,2024-02-29
ORD-100554,Hair Dryer,Beauty,3,48.12,144.36,2024-01-23
ORD-100555,Moisturizer,Beauty,5,13.83,69.15,2025-08-15
ORD-100556,Cotton T-Shirt,Clothing,5,27.6,138.0,2025-07-08
ORD-100557,Yoga Mat,Sports,4,13.24,52.96,2025-04-28
ORD-100558,Denim Jeans,Clothing,4,56.88,227.52,2025-10-18
ORD-100559,Air Fryer,Home & Kitchen,2,196.66,393.32,2025-01-18
ORD-100560,Sneakers,Clothing,3,41.5,124.5,2025-01-19
ORD-100561,Fitness Tracker,Sports,1,113.24,113.24,2024-05-16
ORD-100562,Denim Jeans,Clothing,2,31.66,63.32,2025-07-04
ORD-100563,Smartphone Case,Electronics,3,28.52,85.56,2024-01-04
ORD-100564,Football,Sports,5,40.45,202.25,2025-11-20
ORD-100565,Sneakers,Clothing,3,64.05,192.15,2024-08-23
ORD-100566,Running Jacket,Clothing,1,118.73,118.73,2024-07-12
ORD-100567,Face Serum,Beauty,2,65.08,130.16,2024-02-02
ORD-100568,Cotton T-Shirt,Clothing,1,12.29,12.29,2024-09-03
ORD-100569,Wireless Earbuds,Electronics,3,81.35,244.05,2025-04-02
ORD-100570,Face Serum,Beauty,1,58.75,58.75,2024-09-07
ORD-100571,Denim Jeans,Clothing,3,28.05,84.15,2025-07-06
ORD-100572,Yoga Mat,Sports,6,33.09,198.54,2024-05-23
ORD-100573,Hoodie,Clothing,3,63.03,189.09,2024-11-22
ORD-100574,Hair Dryer,Beauty,7,38.87,272.09,2024-08-30
ORD-100575,Smartwatch,Electronics,2,161.3,322.6,2024-08-14
ORD-100576,Hoodie,Clothing,4,80.12,320.48,2025-08-28
ORD-100577,Football,Sports,3,29.0,87.0,2025-07-23
ORD-100578,Football,Sports,4,21.62,86.48,2025-06-21
ORD-100579,Denim Jeans,Clothing,1,44.63,44.63,2024-11-03
ORD-100580,Lipstick Set,Beauty,2,29.12,58.24,2024-09-03
ORD-100581,Denim Jeans,Clothing,3,64.87,194.61,2025-04-19
ORD-100582,Air Fryer,Home & Kitchen,4,148.1,592.4,2025-07-24
ORD-100583,Running Jacket,Clothing,4,58.3,233.2,2024-07-27
ORD-100584,Laptop Sleeve,Electronics,2,22.57,45.14,2025-01-14
ORD-100585,Moisturizer,Beauty,3,21.09,63.27,2024-02-22
ORD-100586,Sunscreen,Beauty,7,25.77,180.39,2024-02-10
ORD-100587,Smartwatch,Electronics,8,281.64,2253.12,2025-11-18
ORD-100588,Storage Container Set,Home & Kitchen,4,52.03,208.12,2024-11-06
ORD-100589,Smartphone Case,Electronics,3,30.34,91.02,2024-04-30
ORD-100590,Moisturizer,Beauty,4,34.68,138.72,2025-12-13
ORD-100591,Smartphone Case,Electronics,4,20.31,81.24,2025-07-19
ORD-100592,Sneakers,Clothing,2,127.73,255.46,2025-06-30
ORD-100593,Running Jacket,Clothing,2,106.8,213.6,2025-06-09
ORD-100594,Sneakers,Clothing,4,152.56,610.24,2024-11-23
ORD-100595,Sneakers,Clothing,6,102.77,616.62,2024-02-16
ORD-100596,Smartphone Case,Electronics,4,15.12,60.48,2024-01-17
ORD-100597,Fitness Tracker,Sports,3,71.87,215.61,2025-03-03
ORD-100598,Smartphone Case,Electronics,3,23.55,70.65,2025-01-23
ORD-100599,Hoodie,Clothing,5,104.13,520.65,2025-11-01
ORD-100600,Sneakers,Clothing,4,123.78,495.12,2025-10-19
ORD-100601,Running Jacket,Clothing,3,43.23,129.69,2024-06-22
ORD-100602,Electric Kettle,Home & Kitchen,3,57.5,172.5,2025-07-09
ORD-100603,Fitness Tracker,Sports,1,143.4,143.4,2024-02-04
ORD-100604,Wireless Earbuds,Electronics,1,70.11,70.11,2024-01-07
ORD-100605,Dumbbell Set,Sports,5,111.61,558.05,2024-03-10
ORD-100606,Smartwatch,Electronics,4,140.87,563.48,2025-04-11
ORD-100607,Vacuum Cleaner,Home & Kitchen,2,199.63,399.26,2025-05-09
ORD-100608,Smartwatch,Electronics,3,190.38,571.14,2025-07-18
ORD-100609,Bluetooth Speaker,Electronics,1,78.5,78.5,2025-07-02
ORD-100610,Laptop Sleeve,Electronics,3,22.54,67.62,2024-07-02
ORD-100611,Smartphone Case,Electronics,1,14.02,14.02,2024-09-03
ORD-100612,Storage Container Set,Home & Kitchen,6,33.61,201.66,2024-09-30
ORD-100613,Laptop Sleeve,Electronics,4,39.75,159.0,2025-04-15
ORD-100614,Dumbbell Set,Sports,7,121.17,848.19,2024-11-03
ORD-100615,Yoga Mat,Sports,3,29.79,89.37,2024-04-05
ORD-100616,Sneakers,Clothing,4,106.5,426.0,2024-02-27
ORD-100617,Face Serum,Beauty,4,58.98,235.92,2025-05-26
ORD-100618,Storage Container Set,Home & Kitchen,6,46.72,280.32,2025-08-02
ORD-100619,Fitness Tracker,Sports,7,67.39,471.73,2024-02-13
ORD-100620,Fitness Tracker,Sports,5,72.05,360.25,2025-05-01
ORD-100621,Cycling Helmet,Sports,4,67.27,269.08,2025-07-10
ORD-100622,Bluetooth Speaker,Electronics,4,78.2,312.8,2024-01-17
ORD-100623,Air Fryer,Home & Kitchen,5,92.52,462.6,2024-03-19
ORD-100624,Vacuum Cleaner,Home & Kitchen,4,202.02,808.08,2025-02-02
ORD-100625,Air Fryer,Home & Kitchen,2,184.94,369.88,2024-05-23
ORD-100626,Face Serum,Beauty,3,62.55,187.65,2025-05-27
ORD-100627,Cotton T-Shirt,Clothing,5,11.62,58.1,2025-03-23
ORD-100628,Smartwatch,Electronics,3,264.41,793.23,2025-09-20
ORD-100629,Running Jacket,Clothing,3,87.25,261.75,2024-01-31
ORD-100630,Lipstick Set,Beauty,3,14.62,43.86,2025-05-17
ORD-100631,Air Fryer,Home & Kitchen,1,86.22,86.22,2025-03-18
ORD-100632,Air Fryer,Home & Kitchen,4,160.81,643.24,2024-03-28
ORD-100633,Denim Jeans,Clothing,6,30.39,182.34,2025-12-31
ORD-100634,Sneakers,Clothing,3,146.59,439.77,2025-12-29
ORD-100635,Laptop Sleeve,Electronics,3,43.92,131.76,2024-11-20
ORD-100636,Bluetooth Speaker,Electronics,4,53.52,214.08,2025-03-31
ORD-100637,Denim Jeans,Clothing,4,26.32,105.28,2024-03-30
ORD-100638,Hoodie,Clothing,2,45.22,90.44,2025-06-08
ORD-100639,Bluetooth Speaker,Electronics,5,33.23,166.15,2025-07-21
ORD-100640,Storage Container Set,Home & Kitchen,2,11.93,23.86,2025-01-29
ORD-100641,Cotton T-Shirt,Clothing,4,24.78,99.12,2025-07-26
ORD-100642,Fitness Tracker,Sports,1,60.89,60.89,2025-06-17
ORD-100643,Denim Jeans,Clothing,3,34.32,102.96,2024-10-02
ORD-100644,Non-stick Pan,Home & Kitchen,4,41.2,164.8,2024-06-20
ORD-100645,Sneakers,Clothing,4,74.66,298.64,2024-03-19
ORD-100646,Football,Sports,2,25.45,50.9,2025-08-31
ORD-100647,Denim Jeans,Clothing,5,25.62,128.1,2024-11-07
ORD-100648,Hoodie,Clothing,3,77.61,232.83,2025-01-24
ORD-100649,Running Jacket,Clothing,2,94.08,188.16,2025-03-16
ORD-100650,Fitness Tracker,Sports,4,82.94,331.76,2024-05-19
ORD-100651,Electric Kettle,Home & Kitchen,4,32.49,129.96,2025-05-05
ORD-100652,Cycling Helmet,Sports,4,63.55,254.2,2024-10-25
ORD-100653,Vacuum Cleaner,Home & Kitchen,2,125.54,251.08,2024-09-05
ORD-100654,Sneakers,Clothing,1,56.24,56.24,2025-01-08
ORD-100655,Vacuum Cleaner,Home & Kitchen,3,110.15,330.45,2025-07-12
ORD-100656,Face Serum,Beauty,7,73.31,513.17,2025-04-17
ORD-100657,Bluetooth Speaker,Electronics,3,43.88,131.64,2025-12-10
ORD-100658,Football,Sports,5,32.2,161.0,2025-11-20
ORD-100659,Electric Kettle,Home & Kitchen,5,41.57,207.85,2024-09-15
ORD-100660,Lipstick Set,Beauty,6,19.35,116.1,2024-03-16
ORD-100661,Vacuum Cleaner,Home & Kitchen,2,181.85,363.7,2025-02-14
ORD-100662,Football,Sports,3,12.66,37.98,2025-07-10
ORD-100663,Fitness Tracker,Sports,3,112.83,338.49,2025-08-31
ORD-100664,Smartphone Case,Electronics,3,39.23,117.69,2025-11-04
ORD-100665,Smartwatch,Electronics,4,182.69,730.76,2024-02-15
ORD-100666,Air Fryer,Home & Kitchen,3,286.8,860.4,2024-12-05
ORD-100667,Cotton T-Shirt,Clothing,5,13.48,67.4,2024-04-10
ORD-100668,Vacuum Cleaner,Home & Kitchen,5,191.59,957.95,2025-07-25
ORD-100669,Air Fryer,Home & Kitchen,3,102.19,306.57,2025-01-18
ORD-100670,Sunscreen,Beauty,8,21.02,168.16,2025-12-08
ORD-100671,Cotton T-Shirt,Clothing,3,10.14,30.42,2025-05-09
ORD-100672,Cotton T-Shirt,Clothing,2,23.64,47.28,2024-04-28
ORD-100673,Hair Dryer,Beauty,3,59.38,178.14,2024-11-15
ORD-100674,Sunscreen,Beauty,1,16.03,16.03,2025-05-09
ORD-100675,Laptop Sleeve,Electronics,2,26.96,53.92,2024-11-22
ORD-100676,Wireless Earbuds,Electronics,4,96.84,387.36,2024-01-24
ORD-100677,Electric Kettle,Home & Kitchen,4,35.63,142.52,2024-09-06
ORD-100678,Storage Container Set,Home & Kitchen,4,26.44,105.76,2025-07-27
ORD-100679,Sneakers,Clothing,5,56.4,282.0,2025-10-06
ORD-100680,Air Fryer,Home & Kitchen,2,53.1,106.2,2025-02-09
ORD-100681,Electric Kettle,Home & Kitchen,3,37.71,113.13,2025-04-05
ORD-100682,Denim Jeans,Clothing,3,27.31,81.93,2024-07-29
ORD-100683,Face Serum,Beauty,1,18.23,18.23,2025-08-14
ORD-100684,Dumbbell Set,Sports,2,81.35,162.7,2025-01-09
ORD-100685,Running Jacket,Clothing,4,111.39,445.56,2025-11-17
ORD-100686,Storage Container Set,Home & Kitchen,7,24.41,170.87,2025-09-03
ORD-100687,Cotton T-Shirt,Clothing,4,20.61,82.44,2024-12-22
ORD-100688,Denim Jeans,Clothing,2,57.72,115.44,2025-11-20
ORD-100689,Hoodie,Clothing,3,29.14,87.42,2025-08-27
ORD-100690,Wireless Earbuds,Electronics,2,66.08,132.16,2024-09-01
ORD-100691,Smartphone Case,Electronics,5,20.56,102.8,2025-06-07
ORD-100692,Vacuum Cleaner,Home & Kitchen,3,144.01,432.03,2025-01-27
ORD-100693,Vacuum Cleaner,Home & Kitchen,4,252.38,1009.52,2025-12-11
ORD-100694,Dumbbell Set,Sports,3,48.62,145.86,2025-07-22
ORD-100695,Denim Jeans,Clothing,1,72.42,72.42,2024-11-18
ORD-100696,Storage Container Set,Home & Kitchen,7,30.1,210.7,2024-01-10
ORD-100697,Laptop Sleeve,Electronics,3,46.89,140.67,2025-07-29
ORD-100698,Air Fryer,Home & Kitchen,9,155.51,1399.59,2025-03-01
ORD-100699,Denim Jeans,Clothing,3,38.99,116.97,2024-03-25
ORD-100700,Moisturizer,Beauty,3,11.81,35.43,2024-10-26
ORD-100701,Bluetooth Speaker,Electronics,3,80.91,242.73,2024-06-21
ORD-100702,Air Fryer,Home & Kitchen,6,126.3,757.8,2025-07-16
ORD-100703,Storage Container Set,Home & Kitchen,4,44.94,179.76,2025-07-10
ORD-100704,Cotton T-Shirt,Clothing,3,15.44,46.32,2025-03-27
ORD-100705,Yoga Mat,Sports,5,42.31,211.55,2025-10-31
ORD-100706,Cotton T-Shirt,Clothing,2,11.59,23.18,2025-04-05
ORD-100707,Yoga Mat,Sports,1,38.72,38.72,2025-03-25
ORD-100708,Smartphone Case,Electronics,2,29.56,59.12,2024-08-02
ORD-100709,Storage Container Set,Home & Kitchen,2,40.56,81.12,2025-12-28
ORD-100710,Hoodie,Clothing,5,73.12,365.6,2024-05-22
ORD-100711,Face Serum,Beauty,3,33.06,99.18,2025-08-06
ORD-100712,Hoodie,Clothing,3,48.21,144.63,2024-06-21
ORD-100713,Hair Dryer,Beauty,4,41.77,167.08,2025-08-09
ORD-100714,Yoga Mat,Sports,2,51.84,103.68,2024-05-18
ORD-100715,Face Serum,Beauty,5,61.7,308.5,2024-10-10
ORD-100716,Smartphone Case,Electronics,1,14.25,14.25,2024-09-12
ORD-100717,Denim Jeans,Clothing,2,47.62,95.24,2025-11-23
ORD-100718,Bluetooth Speaker,Electronics,7,58.35,408.45,2025-10-04
ORD-100719,Cotton T-Shirt,Clothing,3,16.19,48.57,2025-02-16
ORD-100720,Running Jacket,Clothing,5,114.32,571.6,2025-04-10
ORD-100721,Cotton T-Shirt,Clothing,3,21.21,63.63,2024-04-05
ORD-100722,Running Jacket,Clothing,5,93.66,468.3,2024-03-05
ORD-100723,Sneakers,Clothing,5,79.17,395.85,2024-08-04
ORD-100724,Running Jacket,Clothing,3,96.12,288.36,2024-12-11
ORD-100725,Laptop Sleeve,Electronics,4,88.94,355.76,2024-12-17
ORD-100726,Face Serum,Beauty,8,44.59,356.72,2024-04-11
ORD-100727,Yoga Mat,Sports,5,49.52,247.6,2024-05-07
ORD-100728,Laptop Sleeve,Electronics,2,59.35,118.7,2024-01-01
ORD-100729,Denim Jeans,Clothing,2,31.06,62.12,2025-10-27
ORD-100730,Cycling Helmet,Sports,7,62.04,434.28,2024-04-05
ORD-100731,Running Jacket,Clothing,3,133.51,400.53,2025-11-11
ORD-100732,Laptop Sleeve,Electronics,6,29.72,178.32,2025-10-02
ORD-100733,Moisturizer,Beauty,5,32.49,162.45,2025-03-15
ORD-100734,Face Serum,Beauty,2,37.82,75.64,2024-08-06
ORD-100735,Smartphone Case,Electronics,3,27.72,83.16,2025-06-15
ORD-100736,Bluetooth Speaker,Electronics,2,88.84,177.68,2024-05-03
ORD-100737,Denim Jeans,Clothing,3,23.6,70.8,2025-05-04
ORD-100738,Cotton T-Shirt,Clothing,2,12.97,25.94,2024-04-15
ORD-100739,Dumbbell Set,Sports,3,120.25,360.75,2025-01-26
ORD-100740,Moisturizer,Beauty,3,47.51,142.53,2025-10-18
ORD-100741,Smartwatch,Electronics,2,96.31,192.62,2025-07-30
ORD-100742,Air Fryer,Home & Kitchen,4,196.4,785.6,2024-12-25
ORD-100743,Electric Kettle,Home & Kitchen,2,37.76,75.52,2025-02-25
ORD-100744,Denim Jeans,Clothing,4,48.49,193.96,2024-03-29
ORD-100745,Wireless Earbuds,Electronics,2,94.38,188.76,2025-08-26
ORD-100746,Sneakers,Clothing,5,148.9,744.5,2024-11-18
ORD-100747,Cotton T-Shirt,Clothing,6,17.86,107.16,2024-09-11
ORD-100748,Vacuum Cleaner,Home & Kitchen,3,167.27,501.81,2024-10-18
ORD-100749,Hair Dryer,Beauty,5,57.0,285.0,2024-07-29
ORD-100750,Air Fryer,Home & Kitchen,3,149.62,448.86,2024-10-29
ORD-100751,Moisturizer,Beauty,4,23.16,92.64,2025-05-21
ORD-100752,Hoodie,Clothing,4,50.28,201.12,2024-03-13
ORD-100753,Cycling Helmet,Sports,2,33.42,66.84,2024-11-20
ORD-100754,Fitness Tracker,Sports,3,71.51,214.53,2025-03-06
ORD-100755,Lipstick Set,Beauty,4,8.58,34.32,2024-03-15
ORD-100756,Bluetooth Speaker,Electronics,4,25.46,101.84,2024-08-08
ORD-100757,Laptop Sleeve,Electronics,3,33.98,101.94,2025-06-02
ORD-100758,Lipstick Set,Beauty,2,27.51,55.02,2025-03-09
ORD-100759,Smartwatch,Electronics,3,229.49,688.47,2025-07-04
ORD-100760,Running Jacket,Clothing,3,75.02,225.06,2024-03-21
ORD-100761,Smartphone Case,Electronics,1,19.58,19.58,2025-07-03
ORD-100762,Non-stick Pan,Home & Kitchen,2,65.22,130.44,2024-11-13
ORD-100763,Moisturizer,Beauty,4,19.41,77.64,2024-02-29
ORD-100764,Yoga Mat,Sports,6,36.72,220.32,2025-04-09
ORD-100765,Smartphone Case,Electronics,1,10.59,10.59,2024-05-02
ORD-100766,Wireless Earbuds,Electronics,2,97.44,194.88,2024-06-16
ORD-100767,Hoodie,Clothing,4,33.02,132.08,2024-09-22
ORD-100768,Bluetooth Speaker,Electronics,1,64.18,64.18,2024-04-30
ORD-100769,Laptop Sleeve,Electronics,3,44.83,134.49,2024-10-05
ORD-100770,Hoodie,Clothing,3,25.78,77.34,2025-10-04
ORD-100771,Running Jacket,Clothing,3,71.58,214.74,2024-02-26
ORD-100772,Storage Container Set,Home & Kitchen,5,20.92,104.6,2024-06-10
ORD-100773,Smartwatch,Electronics,5,339.93,1699.65,2025-11-21
ORD-100774,Smartwatch,Electronics,1,99.04,99.04,2024-01-03
ORD-100775,Dumbbell Set,Sports,3,86.44,259.32,2024-02-17
ORD-100776,Denim Jeans,Clothing,1,62.22,62.22,2024-07-02
ORD-100777,Fitness Tracker,Sports,5,104.93,524.65,2025-11-02
ORD-100778,Sneakers,Clothing,6,82.82,496.92,2024-11-23
ORD-100779,Bluetooth Speaker,Electronics,4,61.82,247.28,2024-05-02
ORD-100780,Dumbbell Set,Sports,2,110.75,221.5,2024-08-16
ORD-100781,Football,Sports,4,33.13,132.52,2024-03-11
ORD-100782,Cycling Helmet,Sports,2,26.8,53.6,2024-12-01
ORD-100783,Running Jacket,Clothing,4,58.8,235.2,2024-07-24
ORD-100784,Sunscreen,Beauty,8,18.61,148.88,2024-09-05
ORD-100785,Air Fryer,Home & Kitchen,6,159.15,954.9,2024-07-19
ORD-100786,Electric Kettle,Home & Kitchen,3,18.97,56.91,2024-06-03
ORD-100787,Denim Jeans,Clothing,3,33.86,101.58,2025-07-08
ORD-100788,Yoga Mat,Sports,4,15.51,62.04,2024-12-09
ORD-100789,Storage Container Set,Home & Kitchen,2,16.64,33.28,2024-04-16
ORD-100790,Football,Sports,2,40.75,81.5,2025-05-18
ORD-100791,Dumbbell Set,Sports,8,73.25,586.0,2025-12-29
ORD-100792,Smartphone Case,Electronics,2,22.67,45.34,2025-06-16
ORD-100793,Football,Sports,2,28.4,56.8,2024-03-27
ORD-100794,Air Fryer,Home & Kitchen,2,140.23,280.46,2024-03-17
ORD-100795,Smartphone Case,Electronics,2,16.47,32.94,2024-08-30
ORD-100796,Football,Sports,3,43.42,130.26,2025-12-18
ORD-100797,Sneakers,Clothing,5,54.35,271.75,2024-10-05
ORD-100798,Dumbbell Set,Sports,4,37.87,151.48,2025-08-21
ORD-100799,Laptop Sleeve,Electronics,3,30.53,91.59,2025-04-22
ORD-100800,Bluetooth Speaker,Electronics,3,60.49,181.47,2024-07-31
ORD-100801,Cotton T-Shirt,Clothing,3,11.0,33.0,2024-04-02
ORD-100802,Sunscreen,Beauty,3,13.8,41.4,2024-02-11
ORD-100803,Dumbbell Set,Sports,4,107.45,429.8,2024-04-03
ORD-100804,Football,Sports,5,12.55,62.75,2025-06-09
ORD-100805,Denim Jeans,Clothing,2,59.91,119.82,2024-02-01
ORD-100806,Fitness Tracker,Sports,3,68.24,204.72,2025-07-17
ORD-100807,Denim Jeans,Clothing,3,20.55,61.65,2024-05-04
ORD-100808,Dumbbell Set,Sports,2,53.31,106.62,2024-05-13
ORD-100809,Cotton T-Shirt,Clothing,2,18.16,36.32,2025-08-19
ORD-100810,Yoga Mat,Sports,4,56.52,226.08,2024-01-23
ORD-100811,Laptop Sleeve,Electronics,3,23.7,71.1,2024-05-11
ORD-100812,Cycling Helmet,Sports,4,22.06,88.24,2024-05-05
ORD-100813,Denim Jeans,Clothing,2,35.55,71.1,2025-08-10
ORD-100814,Lipstick Set,Beauty,2,16.79,33.58,2024-01-31
ORD-100815,Running Jacket,Clothing,4,100.56,402.24,2024-08-07
ORD-100816,Sneakers,Clothing,8,46.01,368.08,2024-06-01
ORD-100817,Electric Kettle,Home & Kitchen,6,27.78,166.68,2025-10-24
ORD-100818,Hoodie,Clothing,5,25.51,127.55,2025-05-05
ORD-100819,Denim Jeans,Clothing,4,28.59,114.36,2025-03-05
ORD-100820,Fitness Tracker,Sports,3,123.82,371.46,2024-09-12
ORD-100821,Face Serum,Beauty,5,54.57,272.85,2025-01-26
ORD-100822,Hoodie,Clothing,4,48.72,194.88,2025-05-11
ORD-100823,Storage Container Set,Home & Kitchen,4,22.49,89.96,2025-02-01
ORD-100824,Smartwatch,Electronics,3,80.53,241.59,2024-08-12
ORD-100825,Hair Dryer,Beauty,2,93.04,186.08,2024-02-29
ORD-100826,Storage Container Set,Home & Kitchen,4,45.73,182.92,2025-08-21
ORD-100827,Yoga Mat,Sports,1,36.38,36.38,2024-09-10
ORD-100828,Cotton T-Shirt,Clothing,3,17.32,51.96,2024-08-12
ORD-100829,Football,Sports,4,44.78,179.12,2024-12-29
ORD-100830,Dumbbell Set,Sports,1,48.84,48.84,2024-06-29
ORD-100831,Running Jacket,Clothing,1,35.23,35.23,2025-08-28
ORD-100832,Sunscreen,Beauty,2,12.04,24.08,2025-07-31
ORD-100833,Football,Sports,1,22.28,22.28,2025-07-09
ORD-100834,Non-stick Pan,Home & Kitchen,5,24.73,123.65,2024-02-27
ORD-100835,Smartwatch,Electronics,4,96.03,384.12,2025-05-04
ORD-100836,Dumbbell Set,Sports,4,71.74,286.96,2024-05-13
ORD-100837,Bluetooth Speaker,Electronics,3,25.41,76.23,2024-03-01
ORD-100838,Electric Kettle,Home & Kitchen,3,51.66,154.98,2024-04-23
ORD-100839,Yoga Mat,Sports,1,40.34,40.34,2025-01-17
ORD-100840,Vacuum Cleaner,Home & Kitchen,3,140.26,420.78,2024-04-13
ORD-100841,Denim Jeans,Clothing,4,43.1,172.4,2025-03-23
ORD-100842,Cycling Helmet,Sports,2,66.63,133.26,2024-06-27
ORD-100843,Vacuum Cleaner,Home & Kitchen,3,124.23,372.69,2024-12-31
ORD-100844,Electric Kettle,Home & Kitchen,1,32.57,32.57,2025-01-22
ORD-100845,Moisturizer,Beauty,3,36.04,108.12,2024-06-30
ORD-100846,Fitness Tracker,Sports,4,126.16,504.64,2025-02-04
ORD-100847,Sunscreen,Beauty,6,12.74,76.44,2024-02-03
ORD-100848,Hoodie,Clothing,4,66.19,264.76,2024-08-14
ORD-100849,Laptop Sleeve,Electronics,4,36.0,144.0,2024-05-24
ORD-100850,Bluetooth Speaker,Electronics,3,55.08,165.24,2024-11-23
ORD-100851,Yoga Mat,Sports,5,46.37,231.85,2025-12-26
ORD-100852,Hair Dryer,Beauty,2,19.46,38.92,2025-04-02
ORD-100853,Wireless Earbuds,Electronics,4,76.86,307.44,2024-12-24
ORD-100854,Wireless Earbuds,Electronics,4,73.42,293.68,2024-02-19
ORD-100855,Moisturizer,Beauty,5,26.51,132.55,2025-02-27
ORD-100856,Hoodie,Clothing,3,28.14,84.42,2025-01-19
ORD-100857,Vacuum Cleaner,Home & Kitchen,4,225.42,901.68,2025-10-28
ORD-100858,Laptop Sleeve,Electronics,3,50.53,151.59,2024-03-16
ORD-100859,Wireless Earbuds,Electronics,4,69.19,276.76,2024-11-22
ORD-100860,Bluetooth Speaker,Electronics,2,89.81,179.62,2024-06-23
ORD-100861,Wireless Earbuds,Electronics,3,121.89,365.67,2025-07-14
ORD-100862,Cycling Helmet,Sports,4,85.1,340.4,2025-08-31
ORD-100863,Yoga Mat,Sports,3,50.95,152.85,2025-03-17
ORD-100864,Laptop Sleeve,Electronics,2,22.83,45.66,2024-06-09
ORD-100865,Denim Jeans,Clothing,2,47.09,94.18,2025-02-23
ORD-100866,Sunscreen,Beauty,5,22.51,112.55,2024-09-28
ORD-100867,Cotton T-Shirt,Clothing,4,15.77,63.08,2024-02-20
ORD-100868,Air Fryer,Home & Kitchen,2,68.05,136.1,2024-06-06
ORD-100869,Wireless Earbuds,Electronics,2,115.59,231.18,2024-10-28
ORD-100870,Air Fryer,Home & Kitchen,5,66.0,330.0,2024-07-23
ORD-100871,Bluetooth Speaker,Electronics,4,56.9,227.6,2024-03-24
ORD-100872,Laptop Sleeve,Electronics,1,36.07,36.07,2025-04-27
ORD-100873,Non-stick Pan,Home & Kitchen,2,46.21,92.42,2025-10-19
ORD-100874,Laptop Sleeve,Electronics,6,21.94,131.64,2025-01-13
ORD-100875,Laptop Sleeve,Electronics,3,30.85,92.55,2025-04-21
ORD-100876,Fitness Tracker,Sports,2,49.54,99.08,2024-03-04
ORD-100877,Face Serum,Beauty,6,51.73,310.38,2024-03-28
ORD-100878,Lipstick Set,Beauty,4,13.36,53.44,2025-08-26
ORD-100879,Laptop Sleeve,Electronics,3,37.36,112.08,2025-06-19
ORD-100880,Air Fryer,Home & Kitchen,7,190.5,1333.5,2025-08-09
ORD-100881,Non-stick Pan,Home & Kitchen,4,52.82,211.28,2025-02-08
ORD-100882,Sunscreen,Beauty,3,28.16,84.48,2025-08-07
ORD-100883,Sunscreen,Beauty,2,14.17,28.34,2024-05-30
ORD-100884,Moisturizer,Beauty,2,42.39,84.78,2024-06-20
ORD-100885,Moisturizer,Beauty,3,26.78,80.34,2024-02-13
ORD-100886,Football,Sports,4,45.64,182.56,2024-07-25
ORD-100887,Vacuum Cleaner,Home & Kitchen,6,132.94,797.64,2024-09-21
ORD-100888,Face Serum,Beauty,3,36.22,108.66,2024-03-30
ORD-100889,Running Jacket,Clothing,1,70.36,70.36,2024-10-09
ORD-100890,Yoga Mat,Sports,2,45.86,91.72,2025-12-18
ORD-100891,Air Fryer,Home & Kitchen,4,120.1,480.4,2024-04-25
ORD-100892,Smartwatch,Electronics,4,237.66,950.64,2025-08-19
ORD-100893,Yoga Mat,Sports,3,41.87,125.61,2025-07-30
ORD-100894,Sunscreen,Beauty,3,26.8,80.4,2024-12-18
ORD-100895,Sneakers,Clothing,2,94.19,188.38,2025-08-08
ORD-100896,Bluetooth Speaker,Electronics,5,33.09,165.45,2025-02-16
ORD-100897,Air Fryer,Home & Kitchen,5,110.73,553.65,2024-02-09
ORD-100898,Dumbbell Set,Sports,4,104.3,417.2,2024-02-20
ORD-100899,Cycling Helmet,Sports,2,43.57,87.14,2024-01-21
ORD-100900,Hair Dryer,Beauty,3,95.82,287.46,2024-10-14
ORD-100901,Yoga Mat,Sports,6,18.53,111.18,2024-08-21
ORD-100902,Football,Sports,4,21.95,87.8,2024-11-24
ORD-100903,Cotton T-Shirt,Clothing,3,16.66,49.98,2024-07-11
ORD-100904,Football,Sports,5,40.66,203.3,2025-05-11
ORD-100905,Yoga Mat,Sports,5,44.16,220.8,2025-06-11
ORD-100906,Smartwatch,Electronics,5,119.31,596.55,2025-02-17
ORD-100907,Fitness Tracker,Sports,7,47.59,333.13,2024-01-30
ORD-100908,Dumbbell Set,Sports,3,51.15,153.45,2024-02-29
ORD-100909,Running Jacket,Clothing,4,59.81,239.24,2025-12-22
ORD-100910,Sneakers,Clothing,4,79.29,317.16,2025-06-01
ORD-100911,Yoga Mat,Sports,6,26.01,156.06,2024-09-04
ORD-100912,Electric Kettle,Home & Kitchen,7,35.98,251.86,2025-04-30
ORD-100913,Denim Jeans,Clothing,3,51.73,155.19,2024-09-21
ORD-100914,Hair Dryer,Beauty,1,53.8,53.8,2024-01-29
ORD-100915,Smartwatch,Electronics,4,262.66,1050.64,2024-08-07
ORD-100916,Electric Kettle,Home & Kitchen,2,40.58,81.16,2024-10-02
ORD-100917,Non-stick Pan,Home & Kitchen,2,58.25,116.5,2025-04-30
ORD-100918,Vacuum Cleaner,Home & Kitchen,4,110.96,443.84,2024-01-09
ORD-100919,Storage Container Set,Home & Kitchen,2,54.28,108.56,2025-12-30
ORD-100920,Air Fryer,Home & Kitchen,1,198.84,198.84,2025-01-20
ORD-100921,Denim Jeans,Clothing,4,36.35,145.4,2025-04-22
ORD-100922,Vacuum Cleaner,Home & Kitchen,2,183.27,366.54,2025-02-10
ORD-100923,Bluetooth Speaker,Electronics,2,65.66,131.32,2025-07-28
ORD-100924,Storage Container Set,Home & Kitchen,4,18.87,75.48,2025-12-01
ORD-100925,Bluetooth Speaker,Electronics,2,45.87,91.74,2025-10-17
ORD-100926,Running Jacket,Clothing,4,48.46,193.84,2024-07-11
ORD-100927,Face Serum,Beauty,2,30.21,60.42,2025-09-06
ORD-100928,Denim Jeans,Clothing,5,49.83,249.15,2024-01-27
ORD-100929,Cycling Helmet,Sports,4,46.71,186.84,2025-03-04
ORD-100930,Sunscreen,Beauty,2,35.52,71.04,2025-12-26
ORD-100931,Hair Dryer,Beauty,4,48.0,192.0,2025-12-31
ORD-100932,Air Fryer,Home & Kitchen,5,133.25,666.25,2025-11-18
ORD-100933,Denim Jeans,Clothing,3,67.41,202.23,2025-11-04
ORD-100934,Wireless Earbuds,Electronics,4,44.1,176.4,2025-04-27
ORD-100935,Hoodie,Clothing,5,98.06,490.3,2024-07-06
ORD-100936,Yoga Mat,Sports,3,21.56,64.68,2024-08-15
ORD-100937,Hair Dryer,Beauty,3,85.22,255.66,2025-03-06
ORD-100938,Running Jacket,Clothing,3,58.65,175.95,2025-08-22
ORD-100939,Football,Sports,3,33.05,99.15,2024-02-24
ORD-100940,Vacuum Cleaner,Home & Kitchen,3,188.45,565.35,2024-03-13
ORD-100941,Wireless Earbuds,Electronics,4,86.66,346.64,2025-11-28
ORD-100942,Cotton T-Shirt,Clothing,4,11.64,46.56,2024-06-03
ORD-100943,Laptop Sleeve,Electronics,5,62.41,312.05,2025-08-06
ORD-100944,Dumbbell Set,Sports,3,131.9,395.7,2024-11-19
ORD-100945,Wireless Earbuds,Electronics,1,63.8,63.8,2025-05-14
ORD-100946,Cycling Helmet,Sports,4,22.87,91.48,2025-10-11
ORD-100947,Denim Jeans,Clothing,3,46.9,140.7,2024-06-21
ORD-100948,Wireless Earbuds,Electronics,4,87.0,348.0,2024-05-12
ORD-100949,Air Fryer,Home & Kitchen,1,195.48,195.48,2025-03-15
ORD-100950,Cotton T-Shirt,Clothing,7,12.43,87.01,2025-06-30
ORD-100951,Cotton T-Shirt,Clothing,2,26.93,53.86,2024-11-25
ORD-100952,Non-stick Pan,Home & Kitchen,2,20.18,40.36,2025-11-23
ORD-100953,Moisturizer,Beauty,4,43.27,173.08,2025-12-11
ORD-100954,Cotton T-Shirt,Clothing,2,15.87,31.74,2025-01-27
ORD-100955,Cotton T-Shirt,Clothing,4,13.16,52.64,2024-02-16
ORD-100956,Hoodie,Clothing,5,63.89,319.45,2025-09-02
ORD-100957,Denim Jeans,Clothing,8,71.89,575.12,2024-12-16
ORD-100958,Electric Kettle,Home & Kitchen,3,55.42,166.26,2024-06-17
ORD-100959,Football,Sports,4,18.06,72.24,2024-01-20
ORD-100960,Moisturizer,Beauty,4,37.09,148.36,2024-08-04
ORD-100961,Electric Kettle,Home & Kitchen,6,31.98,191.88,2024-05-06
ORD-100962,Non-stick Pan,Home & Kitchen,3,53.17,159.51,2025-01-19
ORD-100963,Hoodie,Clothing,3,25.68,77.04,2025-09-30
ORD-100964,Yoga Mat,Sports,4,41.22,164.88,2025-10-31
ORD-100965,Wireless Earbuds,Electronics,7,69.52,486.64,2025-03-02
ORD-100966,Bluetooth Speaker,Electronics,4,65.73,262.92,2025-04-30
ORD-100967,Wireless Earbuds,Electronics,3,100.25,300.75,2024-11-04
ORD-100968,Smartwatch,Electronics,6,213.17,1279.02,2024-10-03
ORD-100969,Lipstick Set,Beauty,4,22.03,88.12,2024-04-17
ORD-100970,Storage Container Set,Home & Kitchen,2,40.52,81.04,2024-04-26
ORD-100971,Vacuum Cleaner,Home & Kitchen,4,225.11,900.44,2024-07-23
ORD-100972,Dumbbell Set,Sports,7,124.88,874.16,2025-01-01
ORD-100973,Cotton T-Shirt,Clothing,4,18.84,75.36,2025-07-15
ORD-100974,Laptop Sleeve,Electronics,1,38.98,38.98,2024-12-04
ORD-100975,Wireless Earbuds,Electronics,3,119.4,358.2,2024-04-23
ORD-100976,Electric Kettle,Home & Kitchen,4,54.99,219.96,2024-04-02
ORD-100977,Wireless Earbuds,Electronics,5,91.43,457.15,2024-09-19
ORD-100978,Running Jacket,Clothing,7,71.53,500.71,2024-09-27
ORD-100979,Smartphone Case,Electronics,1,30.82,30.82,2024-02-10
ORD-100980,Running Jacket,Clothing,5,88.21,441.05,2025-03-12
ORD-100981,Wireless Earbuds,Electronics,3,109.73,329.19,2024-01-10
ORD-100982,Electric Kettle,Home & Kitchen,1,39.23,39.23,2024-12-02
ORD-100983,Hoodie,Clothing,3,77.56,232.68,2024-10-01
ORD-100984,Bluetooth Speaker,Electronics,5,34.55,172.75,2024-07-06
ORD-100985,Sneakers,Clothing,4,121.84,487.36,2024-10-05
ORD-100986,Lipstick Set,Beauty,5,22.56,112.8,2025-03-07
ORD-100987,Face Serum,Beauty,4,55.44,221.76,2024-05-15
ORD-100988,Smartphone Case,Electronics,5,19.87,99.35,2024-04-16
ORD-100989,Vacuum Cleaner,Home & Kitchen,2,177.65,355.3,2025-11-25
ORD-100990,Storage Container Set,Home & Kitchen,5,13.09,65.45,2025-09-18
ORD-100991,Moisturizer,Beauty,3,44.67,134.01,2025-05-09
ORD-100992,Laptop Sleeve,Electronics,3,21.96,65.88,2025-03-27
ORD-100993,Running Jacket,Clothing,2,97.63,195.26,2024-01-13
ORD-100994,Sunscreen,Beauty,3,14.42,43.26,2025-08-01
ORD-100995,Cycling Helmet,Sports,4,55.49,221.96,2025-06-15
ORD-100996,Face Serum,Beauty,3,49.63,148.89,2025-03-19
ORD-100997,Running Jacket,Clothing,6,113.41,680.46,2025-11-10
ORD-100998,Hoodie,Clothing,4,22.91,91.64,2025-09-19
ORD-100999,Electric Kettle,Home & Kitchen,4,51.43,205.72,2025-06-01
ORD-101000,Dumbbell Set,Sports,2,113.25,226.5,2024-03-17
ORD-101001,Running Jacket,Clothing,3,30.87,92.61,2024-10-11
ORD-101002,Laptop Sleeve,Electronics,5,48.45,242.25,2025-02-16
ORD-101003,Laptop Sleeve,Electronics,2,34.09,68.18,2025-08-09
ORD-101004,Football,Sports,3,16.75,50.25,2024-11-19
ORD-101005,Non-stick Pan,Home & Kitchen,3,38.38,115.14,2024-04-15
ORD-101006,Smartwatch,Electronics,4,274.06,1096.24,2024-01-01
ORD-101007,Sunscreen,Beauty,6,14.86,89.16,2025-10-14
ORD-101008,Electric Kettle,Home & Kitchen,3,50.17,150.51,2025-11-01
ORD-101009,Cycling Helmet,Sports,3,73.52,220.56,2024-02-25
ORD-101010,Cycling Helmet,Sports,5,70.48,352.4,2025-07-27
ORD-101011,Storage Container Set,Home & Kitchen,3,15.87,47.61,2025-04-08
ORD-101012,Moisturizer,Beauty,5,21.34,106.7,2024-01-03
ORD-101013,Hair Dryer,Beauty,4,58.59,234.36,2025-07-14
ORD-101014,Face Serum,Beauty,5,42.64,213.2,2024-06-17
ORD-101015,Lipstick Set,Beauty,6,14.52,87.12,2024-04-19
ORD-101016,Wireless Earbuds,Electronics,3,49.7,149.1,2025-02-06
ORD-101017,Moisturizer,Beauty,4,16.33,65.32,2024-12-12
ORD-101018,Hoodie,Clothing,2,75.49,150.98,2024-05-06
ORD-101019,Hoodie,Clothing,5,27.56,137.8,2025-05-31
ORD-101020,Vacuum Cleaner,Home & Kitchen,3,191.0,573.0,2024-02-19
ORD-101021,Hoodie,Clothing,1,74.02,74.02,2025-05-09
ORD-101022,Moisturizer,Beauty,3,33.3,99.9,2025-12-09
ORD-101023,Moisturizer,Beauty,2,24.53,49.06,2024-04-16
ORD-101024,Storage Container Set,Home & Kitchen,2,41.07,82.14,2025-05-31
ORD-101025,Hoodie,Clothing,2,92.42,184.84,2025-12-10
ORD-101026,Running Jacket,Clothing,4,67.71,270.84,2024-10-28
ORD-101027,Laptop Sleeve,Electronics,4,52.89,211.56,2025-09-08
ORD-101028,Hair Dryer,Beauty,3,81.44,244.32,2025-12-19
ORD-101029,Hoodie,Clothing,6,34.06,204.36,2025-10-09
ORD-101030,Bluetooth Speaker,Electronics,3,68.79,206.37,2025-12-04
ORD-101031,Moisturizer,Beauty,4,31.69,126.76,2025-05-30
ORD-101032,Non-stick Pan,Home & Kitchen,5,50.61,253.05,2024-12-26
ORD-101033,Air Fryer,Home & Kitchen,6,223.09,1338.54,2025-11-21
ORD-101034,Cycling Helmet,Sports,5,80.59,402.95,2025-03-08
ORD-101035,Non-stick Pan,Home & Kitchen,5,20.8,104.0,2025-01-25
ORD-101036,Moisturizer,Beauty,4,35.96,143.84,2024-09-30
ORD-101037,Bluetooth Speaker,Electronics,5,65.46,327.3,2025-11-30
ORD-101038,Cycling Helmet,Sports,5,68.61,343.05,2024-07-27
ORD-101039,Laptop Sleeve,Electronics,2,43.43,86.86,2024-04-14
ORD-101040,Sunscreen,Beauty,1,24.66,24.66,2024-08-17
ORD-101041,Electric Kettle,Home & Kitchen,3,52.42,157.26,2025-06-07
ORD-101042,Hair Dryer,Beauty,6,81.79,490.74,2025-12-10
ORD-101043,Football,Sports,3,39.23,117.69,2025-03-02
ORD-101044,Cycling Helmet,Sports,6,24.21,145.26,2025-07-19
ORD-101045,Moisturizer,Beauty,3,41.62,124.86,2025-09-27
ORD-101046,Football,Sports,4,38.99,155.96,2024-08-18
ORD-101047,Hair Dryer,Beauty,8,52.98,423.84,2025-08-25
ORD-101048,Electric Kettle,Home & Kitchen,1,33.13,33.13,2024-10-28
ORD-101049,Yoga Mat,Sports,4,53.79,215.16,2024-07-10
ORD-101050,Face Serum,Beauty,2,14.71,29.42,2025-01-21
ORD-101051,Running Jacket,Clothing,5,43.13,215.65,2024-05-13
ORD-101052,Yoga Mat,Sports,5,36.88,184.4,2024-12-04
ORD-101053,Yoga Mat,Sports,3,43.63,130.89,2024-06-06
ORD-101054,Vacuum Cleaner,Home & Kitchen,2,154.17,308.34,2025-11-08
ORD-101055,Sunscreen,Beauty,3,11.79,35.37,2025-01-01
ORD-101056,Sunscreen,Beauty,6,23.23,139.38,2024-08-13
ORD-101057,Vacuum Cleaner,Home & Kitchen,2,157.34,314.68,2024-06-12
ORD-101058,Non-stick Pan,Home & Kitchen,4,31.83,127.32,2024-12-23
ORD-101059,Bluetooth Speaker,Electronics,3,71.08,213.24,2024-12-05
ORD-101060,Smartwatch,Electronics,2,184.9,369.8,2025-06-27
ORD-101061,Non-stick Pan,Home & Kitchen,3,46.38,139.14,2024-04-27
ORD-101062,Hoodie,Clothing,2,37.15,74.3,2025-09-28
ORD-101063,Bluetooth Speaker,Electronics,4,81.11,324.44,2025-01-25
ORD-101064,Football,Sports,4,24.96,99.84,2024-09-19
ORD-101065,Hoodie,Clothing,2,56.91,113.82,2025-01-18
ORD-101066,Air Fryer,Home & Kitchen,8,86.85,694.8,2024-02-14
ORD-101067,Storage Container Set,Home & Kitchen,3,12.74,38.22,2025-06-10
ORD-101068,Smartwatch,Electronics,2,104.74,209.48,2025-06-30
ORD-101069,Smartphone Case,Electronics,4,29.2,116.8,2025-12-02
ORD-101070,Smartwatch,Electronics,4,399.85,1599.4,2025-12-20
ORD-101071,Lipstick Set,Beauty,2,26.62,53.24,2025-10-24
ORD-101072,Smartphone Case,Electronics,3,23.68,71.04,2024-01-25
ORD-101073,Cotton T-Shirt,Clothing,6,9.2,55.2,2024-03-16
ORD-101074,Sunscreen,Beauty,2,20.19,40.38,2024-03-13
ORD-101075,Bluetooth Speaker,Electronics,3,51.27,153.81,2025-02-21
ORD-101076,Air Fryer,Home & Kitchen,4,66.81,267.24,2024-11-19
ORD-101077,Sunscreen,Beauty,2,20.82,41.64,2024-01-07
ORD-101078,Vacuum Cleaner,Home & Kitchen,3,212.18,636.54,2024-02-16
ORD-101079,Smartwatch,Electronics,3,137.98,413.94,2024-04-18
ORD-101080,Sunscreen,Beauty,1,15.67,15.67,2024-03-29
ORD-101081,Football,Sports,3,34.12,102.36,2025-02-08
ORD-101082,Smartphone Case,Electronics,4,16.93,67.72,2025-06-30
ORD-101083,Sunscreen,Beauty,4,28.04,112.16,2024-10-29
ORD-101084,Bluetooth Speaker,Electronics,6,60.29,361.74,2024-01-12
ORD-101085,Non-stick Pan,Home & Kitchen,4,14.58,58.32,2024-02-12
ORD-101086,Vacuum Cleaner,Home & Kitchen,7,291.57,2040.99,2025-07-14
ORD-101087,Running Jacket,Clothing,5,59.58,297.9,2024-08-04
ORD-101088,Vacuum Cleaner,Home & Kitchen,1,98.87,98.87,2024-05-25
ORD-101089,Bluetooth Speaker,Electronics,2,30.41,60.82,2024-07-17
ORD-101090,Sunscreen,Beauty,2,28.48,56.96,2024-02-25
ORD-101091,Fitness Tracker,Sports,3,123.54,370.62,2025-04-17
ORD-101092,Wireless Earbuds,Electronics,4,42.49,169.96,2024-09-13
ORD-101093,Lipstick Set,Beauty,5,21.67,108.35,2024-12-04
ORD-101094,Moisturizer,Beauty,6,20.52,123.12,2024-04-12
ORD-101095,Smartphone Case,Electronics,2,31.24,62.48,2024-11-21
ORD-101096,Running Jacket,Clothing,3,87.0,261.0,2025-12-11
ORD-101097,Storage Container Set,Home & Kitchen,5,61.01,305.05,2024-11-19
ORD-101098,Bluetooth Speaker,Electronics,4,73.76,295.04,2024-09-09
ORD-101099,Lipstick Set,Beauty,2,32.39,64.78,2024-10-10
ORD-101100,Bluetooth Speaker,Electronics,4,53.22,212.88,2025-05-06
ORD-101101,Running Jacket,Clothing,5,69.12,345.6,2025-05-13
ORD-101102,Smartwatch,Electronics,5,254.81,1274.05,2024-03-24
ORD-101103,Dumbbell Set,Sports,2,49.56,99.12,2025-07-05
ORD-101104,Face Serum,Beauty,1,63.31,63.31,2024-03-18
ORD-101105,Yoga Mat,Sports,3,31.36,94.08,2025-08-18
ORD-101106,Moisturizer,Beauty,2,31.92,63.84,2024-02-07
ORD-101107,Vacuum Cleaner,Home & Kitchen,4,197.83,791.32,2025-04-28
ORD-101108,Laptop Sleeve,Electronics,8,56.39,451.12,2024-08-16
ORD-101109,Storage Container Set,Home & Kitchen,3,25.25,75.75,2024-05-17
ORD-101110,Air Fryer,Home & Kitchen,2,118.36,236.72,2025-01-07
ORD-101111,Vacuum Cleaner,Home & Kitchen,2,125.14,250.28,2025-12-01
ORD-101112,Air Fryer,Home & Kitchen,3,81.53,244.59,2024-06-12
ORD-101113,Dumbbell Set,Sports,6,136.96,821.76,2025-05-10
ORD-101114,Laptop Sleeve,Electronics,3,20.18,60.54,2024-08-25
ORD-101115,Cotton T-Shirt,Clothing,4,14.07,56.28,2025-11-15
ORD-101116,Cycling Helmet,Sports,5,49.45,247.25,2025-02-01
ORD-101117,Cotton T-Shirt,Clothing,4,26.71,106.84,2024-02-10
ORD-101118,Hoodie,Clothing,6,66.14,396.84,2025-10-10
ORD-101119,Cycling Helmet,Sports,6,49.97,299.82,2025-08-15
ORD-101120,Laptop Sleeve,Electronics,3,37.55,112.65,2025-01-09
ORD-101121,Yoga Mat,Sports,1,23.34,23.34,2025-06-13
ORD-101122,Dumbbell Set,Sports,6,78.54,471.24,2025-06-12
ORD-101123,Hair Dryer,Beauty,5,79.25,396.25,2025-05-13
ORD-101124,Yoga Mat,Sports,4,46.15,184.6,2025-05-28
ORD-101125,Denim Jeans,Clothing,5,37.04,185.2,2024-03-19
ORD-101126,Denim Jeans,Clothing,4,28.14,112.56,2024-07-10
ORD-101127,Non-stick Pan,Home & Kitchen,3,32.7,98.1,2025-11-07
ORD-101128,Face Serum,Beauty,2,50.15,100.3,2025-05-08
ORD-101129,Vacuum Cleaner,Home & Kitchen,5,177.43,887.15,2024-06-14
ORD-101130,Denim Jeans,Clothing,2,24.31,48.62,2024-02-14
ORD-101131,Electric Kettle,Home & Kitchen,5,37.45,187.25,2025-10-06
ORD-101132,Dumbbell Set,Sports,4,42.38,169.52,2024-02-27
ORD-101133,Fitness Tracker,Sports,3,99.45,298.35,2025-02-19
ORD-101134,Non-stick Pan,Home & Kitchen,2,69.64,139.28,2025-11-08
ORD-101135,Dumbbell Set,Sports,3,91.69,275.07,2025-04-04
ORD-101136,Air Fryer,Home & Kitchen,5,88.3,441.5,2024-06-23
ORD-101137,Denim Jeans,Clothing,6,51.1,306.6,2025-08-19
ORD-101138,Smartwatch,Electronics,3,107.18,321.54,2024-09-27
ORD-101139,Lipstick Set,Beauty,5,22.41,112.05,2025-09-02
ORD-101140,Laptop Sleeve,Electronics,5,24.27,121.35,2024-05-15
ORD-101141,Smartwatch,Electronics,4,268.13,1072.52,2025-12-01
ORD-101142,Wireless Earbuds,Electronics,3,86.85,260.55,2024-06-30
ORD-101143,Non-stick Pan,Home & Kitchen,4,43.96,175.84,2025-06-28
ORD-101144,Laptop Sleeve,Electronics,3,33.37,100.11,2025-11-06
ORD-101145,Non-stick Pan,Home & Kitchen,3,55.03,165.09,2025-11-25
ORD-101146,Storage Container Set,Home & Kitchen,5,36.61,183.05,2024-02-14
ORD-101147,Sneakers,Clothing,3,79.96,239.88,2025-01-25
ORD-101148,Sunscreen,Beauty,6,16.28,97.68,2024-04-10
ORD-101149,Denim Jeans,Clothing,3,31.82,95.46,2024-03-26
ORD-101150,Football,Sports,3,13.07,39.21,2024-09-20
ORD-101151,Face Serum,Beauty,2,48.35,96.7,2025-08-14
ORD-101152,Air Fryer,Home & Kitchen,4,99.04,396.16,2025-11-01
ORD-101153,Lipstick Set,Beauty,4,10.57,42.28,2025-01-05
ORD-101154,Hoodie,Clothing,3,36.03,108.09,2024-09-16
ORD-101155,Vacuum Cleaner,Home & Kitchen,4,198.6,794.4,2025-01-09
ORD-101156,Football,Sports,3,26.02,78.06,2024-07-27
ORD-101157,Lipstick Set,Beauty,4,20.72,82.88,2024-07-02
ORD-101158,Storage Container Set,Home & Kitchen,4,39.41,157.64,2024-11-10
ORD-101159,Lipstick Set,Beauty,1,35.56,35.56,2024-05-21
ORD-101160,Electric Kettle,Home & Kitchen,5,43.49,217.45,2025-04-02
ORD-101161,Yoga Mat,Sports,5,25.84,129.2,2024-08-07
ORD-101162,Sunscreen,Beauty,4,24.0,96.0,2025-09-20
ORD-101163,Moisturizer,Beauty,3,50.49,151.47,2025-02-02
ORD-101164,Wireless Earbuds,Electronics,3,80.36,241.08,2024-05-28
ORD-101165,Non-stick Pan,Home & Kitchen,4,28.68,114.72,2024-03-06
ORD-101166,Hoodie,Clothing,4,69.12,276.48,2024-02-08
ORD-101167,Football,Sports,2,26.4,52.8,2025-09-20
ORD-101168,Hoodie,Clothing,4,80.37,321.48,2024-02-28
ORD-101169,Lipstick Set,Beauty,3,8.97,26.91,2025-03-25
ORD-101170,Fitness Tracker,Sports,4,59.77,239.08,2024-10-19
ORD-101171,Sunscreen,Beauty,1,24.55,24.55,2025-06-12
ORD-101172,Non-stick Pan,Home & Kitchen,1,29.36,29.36,2025-01-03
ORD-101173,Smartphone Case,Electronics,3,35.63,106.89,2024-03-29
ORD-101174,Hair Dryer,Beauty,2,63.72,127.44,2025-11-16
ORD-101175,Vacuum Cleaner,Home & Kitchen,4,230.58,922.32,2024-01-16
ORD-101176,Wireless Earbuds,Electronics,2,65.63,131.26,2025-07-16
ORD-101177,Sunscreen,Beauty,5,17.96,89.8,2024-12-22
ORD-101178,Moisturizer,Beauty,7,45.66,319.62,2025-09-12
ORD-101179,Sneakers,Clothing,3,36.61,109.83,2025-08-11
ORD-101180,Smartwatch,Electronics,2,179.74,359.48,2024-04-19
ORD-101181,Storage Container Set,Home & Kitchen,3,39.27,117.81,2024-04-29
ORD-101182,Fitness Tracker,Sports,4,62.54,250.16,2025-08-11
ORD-101183,Sneakers,Clothing,4,103.16,412.64,2025-07-30
ORD-101184,Running Jacket,Clothing,3,79.76,239.28,2025-04-14
ORD-101185,Yoga Mat,Sports,4,18.89,75.56,2025-05-08
ORD-101186,Smartphone Case,Electronics,3,39.95,119.85,2025-11-24
ORD-101187,Lipstick Set,Beauty,3,26.42,79.26,2024-12-27
ORD-101188,Bluetooth Speaker,Electronics,5,44.14,220.7,2024-09-11
ORD-101189,Running Jacket,Clothing,2,76.34,152.68,2024-03-18
ORD-101190,Bluetooth Speaker,Electronics,2,60.97,121.94,2024-12-28
ORD-101191,Electric Kettle,Home & Kitchen,2,65.43,130.86,2025-11-30
ORD-101192,Smartphone Case,Electronics,3,27.42,82.26,2024-08-28
ORD-101193,Dumbbell Set,Sports,6,51.95,311.7,2024-08-22
ORD-101194,Hoodie,Clothing,1,45.55,45.55,2024-12-30
ORD-101195,Wireless Earbuds,Electronics,5,163.79,818.95,2025-11-23
ORD-101196,Non-stick Pan,Home & Kitchen,7,68.54,479.78,2025-07-08
ORD-101197,Cycling Helmet,Sports,4,39.37,157.48,2025-09-27
ORD-101198,Fitness Tracker,Sports,5,96.24,481.2,2024-10-08
ORD-101199,Fitness Tracker,Sports,2,85.07,170.14,2024-10-13
ORD-101200,Moisturizer,Beauty,5,33.16,165.8,2024-02-25
ORD-101201,Hoodie,Clothing,3,48.3,144.9,2024-02-03
ORD-101202,Denim Jeans,Clothing,4,62.33,249.32,2025-04-13
ORD-101203,Lipstick Set,Beauty,3,31.17,93.51,2024-11-19
ORD-101204,Smartphone Case,Electronics,6,23.66,141.96,2025-01-23
ORD-101205,Hoodie,Clothing,2,31.78,63.56,2024-09-22
ORD-101206,Running Jacket,Clothing,3,97.89,293.67,2025-04-27
ORD-101207,Denim Jeans,Clothing,4,41.67,166.68,2025-05-25
ORD-101208,Running Jacket,Clothing,1,110.57,110.57,2025-01-08
ORD-101209,Denim Jeans,Clothing,6,25.49,152.94,2025-08-08
ORD-101210,Electric Kettle,Home & Kitchen,3,46.38,139.14,2024-04-12
ORD-101211,Sunscreen,Beauty,7,21.43,150.01,2025-03-18
ORD-101212,Smartphone Case,Electronics,4,28.59,114.36,2025-04-29
ORD-101213,Laptop Sleeve,Electronics,4,57.01,228.04,2024-05-17
ORD-101214,Fitness Tracker,Sports,6,122.62,735.72,2025-06-30
ORD-101215,Hair Dryer,Beauty,2,72.05,144.1,2024-09-13
ORD-101216,Air Fryer,Home & Kitchen,5,157.41,787.05,2024-04-11
ORD-101217,Bluetooth Speaker,Electronics,2,86.56,173.12,2025-05-02
ORD-101218,Bluetooth Speaker,Electronics,4,49.77,199.08,2024-09-23
ORD-101219,Storage Container Set,Home & Kitchen,3,16.34,49.02,2024-12-18
ORD-101220,Smartwatch,Electronics,5,227.85,1139.25,2024-07-22
ORD-101221,Vacuum Cleaner,Home & Kitchen,6,279.06,1674.36,2024-06-27
ORD-101222,Running Jacket,Clothing,4,86.7,346.8,2025-11-20
ORD-101223,Lipstick Set,Beauty,3,19.09,57.27,2024-03-21
ORD-101224,Denim Jeans,Clothing,2,46.13,92.26,2024-06-20
ORD-101225,Football,Sports,3,32.55,97.65,2025-10-08
ORD-101226,Cotton T-Shirt,Clothing,5,9.82,49.1,2024-03-22
ORD-101227,Bluetooth Speaker,Electronics,2,46.88,93.76,2025-10-30
ORD-101228,Sneakers,Clothing,4,136.57,546.28,2024-10-04
ORD-101229,Hair Dryer,Beauty,4,62.1,248.4,2025-08-24
ORD-101230,Denim Jeans,Clothing,4,62.18,248.72,2024-07-07
ORD-101231,Smartphone Case,Electronics,2,24.96,49.92,2025-11-08
ORD-101232,Face Serum,Beauty,3,21.56,64.68,2024-08-03
ORD-101233,Wireless Earbuds,Electronics,2,83.01,166.02,2025-04-29
ORD-101234,Laptop Sleeve,Electronics,4,56.07,224.28,2025-06-20
ORD-101235,Bluetooth Speaker,Electronics,1,38.22,38.22,2025-09-24
ORD-101236,Air Fryer,Home & Kitchen,3,113.08,339.24,2024-11-12
ORD-101237,Lipstick Set,Beauty,5,11.87,59.35,2025-10-03
ORD-101238,Electric Kettle,Home & Kitchen,3,18.48,55.44,2024-01-30
ORD-101239,Running Jacket,Clothing,5,70.17,350.85,2025-05-02
ORD-101240,Cycling Helmet,Sports,3,54.24,162.72,2025-07-15
ORD-101241,Fitness Tracker,Sports,3,116.26,348.78,2024-06-30
ORD-101242,Hoodie,Clothing,4,55.11,220.44,2025-03-21
ORD-101243,Storage Container Set,Home & Kitchen,3,38.79,116.37,2024-12-21
ORD-101244,Wireless Earbuds,Electronics,4,57.78,231.12,2025-03-28
ORD-101245,Denim Jeans,Clothing,6,24.97,149.82,2024-11-06
ORD-101246,Electric Kettle,Home & Kitchen,3,39.79,119.37,2024-12-18
ORD-101247,Air Fryer,Home & Kitchen,2,108.42,216.84,2025-05-03
ORD-101248,Hair Dryer,Beauty,3,36.72,110.16,2025-09-03
ORD-101249,Bluetooth Speaker,Electronics,4,54.31,217.24,2024-07-12
ORD-101250,Air Fryer,Home & Kitchen,4,67.87,271.48,2024-09-12
ORD-101251,Lipstick Set,Beauty,4,14.61,58.44,2025-01-22
ORD-101252,Smartphone Case,Electronics,3,32.54,97.62,2025-06-13
ORD-101253,Cycling Helmet,Sports,3,57.83,173.49,2024-10-18
ORD-101254,Storage Container Set,Home & Kitchen,7,14.03,98.21,2025-02-26
ORD-101255,Smartphone Case,Electronics,5,12.03,60.15,2024-10-23
ORD-101256,Sneakers,Clothing,3,108.04,324.12,2024-10-05
ORD-101257,Storage Container Set,Home & Kitchen,2,18.75,37.5,2024-01-20
ORD-101258,Yoga Mat,Sports,3,52.31,156.93,2024-07-09
ORD-101259,Denim Jeans,Clothing,2,44.74,89.48,2025-03-24
ORD-101260,Smartphone Case,Electronics,4,23.13,92.52,2024-01-16
ORD-101261,Running Jacket,Clothing,3,109.4,328.2,2025-05-25
ORD-101262,Cotton T-Shirt,Clothing,3,13.8,41.4,2024-12-04
ORD-101263,Moisturizer,Beauty,3,19.89,59.67,2024-02-27
ORD-101264,Hoodie,Clothing,2,32.61,65.22,2025-04-26
ORD-101265,Cycling Helmet,Sports,4,83.19,332.76,2025-01-25
ORD-101266,Smartphone Case,Electronics,3,27.55,82.65,2025-01-29
ORD-101267,Cotton T-Shirt,Clothing,4,17.08,68.32,2024-07-22
ORD-101268,Sunscreen,Beauty,5,32.85,164.25,2025-11-12
ORD-101269,Storage Container Set,Home & Kitchen,2,22.28,44.56,2024-11-26
ORD-101270,Sunscreen,Beauty,6,11.51,69.06,2025-06-17
ORD-101271,Storage Container Set,Home & Kitchen,3,23.19,69.57,2024-07-22
ORD-101272,Smartphone Case,Electronics,1,15.68,15.68,2024-04-25
ORD-101273,Cotton T-Shirt,Clothing,6,21.79,130.74,2024-06-20
ORD-101274,Air Fryer,Home & Kitchen,4,59.74,238.96,2024-09-05
ORD-101275,Laptop Sleeve,Electronics,4,60.11,240.44,2025-12-05
ORD-101276,Cotton T-Shirt,Clothing,1,11.33,11.33,2024-09-11
ORD-101277,Smartwatch,Electronics,3,404.11,1212.33,2024-12-12
ORD-101278,Yoga Mat,Sports,3,25.37,76.11,2024-03-02
ORD-101279,Smartwatch,Electronics,3,100.47,301.41,2024-04-19
ORD-101280,Smartwatch,Electronics,2,225.03,450.06,2025-10-22
ORD-101281,Lipstick Set,Beauty,5,9.36,46.8,2024-07-16
ORD-101282,Denim Jeans,Clothing,2,50.7,101.4,2024-09-13
ORD-101283,Air Fryer,Home & Kitchen,3,104.82,314.46,2025-07-26
ORD-101284,Moisturizer,Beauty,4,17.05,68.2,2025-08-03
ORD-101285,Sneakers,Clothing,5,119.05,595.25,2024-10-08
ORD-101286,Vacuum Cleaner,Home & Kitchen,3,91.0,273.0,2024-06-13
ORD-101287,Bluetooth Speaker,Electronics,4,58.42,233.68,2024-09-26
ORD-101288,Hoodie,Clothing,4,72.97,291.88,2025-01-23
ORD-101289,Fitness Tracker,Sports,2,137.35,274.7,2025-01-07
ORD-101290,Wireless Earbuds,Electronics,4,150.4,601.6,2025-11-05
ORD-101291,Moisturizer,Beauty,4,32.91,131.64,2025-06-20
ORD-101292,Moisturizer,Beauty,2,18.66,37.32,2025-09-19
ORD-101293,Running Jacket,Clothing,7,38.5,269.5,2024-04-23
ORD-101294,Non-stick Pan,Home & Kitchen,8,26.72,213.76,2024-05-12
ORD-101295,Wireless Earbuds,Electronics,4,52.38,209.52,2025-05-12
ORD-101296,Laptop Sleeve,Electronics,2,49.83,99.66,2025-11-04
ORD-101297,Vacuum Cleaner,Home & Kitchen,2,78.53,157.06,2024-09-19
ORD-101298,Wireless Earbuds,Electronics,6,114.09,684.54,2024-01-14
ORD-101299,Laptop Sleeve,Electronics,3,40.9,122.7,2024-03-22
ORD-101300,Storage Container Set,Home & Kitchen,4,45.55,182.2,2025-07-25
ORD-101301,Cycling Helmet,Sports,3,28.97,86.91,2025-12-26
ORD-101302,Vacuum Cleaner,Home & Kitchen,5,196.07,980.35,2024-02-11
ORD-101303,Yoga Mat,Sports,6,50.78,304.68,2024-08-09
ORD-101304,Smartphone Case,Electronics,6,21.53,129.18,2025-06-28
ORD-101305,Smartphone Case,Electronics,4,24.89,99.56,2025-08-06
ORD-101306,Smartwatch,Electronics,4,238.88,955.52,2025-03-01
ORD-101307,Sunscreen,Beauty,5,18.39,91.95,2025-01-01
ORD-101308,Lipstick Set,Beauty,5,12.58,62.9,2024-04-16
ORD-101309,Laptop Sleeve,Electronics,4,31.42,125.68,2025-05-31
ORD-101310,Smartwatch,Electronics,4,273.22,1092.88,2025-03-29
ORD-101311,Fitness Tracker,Sports,4,191.88,767.52,2024-11-28
ORD-101312,Sneakers,Clothing,3,126.83,380.49,2024-11-27
ORD-101313,Electric Kettle,Home & Kitchen,4,42.2,168.8,2025-01-19
ORD-101314,Cycling Helmet,Sports,5,87.15,435.75,2025-01-03
ORD-101315,Sneakers,Clothing,8,119.23,953.84,2024-01-01
ORD-101316,Fitness Tracker,Sports,3,124.08,372.24,2024-01-17
ORD-101317,Cycling Helmet,Sports,2,38.31,76.62,2024-01-07
ORD-101318,Bluetooth Speaker,Electronics,7,76.37,534.59,2024-01-23
ORD-101319,Cycling Helmet,Sports,2,60.0,120.0,2025-07-20
ORD-101320,Vacuum Cleaner,Home & Kitchen,3,105.74,317.22,2024-06-07
ORD-101321,Denim Jeans,Clothing,3,31.42,94.26,2024-05-21
ORD-101322,Dumbbell Set,Sports,5,46.56,232.8,2024-08-26
ORD-101323,Hoodie,Clothing,5,57.76,288.8,2025-02-13
ORD-101324,Wireless Earbuds,Electronics,2,142.09,284.18,2024-11-28
ORD-101325,Smartwatch,Electronics,4,213.62,854.48,2024-04-07
ORD-101326,Hoodie,Clothing,4,24.99,99.96,2025-01-25
ORD-101327,Bluetooth Speaker,Electronics,6,106.49,638.94,2024-12-22
ORD-101328,Cotton T-Shirt,Clothing,3,21.59,64.77,2024-08-20
ORD-101329,Yoga Mat,Sports,7,37.02,259.14,2025-10-11
ORD-101330,Running Jacket,Clothing,2,31.59,63.18,2025-06-20
ORD-101331,Electric Kettle,Home & Kitchen,1,47.56,47.56,2024-11-30
ORD-101332,Wireless Earbuds,Electronics,2,147.24,294.48,2025-11-20
ORD-101333,Sneakers,Clothing,3,110.93,332.79,2025-09-01
ORD-101334,Laptop Sleeve,Electronics,5,46.06,230.3,2024-10-23
ORD-101335,Bluetooth Speaker,Electronics,1,62.6,62.6,2024-03-25
ORD-101336,Sunscreen,Beauty,3,14.03,42.09,2025-02-12
ORD-101337,Sneakers,Clothing,10,65.55,655.5,2025-12-15
ORD-101338,Smartwatch,Electronics,2,190.67,381.34,2024-07-21
ORD-101339,Electric Kettle,Home & Kitchen,2,51.89,103.78,2025-07-28
ORD-101340,Moisturizer,Beauty,4,13.97,55.88,2024-09-05
ORD-101341,Hair Dryer,Beauty,3,104.46,313.38,2025-12-02
ORD-101342,Laptop Sleeve,Electronics,3,32.74,98.22,2025-03-09
ORD-101343,Bluetooth Speaker,Electronics,3,67.27,201.81,2025-08-31
ORD-101344,Moisturizer,Beauty,2,40.1,80.2,2024-12-24
ORD-101345,Football,Sports,4,15.05,60.2,2025-09-30
ORD-101346,Smartphone Case,Electronics,5,30.29,151.45,2024-07-23
ORD-101347,Wireless Earbuds,Electronics,3,102.86,308.58,2024-04-25
ORD-101348,Hoodie,Clothing,3,82.28,246.84,2024-05-31
ORD-101349,Face Serum,Beauty,4,61.92,247.68,2024-12-17
ORD-101350,Laptop Sleeve,Electronics,2,19.95,39.9,2025-04-27
ORD-101351,Smartwatch,Electronics,3,131.66,394.98,2024-08-04
ORD-101352,Storage Container Set,Home & Kitchen,5,30.47,152.35,2025-07-15
ORD-101353,Moisturizer,Beauty,2,50.62,101.24,2025-12-12
ORD-101354,Smartwatch,Electronics,4,284.94,1139.76,2025-11-10
ORD-101355,Cotton T-Shirt,Clothing,2,12.19,24.38,2024-10-17
ORD-101356,Hair Dryer,Beauty,4,59.43,237.72,2024-02-24
ORD-101357,Yoga Mat,Sports,2,33.79,67.58,2025-02-01
ORD-101358,Storage Container Set,Home & Kitchen,4,12.52,50.08,2024-04-20
ORD-101359,Football,Sports,2,39.44,78.88,2024-08-24
ORD-101360,Non-stick Pan,Home & Kitchen,2,49.51,99.02,2024-11-19
ORD-101361,Non-stick Pan,Home & Kitchen,6,27.63,165.78,2024-07-09
ORD-101362,Fitness Tracker,Sports,4,41.57,166.28,2025-12-30
ORD-101363,Hoodie,Clothing,3,50.31,150.93,2024-11-08
ORD-101364,Denim Jeans,Clothing,4,36.91,147.64,2024-01-19
ORD-101365,Running Jacket,Clothing,4,108.49,433.96,2024-08-29
ORD-101366,Cycling Helmet,Sports,3,60.38,181.14,2024-03-04
ORD-101367,Yoga Mat,Sports,5,47.99,239.95,2025-07-22
ORD-101368,Bluetooth Speaker,Electronics,1,69.08,69.08,2025-02-06
ORD-101369,Laptop Sleeve,Electronics,2,60.78,121.56,2025-06-17
ORD-101370,Electric Kettle,Home & Kitchen,3,26.13,78.39,2025-03-03
ORD-101371,Bluetooth Speaker,Electronics,4,38.13,152.52,2025-09-11
ORD-101372,Electric Kettle,Home & Kitchen,5,23.63,118.15,2025-10-30
ORD-101373,Electric Kettle,Home & Kitchen,5,33.69,168.45,2024-05-21
ORD-101374,Sunscreen,Beauty,6,19.68,118.08,2024-05-18
ORD-101375,Dumbbell Set,Sports,4,159.18,636.72,2025-11-02
ORD-101376,Cycling Helmet,Sports,3,53.53,160.59,2024-03-10
ORD-101377,Yoga Mat,Sports,3,23.3,69.9,2024-07-07
ORD-101378,Yoga Mat,Sports,4,57.23,228.92,2024-11-22
ORD-101379,Sneakers,Clothing,4,101.46,405.84,2024-11-06
ORD-101380,Cycling Helmet,Sports,2,72.61,145.22,2024-06-04
ORD-101381,Smartphone Case,Electronics,1,30.55,30.55,2024-01-27
ORD-101382,Storage Container Set,Home & Kitchen,3,31.49,94.47,2025-09-12
ORD-101383,Smartphone Case,Electronics,4,24.12,96.48,2024-08-24
ORD-101384,Sneakers,Clothing,3,78.71,236.13,2024-05-17
ORD-101385,Storage Container Set,Home & Kitchen,2,39.5,79.0,2024-07-07
ORD-101386,Electric Kettle,Home & Kitchen,5,28.73,143.65,2024-06-16
ORD-101387,Wireless Earbuds,Electronics,4,125.69,502.76,2024-10-03
ORD-101388,Smartphone Case,Electronics,4,14.36,57.44,2024-07-28
ORD-101389,Football,Sports,3,25.67,77.01,2025-09-23
ORD-101390,Sneakers,Clothing,5,71.5,357.5,2024-09-09
ORD-101391,Sunscreen,Beauty,3,22.13,66.39,2025-01-24
ORD-101392,Hoodie,Clothing,4,53.21,212.84,2025-08-31
ORD-101393,Non-stick Pan,Home & Kitchen,6,21.7,130.2,2025-06-17
ORD-101394,Cotton T-Shirt,Clothing,4,18.09,72.36,2024-09-08
ORD-101395,Cotton T-Shirt,Clothing,4,15.98,63.92,2025-07-25
ORD-101396,Face Serum,Beauty,4,30.02,120.08,2024-07-13
ORD-101397,Running Jacket,Clothing,1,65.71,65.71,2024-10-19
ORD-101398,Hoodie,Clothing,5,61.93,309.65,2024-02-25
ORD-101399,Football,Sports,2,22.73,45.46,2025-10-23
ORD-101400,Face Serum,Beauty,6,57.19,343.14,2024-07-03
ORD-101401,Fitness Tracker,Sports,4,89.37,357.48,2024-05-18
ORD-101402,Cotton T-Shirt,Clothing,2,16.64,33.28,2024-07-02
ORD-101403,Dumbbell Set,Sports,7,32.01,224.07,2025-04-10
ORD-101404,Denim Jeans,Clothing,4,23.07,92.28,2024-05-06
ORD-101405,Hair Dryer,Beauty,4,51.16,204.64,2024-03-28
ORD-101406,Hoodie,Clothing,2,80.48,160.96,2025-09-18
ORD-101407,Sneakers,Clothing,5,113.01,565.05,2024-02-14
ORD-101408,Fitness Tracker,Sports,4,160.11,640.44,2025-11-06
ORD-101409,Smartphone Case,Electronics,5,31.42,157.1,2024-07-02
ORD-101410,Bluetooth Speaker,Electronics,6,107.65,645.9,2024-11-12
ORD-101411,Cycling Helmet,Sports,3,27.84,83.52,2025-10-03
ORD-101412,Dumbbell Set,Sports,4,116.3,465.2,2024-01-04
ORD-101413,Sneakers,Clothing,4,111.6,446.4,2025-05-24
ORD-101414,Non-stick Pan,Home & Kitchen,2,53.63,107.26,2025-09-14
ORD-101415,Smartwatch,Electronics,2,217.1,434.2,2025-11-06
ORD-101416,Cotton T-Shirt,Clothing,5,19.59,97.95,2025-09-07
ORD-101417,Hoodie,Clothing,4,54.74,218.96,2024-10-11
ORD-101418,Electric Kettle,Home & Kitchen,3,21.55,64.65,2024-02-20
ORD-101419,Bluetooth Speaker,Electronics,2,35.2,70.4,2024-02-07
ORD-101420,Smartwatch,Electronics,4,130.98,523.92,2025-09-09
ORD-101421,Yoga Mat,Sports,3,32.19,96.57,2024-04-21
ORD-101422,Bluetooth Speaker,Electronics,3,64.59,193.77,2025-09-17
ORD-101423,Sunscreen,Beauty,5,13.96,69.8,2025-07-29
ORD-101424,Hoodie,Clothing,2,67.77,135.54,2025-01-03
ORD-101425,Bluetooth Speaker,Electronics,7,73.3,513.1,2024-11-26
ORD-101426,Cotton T-Shirt,Clothing,3,20.28,60.84,2025-03-13
ORD-101427,Laptop Sleeve,Electronics,1,24.41,24.41,2024-05-17
ORD-101428,Cycling Helmet,Sports,5,46.97,234.85,2025-06-23
ORD-101429,Smartphone Case,Electronics,2,10.69,21.38,2025-09-18
ORD-101430,Vacuum Cleaner,Home & Kitchen,5,165.52,827.6,2024-03-30
ORD-101431,Hair Dryer,Beauty,2,59.2,118.4,2025-03-13
ORD-101432,Hoodie,Clothing,5,83.77,418.85,2025-08-11
ORD-101433,Denim Jeans,Clothing,3,39.94,119.82,2025-09-21
ORD-101434,Air Fryer,Home & Kitchen,4,174.71,698.84,2025-05-19
ORD-101435,Dumbbell Set,Sports,2,72.5,145.0,2025-12-26
ORD-101436,Wireless Earbuds,Electronics,3,76.67,230.01,2024-01-25
ORD-101437,Moisturizer,Beauty,1,44.04,44.04,2025-09-22
ORD-101438,Running Jacket,Clothing,4,96.89,387.56,2024-12-24
ORD-101439,Non-stick Pan,Home & Kitchen,6,26.99,161.94,2025-10-17
ORD-101440,Cotton T-Shirt,Clothing,4,15.53,62.12,2024-11-11
ORD-101441,Non-stick Pan,Home & Kitchen,3,52.82,158.46,2024-04-26
ORD-101442,Hoodie,Clothing,2,89.46,178.92,2025-09-22
ORD-101443,Dumbbell Set,Sports,5,124.3,621.5,2024-12-04
ORD-101444,Football,Sports,5,34.69,173.45,2025-04-30
ORD-101445,Air Fryer,Home & Kitchen,2,136.46,272.92,2024-06-08
ORD-101446,Fitness Tracker,Sports,1,108.2,108.2,2024-12-09
ORD-101447,Face Serum,Beauty,6,31.4,188.4,2025-06-17
ORD-101448,Hair Dryer,Beauty,1,67.02,67.02,2025-07-22
ORD-101449,Bluetooth Speaker,Electronics,4,40.4,161.6,2024-12-28
ORD-101450,Wireless Earbuds,Electronics,1,159.63,159.63,2024-12-13
ORD-101451,Electric Kettle,Home & Kitchen,3,41.62,124.86,2025-08-07
ORD-101452,Wireless Earbuds,Electronics,4,132.75,531.0,2024-11-11
ORD-101453,Cotton T-Shirt,Clothing,8,14.36,114.88,2024-10-05
ORD-101454,Electric Kettle,Home & Kitchen,3,31.73,95.19,2025-01-15
ORD-101455,Dumbbell Set,Sports,5,68.85,344.25,2025-06-21
ORD-101456,Wireless Earbuds,Electronics,5,113.36,566.8,2024-07-25
ORD-101457,Cotton T-Shirt,Clothing,4,24.05,96.2,2025-05-09
ORD-101458,Bluetooth Speaker,Electronics,4,72.46,289.84,2025-05-10
ORD-101459,Storage Container Set,Home & Kitchen,2,39.42,78.84,2024-05-26
ORD-101460,Smartwatch,Electronics,7,383.26,2682.82,2025-11-23
ORD-101461,Wireless Earbuds,Electronics,2,69.55,139.1,2025-04-15
ORD-101462,Yoga Mat,Sports,3,24.4,73.2,2024-01-05
ORD-101463,Smartwatch,Electronics,2,132.32,264.64,2024-03-30
ORD-101464,Yoga Mat,Sports,3,47.02,141.06,2025-06-17
ORD-101465,Face Serum,Beauty,5,63.97,319.85,2025-08-14
ORD-101466,Electric Kettle,Home & Kitchen,2,35.24,70.48,2024-11-24
ORD-101467,Hoodie,Clothing,2,95.53,191.06,2024-11-22
ORD-101468,Hair Dryer,Beauty,3,33.54,100.62,2024-06-01
ORD-101469,Smartwatch,Electronics,3,190.14,570.42,2025-07-27
ORD-101470,Bluetooth Speaker,Electronics,3,44.37,133.11,2025-07-16
ORD-101471,Bluetooth Speaker,Electronics,1,42.88,42.88,2025-08-10
ORD-101472,Smartwatch,Electronics,1,282.96,282.96,2024-12-12
ORD-101473,Wireless Earbuds,Electronics,5,109.23,546.15,2025-04-27
ORD-101474,Laptop Sleeve,Electronics,4,22.62,90.48,2024-02-25
ORD-101475,Hoodie,Clothing,3,69.28,207.84,2025-08-29
ORD-101476,Lipstick Set,Beauty,4,16.45,65.8,2025-09-23
ORD-101477,Denim Jeans,Clothing,5,61.86,309.3,2025-12-31
ORD-101478,Face Serum,Beauty,6,42.6,255.6,2025-04-21
ORD-101479,Laptop Sleeve,Electronics,5,39.38,196.9,2024-04-09
ORD-101480,Lipstick Set,Beauty,3,15.04,45.12,2025-04-26
ORD-101481,Smartwatch,Electronics,4,253.13,1012.52,2024-09-21
ORD-101482,Running Jacket,Clothing,6,80.1,480.6,2024-11-28
ORD-101483,Laptop Sleeve,Electronics,2,35.35,70.7,2024-04-25
ORD-101484,Denim Jeans,Clothing,5,51.6,258.0,2024-10-16
ORD-101485,Electric Kettle,Home & Kitchen,4,23.53,94.12,2025-06-04
ORD-101486,Face Serum,Beauty,4,54.61,218.44,2024-11-29
ORD-101487,Bluetooth Speaker,Electronics,4,62.46,249.84,2025-06-29
ORD-101488,Electric Kettle,Home & Kitchen,3,27.36,82.08,2025-09-27
ORD-101489,Laptop Sleeve,Electronics,5,22.73,113.65,2025-01-28
ORD-101490,Smartwatch,Electronics,2,229.37,458.74,2025-03-17
ORD-101491,Running Jacket,Clothing,4,87.6,350.4,2025-07-11
ORD-101492,Wireless Earbuds,Electronics,2,109.16,218.32,2025-12-29
ORD-101493,Vacuum Cleaner,Home & Kitchen,7,158.29,1108.03,2025-09-02
ORD-101494,Air Fryer,Home & Kitchen,2,103.14,206.28,2024-06-29
ORD-101495,Hoodie,Clothing,1,67.98,67.98,2024-04-21
ORD-101496,Air Fryer,Home & Kitchen,2,130.05,260.1,2024-12-01
ORD-101497,Non-stick Pan,Home & Kitchen,5,62.64,313.2,2024-08-10
ORD-101498,Yoga Mat,Sports,4,42.09,168.36,2024-05-30
ORD-101499,Running Jacket,Clothing,5,81.45,407.25,2025-02-03
ORD-101500,Denim Jeans,Clothing,4,59.58,238.32,2025-11-28
ORD-101501,Running Jacket,Clothing,3,85.16,255.48,2025-03-21
ORD-101502,Yoga Mat,Sports,2,11.92,23.84,2025-08-19
ORD-101503,Football,Sports,3,34.83,104.49,2024-05-10
ORD-101504,Smartwatch,Electronics,3,96.62,289.86,2024-02-24
ORD-101505,Storage Container Set,Home & Kitchen,2,39.88,79.76,2024-04-22
ORD-101506,Dumbbell Set,Sports,4,108.26,433.04,2025-03-18
ORD-101507,Running Jacket,Clothing,3,75.59,226.77,2025-12-29
ORD-101508,Hoodie,Clothing,5,63.66,318.3,2024-08-04
ORD-101509,Electric Kettle,Home & Kitchen,3,32.43,97.29,2025-07-22
ORD-101510,Football,Sports,4,17.81,71.24,2024-06-06
ORD-101511,Dumbbell Set,Sports,2,27.17,54.34,2024-05-17
ORD-101512,Electric Kettle,Home & Kitchen,5,42.43,212.15,2025-05-13
ORD-101513,Dumbbell Set,Sports,3,42.26,126.78,2024-03-27
ORD-101514,Lipstick Set,Beauty,2,28.15,56.3,2025-12-13
ORD-101515,Denim Jeans,Clothing,4,45.96,183.84,2025-04-10
ORD-101516,Air Fryer,Home & Kitchen,2,99.14,198.28,2025-01-28
ORD-101517,Smartwatch,Electronics,4,191.18,764.72,2024-01-08
ORD-101518,Dumbbell Set,Sports,5,104.12,520.6,2025-12-30
ORD-101519,Hoodie,Clothing,5,51.75,258.75,2025-08-13
ORD-101520,Fitness Tracker,Sports,3,132.86,398.58,2025-05-09
ORD-101521,Laptop Sleeve,Electronics,2,30.63,61.26,2025-12-08
ORD-101522,Sunscreen,Beauty,3,18.31,54.93,2024-10-13
ORD-101523,Smartwatch,Electronics,5,143.24,716.2,2024-03-31
ORD-101524,Non-stick Pan,Home & Kitchen,3,58.12,174.36,2025-12-01
ORD-101525,Hair Dryer,Beauty,2,25.09,50.18,2025-09-19
ORD-101526,Cotton T-Shirt,Clothing,2,15.78,31.56,2025-04-25
ORD-101527,Fitness Tracker,Sports,3,97.43,292.29,2024-12-05
ORD-101528,Cycling Helmet,Sports,4,26.94,107.76,2024-10-23
ORD-101529,Sunscreen,Beauty,3,30.16,90.48,2024-11-07
ORD-101530,Non-stick Pan,Home & Kitchen,3,39.09,117.27,2025-10-06
ORD-101531,Wireless Earbuds,Electronics,2,185.37,370.74,2025-11-03
ORD-101532,Sunscreen,Beauty,4,14.64,58.56,2024-01-28
ORD-101533,Smartwatch,Electronics,4,244.37,977.48,2024-03-19
ORD-101534,Denim Jeans,Clothing,4,27.97,111.88,2025-09-22
ORD-101535,Yoga Mat,Sports,4,31.83,127.32,2024-04-24
ORD-101536,Dumbbell Set,Sports,2,94.75,189.5,2025-11-05
ORD-101537,Hair Dryer,Beauty,3,44.5,133.5,2025-12-18
ORD-101538,Smartwatch,Electronics,3,151.87,455.61,2024-02-03
ORD-101539,Smartphone Case,Electronics,4,31.87,127.48,2025-09-01
ORD-101540,Laptop Sleeve,Electronics,2,48.04,96.08,2025-02-26
ORD-101541,Laptop Sleeve,Electronics,2,23.8,47.6,2025-10-14
ORD-101542,Storage Container Set,Home & Kitchen,2,34.03,68.06,2024-02-25
ORD-101543,Face Serum,Beauty,4,21.56,86.24,2024-02-23
ORD-101544,Running Jacket,Clothing,3,79.32,237.96,2025-05-02
ORD-101545,Sunscreen,Beauty,6,15.71,94.26,2024-08-27
ORD-101546,Lipstick Set,Beauty,3,11.73,35.19,2024-09-25
ORD-101547,Yoga Mat,Sports,5,49.6,248.0,2024-10-22
ORD-101548,Running Jacket,Clothing,3,91.64,274.92,2025-06-26
ORD-101549,Smartwatch,Electronics,4,169.24,676.96,2025-10-14
ORD-101550,Fitness Tracker,Sports,4,139.84,559.36,2025-10-29
ORD-101551,Running Jacket,Clothing,5,40.19,200.95,2024-04-10
ORD-101552,Air Fryer,Home & Kitchen,3,219.43,658.29,2025-11-22
ORD-101553,Sunscreen,Beauty,2,17.72,35.44,2024-07-18
ORD-101554,Moisturizer,Beauty,1,34.59,34.59,2024-11-16
ORD-101555,Face Serum,Beauty,4,37.07,148.28,2024-01-13
ORD-101556,Air Fryer,Home & Kitchen,2,100.33,200.66,2024-12-25
ORD-101557,Denim Jeans,Clothing,6,21.84,131.04,2024-02-04
ORD-101558,Smartwatch,Electronics,2,354.36,708.72,2025-11-03
ORD-101559,Smartwatch,Electronics,3,119.84,359.52,2025-10-15
ORD-101560,Yoga Mat,Sports,5,18.55,92.75,2025-09-11
ORD-101561,Vacuum Cleaner,Home & Kitchen,4,292.0,1168.0,2024-07-08
ORD-101562,Hair Dryer,Beauty,2,59.8,119.6,2024-10-28
ORD-101563,Football,Sports,5,33.08,165.4,2024-10-10
ORD-101564,Hair Dryer,Beauty,2,32.45,64.9,2024-09-20
ORD-101565,Wireless Earbuds,Electronics,2,68.15,136.3,2025-01-26
ORD-101566,Cycling Helmet,Sports,6,28.99,173.94,2024-09-28
ORD-101567,Smartphone Case,Electronics,3,22.66,67.98,2025-09-16
ORD-101568,Non-stick Pan,Home & Kitchen,6,42.04,252.24,2024-05-27
ORD-101569,Hoodie,Clothing,3,32.33,96.99,2025-10-20
ORD-101570,Running Jacket,Clothing,2,34.36,68.72,2024-04-15
ORD-101571,Bluetooth Speaker,Electronics,3,22.27,66.81,2025-04-01
ORD-101572,Non-stick Pan,Home & Kitchen,3,49.04,147.12,2024-02-08
ORD-101573,Running Jacket,Clothing,3,78.56,235.68,2025-02-04
ORD-101574,Air Fryer,Home & Kitchen,2,108.7,217.4,2025-05-04
ORD-101575,Yoga Mat,Sports,3,24.97,74.91,2025-07-07
ORD-101576,Sneakers,Clothing,5,100.77,503.85,2024-05-04
ORD-101577,Cycling Helmet,Sports,4,71.04,284.16,2024-12-07
ORD-101578,Cotton T-Shirt,Clothing,4,17.43,69.72,2025-01-09
ORD-101579,Yoga Mat,Sports,3,40.61,121.83,2025-04-15
ORD-101580,Denim Jeans,Clothing,3,49.06,147.18,2024-06-29
ORD-101581,Dumbbell Set,Sports,3,126.44,379.32,2024-11-02
ORD-101582,Cycling Helmet,Sports,7,22.44,157.08,2025-05-13
ORD-101583,Electric Kettle,Home & Kitchen,3,20.63,61.89,2024-05-23
ORD-101584,Smartwatch,Electronics,3,182.4,547.2,2024-09-01
ORD-101585,Smartwatch,Electronics,3,144.16,432.48,2025-10-20
ORD-101586,Air Fryer,Home & Kitchen,3,53.16,159.48,2024-01-17
ORD-101587,Wireless Earbuds,Electronics,2,41.82,83.64,2025-02-19
ORD-101588,Sunscreen,Beauty,2,27.97,55.94,2025-04-14
ORD-101589,Fitness Tracker,Sports,6,143.4,860.4,2024-06-01
ORD-101590,Wireless Earbuds,Electronics,5,106.91,534.55,2024-02-07
ORD-101591,Non-stick Pan,Home & Kitchen,6,64.67,388.02,2025-04-27
ORD-101592,Electric Kettle,Home & Kitchen,5,59.57,297.85,2025-12-19
ORD-101593,Wireless Earbuds,Electronics,2,155.05,310.1,2024-11-10
ORD-101594,Smartwatch,Electronics,4,262.2,1048.8,2024-06-23
ORD-101595,Wireless Earbuds,Electronics,6,80.15,480.9,2024-04-26
ORD-101596,Moisturizer,Beauty,5,42.29,211.45,2024-03-05
ORD-101597,Sneakers,Clothing,3,59.48,178.44,2024-11-28
ORD-101598,Sunscreen,Beauty,3,16.62,49.86,2024-05-20
ORD-101599,Dumbbell Set,Sports,3,92.94,278.82,2024-02-16
ORD-101600,Cotton T-Shirt,Clothing,4,10.91,43.64,2024-10-07
ORD-101601,Running Jacket,Clothing,3,46.26,138.78,2025-07-20
ORD-101602,Hoodie,Clothing,1,31.91,31.91,2024-02-11
ORD-101603,Sunscreen,Beauty,3,24.16,72.48,2025-01-20
ORD-101604,Laptop Sleeve,Electronics,3,17.83,53.49,2024-03-23
ORD-101605,Wireless Earbuds,Electronics,4,111.55,446.2,2025-12-24
ORD-101606,Football,Sports,3,41.15,123.45,2025-12-11
ORD-101607,Moisturizer,Beauty,3,15.04,45.12,2024-07-30
ORD-101608,Sneakers,Clothing,5,66.56,332.8,2025-02-25
ORD-101609,Wireless Earbuds,Electronics,4,47.56,190.24,2025-09-02
ORD-101610,Non-stick Pan,Home & Kitchen,2,63.69,127.38,2025-10-04
ORD-101611,Sneakers,Clothing,3,100.35,301.05,2024-01-05
ORD-101612,Smartwatch,Electronics,1,223.43,223.43,2024-04-07
ORD-101613,Fitness Tracker,Sports,4,60.66,242.64,2025-06-03
ORD-101614,Moisturizer,Beauty,2,11.84,23.68,2024-10-10
ORD-101615,Smartphone Case,Electronics,3,46.27,138.81,2025-12-02
ORD-101616,Football,Sports,3,18.09,54.27,2024-06-29
ORD-101617,Yoga Mat,Sports,2,24.24,48.48,2025-10-22
ORD-101618,Bluetooth Speaker,Electronics,3,87.79,263.37,2024-12-08
ORD-101619,Football,Sports,3,12.82,38.46,2024-02-14
ORD-101620,Smartwatch,Electronics,2,128.19,256.38,2024-06-29
ORD-101621,Smartwatch,Electronics,3,96.81,290.43,2024-04-28
ORD-101622,Laptop Sleeve,Electronics,5,47.03,235.15,2025-08-29
ORD-101623,Running Jacket,Clothing,5,88.36,441.8,2024-08-23
ORD-101624,Cotton T-Shirt,Clothing,2,18.61,37.22,2024-08-30
ORD-101625,Football,Sports,3,11.87,35.61,2024-08-13
ORD-101626,Non-stick Pan,Home & Kitchen,6,22.15,132.9,2025-03-22
ORD-101627,Football,Sports,5,22.13,110.65,2024-07-01
ORD-101628,Smartphone Case,Electronics,1,20.4,20.4,2025-10-09
ORD-101629,Running Jacket,Clothing,4,30.11,120.44,2024-05-10
ORD-101630,Storage Container Set,Home & Kitchen,3,14.05,42.15,2024-05-19
ORD-101631,Sneakers,Clothing,3,132.9,398.7,2024-06-24
ORD-101632,Bluetooth Speaker,Electronics,2,40.84,81.68,2025-09-10
ORD-101633,Sunscreen,Beauty,4,24.4,97.6,2024-06-23
ORD-101634,Electric Kettle,Home & Kitchen,1,38.26,38.26,2024-03-29
ORD-101635,Electric Kettle,Home & Kitchen,4,33.36,133.44,2025-08-28
ORD-101636,Cotton T-Shirt,Clothing,3,20.53,61.59,2025-03-14
ORD-101637,Running Jacket,Clothing,6,69.96,419.76,2025-03-20
ORD-101638,Fitness Tracker,Sports,4,170.02,680.08,2024-06-01
ORD-101639,Football,Sports,1,10.71,10.71,2024-02-15
ORD-101640,Vacuum Cleaner,Home & Kitchen,4,161.91,647.64,2024-02-04
ORD-101641,Cotton T-Shirt,Clothing,3,16.4,49.2,2025-04-08
ORD-101642,Wireless Earbuds,Electronics,1,145.68,145.68,2025-12-10
ORD-101643,Dumbbell Set,Sports,2,59.83,119.66,2025-01-02
ORD-101644,Non-stick Pan,Home & Kitchen,4,40.79,163.16,2024-01-17
ORD-101645,Sneakers,Clothing,5,109.92,549.6,2025-08-07
ORD-101646,Laptop Sleeve,Electronics,3,50.51,151.53,2025-04-19
ORD-101647,Football,Sports,4,33.7,134.8,2024-07-08
ORD-101648,Sneakers,Clothing,4,139.29,557.16,2025-12-21
ORD-101649,Yoga Mat,Sports,5,47.05,235.25,2025-01-29
ORD-101650,Cotton T-Shirt,Clothing,2,15.32,30.64,2024-10-30
ORD-101651,Hoodie,Clothing,4,67.16,268.64,2025-07-09
ORD-101652,Wireless Earbuds,Electronics,3,128.27,384.81,2025-09-27
ORD-101653,Face Serum,Beauty,1,68.3,68.3,2025-06-11
ORD-101654,Face Serum,Beauty,2,36.39,72.78,2024-04-23
ORD-101655,Cotton T-Shirt,Clothing,5,15.03,75.15,2025-01-09
ORD-101656,Non-stick Pan,Home & Kitchen,5,52.24,261.2,2025-07-28
ORD-101657,Bluetooth Speaker,Electronics,3,57.49,172.47,2024-09-01
ORD-101658,Vacuum Cleaner,Home & Kitchen,7,125.31,877.17,2025-12-20
ORD-101659,Moisturizer,Beauty,2,25.1,50.2,2024-11-24
ORD-101660,Sneakers,Clothing,4,43.45,173.8,2024-10-10
ORD-101661,Sneakers,Clothing,3,94.57,283.71,2025-05-12
ORD-101662,Lipstick Set,Beauty,3,27.15,81.45,2025-12-27
ORD-101663,Hair Dryer,Beauty,4,66.71,266.84,2025-04-07
ORD-101664,Face Serum,Beauty,5,68.8,344.0,2024-07-11
ORD-101665,Cotton T-Shirt,Clothing,4,24.85,99.4,2025-02-04
ORD-101666,Cotton T-Shirt,Clothing,4,10.39,41.56,2024-04-21
ORD-101667,Smartphone Case,Electronics,3,14.84,44.52,2025-05-23
ORD-101668,Wireless Earbuds,Electronics,3,68.42,205.26,2024-10-27
ORD-101669,Moisturizer,Beauty,4,23.58,94.32,2025-04-30
ORD-101670,Cotton T-Shirt,Clothing,3,11.1,33.3,2024-10-25
ORD-101671,Smartphone Case,Electronics,5,27.88,139.4,2025-06-16
ORD-101672,Running Jacket,Clothing,3,90.21,270.63,2025-11-02
ORD-101673,Hoodie,Clothing,4,84.53,338.12,2025-11-12
ORD-101674,Football,Sports,3,17.98,53.94,2025-04-13
ORD-101675,Bluetooth Speaker,Electronics,5,93.37,466.85,2024-06-24
ORD-101676,Bluetooth Speaker,Electronics,4,70.72,282.88,2024-10-22
ORD-101677,Bluetooth Speaker,Electronics,2,53.0,106.0,2024-10-18
ORD-101678,Smartphone Case,Electronics,5,38.08,190.4,2025-12-29
ORD-101679,Smartphone Case,Electronics,4,35.03,140.12,2025-12-26
ORD-101680,Electric Kettle,Home & Kitchen,3,27.9,83.7,2024-06-14
ORD-101681,Bluetooth Speaker,Electronics,4,32.93,131.72,2025-08-11
ORD-101682,Denim Jeans,Clothing,6,40.79,244.74,2024-07-29
ORD-101683,Bluetooth Speaker,Electronics,3,46.87,140.61,2024-12-18
ORD-101684,Denim Jeans,Clothing,4,31.5,126.0,2025-06-30
ORD-101685,Football,Sports,1,37.65,37.65,2025-05-26
ORD-101686,Cycling Helmet,Sports,4,20.47,81.88,2024-06-08
ORD-101687,Sunscreen,Beauty,4,28.41,113.64,2024-12-05
ORD-101688,Running Jacket,Clothing,4,85.48,341.92,2025-08-10
ORD-101689,Lipstick Set,Beauty,4,30.91,123.64,2024-12-12
ORD-101690,Face Serum,Beauty,4,60.48,241.92,2024-05-22
ORD-101691,Wireless Earbuds,Electronics,4,88.33,353.32,2025-02-15
ORD-101692,Bluetooth Speaker,Electronics,6,44.18,265.08,2024-04-04
ORD-101693,Electric Kettle,Home & Kitchen,3,33.06,99.18,2025-08-20
ORD-101694,Hair Dryer,Beauty,3,24.26,72.78,2024-07-19
ORD-101695,Air Fryer,Home & Kitchen,4,200.07,800.28,2025-11-24
ORD-101696,Smartwatch,Electronics,3,123.04,369.12,2025-02-07
ORD-101697,Hoodie,Clothing,5,84.28,421.4,2025-06-07
ORD-101698,Cycling Helmet,Sports,2,24.97,49.94,2025-02-11
ORD-101699,Cycling Helmet,Sports,4,43.95,175.8,2025-01-30
ORD-101700,Running Jacket,Clothing,3,145.98,437.94,2024-11-11
ORD-101701,Yoga Mat,Sports,2,36.52,73.04,2024-08-08
ORD-101702,Sneakers,Clothing,1,61.42,61.42,2025-03-29
ORD-101703,Lipstick Set,Beauty,3,12.05,36.15,2025-02-28
ORD-101704,Non-stick Pan,Home & Kitchen,4,23.37,93.48,2024-05-27
ORD-101705,Vacuum Cleaner,Home & Kitchen,4,93.43,373.72,2024-12-09
ORD-101706,Football,Sports,4,10.37,41.48,2024-03-31
ORD-101707,Storage Container Set,Home & Kitchen,3,16.53,49.59,2025-02-28
ORD-101708,Hoodie,Clothing,3,38.96,116.88,2024-05-20
ORD-101709,Cycling Helmet,Sports,4,56.6,226.4,2025-07-21
ORD-101710,Hair Dryer,Beauty,2,37.57,75.14,2025-08-22
ORD-101711,Air Fryer,Home & Kitchen,5,54.58,272.9,2024-08-17
ORD-101712,Bluetooth Speaker,Electronics,3,112.75,338.25,2024-11-03
ORD-101713,Football,Sports,6,35.65,213.9,2024-05-07
ORD-101714,Football,Sports,3,24.45,73.35,2024-07-02
ORD-101715,Moisturizer,Beauty,4,15.59,62.36,2024-01-30
ORD-101716,Cotton T-Shirt,Clothing,1,21.53,21.53,2025-09-05
ORD-101717,Vacuum Cleaner,Home & Kitchen,4,276.77,1107.08,2025-03-22
ORD-101718,Air Fryer,Home & Kitchen,1,205.31,205.31,2025-12-11
ORD-101719,Hoodie,Clothing,4,85.07,340.28,2024-01-18
ORD-101720,Wireless Earbuds,Electronics,2,64.69,129.38,2024-05-29
ORD-101721,Dumbbell Set,Sports,3,55.13,165.39,2024-12-31
ORD-101722,Sneakers,Clothing,5,126.04,630.2,2025-10-13
ORD-101723,Running Jacket,Clothing,4,67.19,268.76,2024-10-25
ORD-101724,Fitness Tracker,Sports,1,124.78,124.78,2024-07-17
ORD-101725,Wireless Earbuds,Electronics,6,109.83,658.98,2025-09-05
ORD-101726,Storage Container Set,Home & Kitchen,3,46.49,139.47,2025-12-02
ORD-101727,Running Jacket,Clothing,6,78.42,470.52,2024-04-08
ORD-101728,Denim Jeans,Clothing,7,28.22,197.54,2024-01-14
ORD-101729,Sneakers,Clothing,3,70.56,211.68,2025-02-25
ORD-101730,Yoga Mat,Sports,4,18.07,72.28,2024-08-11
ORD-101731,Smartphone Case,Electronics,2,29.58,59.16,2025-07-26
ORD-101732,Fitness Tracker,Sports,3,135.91,407.73,2025-06-28
ORD-101733,Face Serum,Beauty,2,37.6,75.2,2025-03-03
ORD-101734,Smartphone Case,Electronics,5,20.63,103.15,2024-01-18
ORD-101735,Running Jacket,Clothing,2,97.16,194.32,2024-05-22
ORD-101736,Fitness Tracker,Sports,4,134.68,538.72,2025-06-19
ORD-101737,Running Jacket,Clothing,4,91.75,367.0,2024-01-30
ORD-101738,Smartphone Case,Electronics,4,18.16,72.64,2025-12-11
ORD-101739,Smartphone Case,Electronics,2,13.43,26.86,2024-08-02
ORD-101740,Wireless Earbuds,Electronics,9,36.95,332.55,2024-03-20
ORD-101741,Air Fryer,Home & Kitchen,3,83.37,250.11,2024-02-13
ORD-101742,Smartwatch,Electronics,1,101.69,101.69,2025-08-30
ORD-101743,Bluetooth Speaker,Electronics,4,25.98,103.92,2024-02-14
ORD-101744,Non-stick Pan,Home & Kitchen,2,67.47,134.94,2024-05-06
ORD-101745,Smartphone Case,Electronics,3,29.74,89.22,2024-07-08
ORD-101746,Smartphone Case,Electronics,2,32.79,65.58,2024-10-11
ORD-101747,Denim Jeans,Clothing,3,48.5,145.5,2025-05-27
ORD-101748,Vacuum Cleaner,Home & Kitchen,2,85.41,170.82,2025-08-06
ORD-101749,Face Serum,Beauty,5,26.8,134.0,2025-06-25
ORD-101750,Bluetooth Speaker,Electronics,3,94.07,282.21,2024-06-24
ORD-101751,Non-stick Pan,Home & Kitchen,3,60.66,181.98,2024-08-07
ORD-101752,Football,Sports,3,35.61,106.83,2025-01-10
ORD-101753,Wireless Earbuds,Electronics,3,123.12,369.36,2024-07-04
ORD-101754,Football,Sports,4,25.23,100.92,2024-08-07
ORD-101755,Running Jacket,Clothing,6,68.68,412.08,2024-05-06
ORD-101756,Air Fryer,Home & Kitchen,3,150.84,452.52,2025-01-04
ORD-101757,Non-stick Pan,Home & Kitchen,4,27.6,110.4,2024-03-25
ORD-101758,Bluetooth Speaker,Electronics,4,64.67,258.68,2025-04-12
ORD-101759,Sneakers,Clothing,4,92.61,370.44,2024-08-19
ORD-101760,Sneakers,Clothing,3,131.98,395.94,2024-07-12
ORD-101761,Football,Sports,6,26.13,156.78,2025-11-26
ORD-101762,Laptop Sleeve,Electronics,2,27.92,55.84,2025-11-19
ORD-101763,Cotton T-Shirt,Clothing,3,9.93,29.79,2024-05-02
ORD-101764,Hoodie,Clothing,2,72.44,144.88,2024-04-14
ORD-101765,Dumbbell Set,Sports,2,67.66,135.32,2024-03-07
ORD-101766,Smartphone Case,Electronics,5,33.69,168.45,2025-09-01
ORD-101767,Denim Jeans,Clothing,3,48.5,145.5,2025-03-10
ORD-101768,Hoodie,Clothing,3,43.21,129.63,2025-08-30
ORD-101769,Lipstick Set,Beauty,4,24.92,99.68,2024-12-30
ORD-101770,Air Fryer,Home & Kitchen,5,126.04,630.2,2025-05-11
ORD-101771,Laptop Sleeve,Electronics,6,24.75,148.5,2024-04-20
ORD-101772,Electric Kettle,Home & Kitchen,4,53.81,215.24,2025-10-05
ORD-101773,Wireless Earbuds,Electronics,4,73.54,294.16,2024-03-10
ORD-101774,Smartphone Case,Electronics,4,25.63,102.52,2025-01-26
ORD-101775,Running Jacket,Clothing,7,83.99,587.93,2025-09-28
ORD-101776,Sunscreen,Beauty,3,27.19,81.57,2025-05-19
ORD-101777,Laptop Sleeve,Electronics,1,38.04,38.04,2025-05-17
ORD-101778,Vacuum Cleaner,Home & Kitchen,3,78.72,236.16,2025-07-13
ORD-101779,Lipstick Set,Beauty,4,19.58,78.32,2024-05-01
ORD-101780,Sneakers,Clothing,7,88.04,616.28,2025-03-29
ORD-101781,Smartwatch,Electronics,4,355.0,1420.0,2025-11-06
ORD-101782,Denim Jeans,Clothing,6,31.45,188.7,2025-05-18
ORD-101783,Sneakers,Clothing,5,105.8,529.0,2025-05-14
ORD-101784,Air Fryer,Home & Kitchen,4,170.45,681.8,2025-11-06
ORD-101785,Air Fryer,Home & Kitchen,2,121.77,243.54,2025-05-02
ORD-101786,Wireless Earbuds,Electronics,4,61.88,247.52,2025-02-04
ORD-101787,Air Fryer,Home & Kitchen,2,164.18,328.36,2025-09-23
ORD-101788,Hair Dryer,Beauty,5,33.25,166.25,2024-11-24
ORD-101789,Electric Kettle,Home & Kitchen,4,34.31,137.24,2025-01-10
ORD-101790,Face Serum,Beauty,4,29.77,119.08,2025-10-02
ORD-101791,Bluetooth Speaker,Electronics,3,77.1,231.3,2024-12-31
ORD-101792,Smartphone Case,Electronics,4,15.34,61.36,2024-09-10
ORD-101793,Cotton T-Shirt,Clothing,4,11.87,47.48,2025-12-05
ORD-101794,Running Jacket,Clothing,5,35.89,179.45,2024-06-22
ORD-101795,Sneakers,Clothing,3,146.89,440.67,2025-11-04
ORD-101796,Air Fryer,Home & Kitchen,2,49.85,99.7,2024-09-30
ORD-101797,Cotton T-Shirt,Clothing,3,17.07,51.21,2024-11-20
ORD-101798,Hoodie,Clothing,1,70.45,70.45,2024-04-10
ORD-101799,Smartphone Case,Electronics,4,32.86,131.44,2024-12-10
ORD-101800,Hair Dryer,Beauty,2,69.9,139.8,2024-06-19
ORD-101801,Sneakers,Clothing,3,85.58,256.74,2024-07-25
ORD-101802,Yoga Mat,Sports,6,20.04,120.24,2025-07-02
ORD-101803,Running Jacket,Clothing,4,58.88,235.52,2025-08-10
ORD-101804,Wireless Earbuds,Electronics,1,45.61,45.61,2025-08-15
ORD-101805,Cotton T-Shirt,Clothing,4,22.56,90.24,2025-08-03
ORD-101806,Electric Kettle,Home & Kitchen,6,54.7,328.2,2024-12-21
ORD-101807,Storage Container Set,Home & Kitchen,5,40.45,202.25,2025-05-31
ORD-101808,Hoodie,Clothing,3,39.67,119.01,2024-11-16
ORD-101809,Hoodie,Clothing,4,57.83,231.32,2025-06-11
ORD-101810,Moisturizer,Beauty,2,35.76,71.52,2024-01-20
ORD-101811,Electric Kettle,Home & Kitchen,3,43.65,130.95,2025-08-13
ORD-101812,Air Fryer,Home & Kitchen,3,193.65,580.95,2024-10-01
ORD-101813,Vacuum Cleaner,Home & Kitchen,2,233.04,466.08,2025-03-20
ORD-101814,Face Serum,Beauty,4,23.6,94.4,2025-06-18
ORD-101815,Denim Jeans,Clothing,2,51.43,102.86,2024-06-03
ORD-101816,Lipstick Set,Beauty,4,18.3,73.2,2025-02-24
ORD-101817,Yoga Mat,Sports,2,20.56,41.12,2025-10-11
ORD-101818,Running Jacket,Clothing,2,44.02,88.04,2025-10-23
ORD-101819,Moisturizer,Beauty,3,17.2,51.6,2025-02-19
ORD-101820,Wireless Earbuds,Electronics,4,110.44,441.76,2024-09-08
ORD-101821,Sneakers,Clothing,5,136.69,683.45,2025-07-27
ORD-101822,Cotton T-Shirt,Clothing,3,11.92,35.76,2024-07-25
ORD-101823,Bluetooth Speaker,Electronics,3,64.41,193.23,2024-10-11
ORD-101824,Wireless Earbuds,Electronics,2,112.78,225.56,2025-05-12
ORD-101825,Wireless Earbuds,Electronics,5,121.11,605.55,2024-11-17
ORD-101826,Football,Sports,3,32.58,97.74,2025-01-07
ORD-101827,Football,Sports,5,17.87,89.35,2024-05-23
ORD-101828,Vacuum Cleaner,Home & Kitchen,4,164.82,659.28,2024-05-03
ORD-101829,Sunscreen,Beauty,4,19.34,77.36,2024-09-14
ORD-101830,Smartwatch,Electronics,4,281.13,1124.52,2024-05-05
ORD-101831,Hoodie,Clothing,2,73.26,146.52,2025-02-03
ORD-101832,Lipstick Set,Beauty,5,12.09,60.45,2024-08-11
ORD-101833,Bluetooth Speaker,Electronics,3,51.99,155.97,2025-03-26
ORD-101834,Yoga Mat,Sports,3,34.08,102.24,2025-05-17
ORD-101835,Face Serum,Beauty,2,60.54,121.08,2024-11-20
ORD-101836,Electric Kettle,Home & Kitchen,1,57.3,57.3,2024-10-11
ORD-101837,Cycling Helmet,Sports,5,76.32,381.6,2025-05-01
ORD-101838,Face Serum,Beauty,5,66.76,333.8,2025-10-22
ORD-101839,Non-stick Pan,Home & Kitchen,3,70.77,212.31,2025-12-08
ORD-101840,Hair Dryer,Beauty,2,56.44,112.88,2025-07-19
ORD-101841,Storage Container Set,Home & Kitchen,5,18.76,93.8,2025-12-02
ORD-101842,Football,Sports,5,9.94,49.7,2025-02-01
ORD-101843,Cycling Helmet,Sports,2,27.61,55.22,2024-11-04
ORD-101844,Moisturizer,Beauty,7,19.0,133.0,2024-10-31
ORD-101845,Football,Sports,6,21.49,128.94,2025-10-08
ORD-101846,Lipstick Set,Beauty,2,17.8,35.6,2024-02-04
ORD-101847,Laptop Sleeve,Electronics,4,49.14,196.56,2025-04-27
ORD-101848,Cycling Helmet,Sports,4,70.53,282.12,2025-03-08
ORD-101849,Moisturizer,Beauty,3,23.87,71.61,2025-12-16
ORD-101850,Laptop Sleeve,Electronics,2,52.19,104.38,2025-09-08
ORD-101851,Storage Container Set,Home & Kitchen,2,38.86,77.72,2025-04-09
ORD-101852,Moisturizer,Beauty,4,27.31,109.24,2025-10-07
ORD-101853,Non-stick Pan,Home & Kitchen,6,24.47,146.82,2025-02-14
ORD-101854,Hoodie,Clothing,4,25.11,100.44,2024-03-25
ORD-101855,Denim Jeans,Clothing,6,49.99,299.94,2025-08-31
ORD-101856,Hair Dryer,Beauty,3,63.52,190.56,2025-04-07
ORD-101857,Hair Dryer,Beauty,4,81.0,324.0,2024-06-26
ORD-101858,Hair Dryer,Beauty,2,27.67,55.34,2024-07-22
ORD-101859,Sneakers,Clothing,4,141.53,566.12,2025-01-21
ORD-101860,Dumbbell Set,Sports,5,144.75,723.75,2024-01-22
ORD-101861,Fitness Tracker,Sports,6,59.85,359.1,2025-10-03
ORD-101862,Laptop Sleeve,Electronics,2,27.21,54.42,2024-07-22
ORD-101863,Yoga Mat,Sports,4,34.95,139.8,2025-02-14
ORD-101864,Electric Kettle,Home & Kitchen,7,55.97,391.79,2024-04-01
ORD-101865,Smartwatch,Electronics,4,81.55,326.2,2024-04-30
ORD-101866,Air Fryer,Home & Kitchen,2,156.43,312.86,2025-11-20
ORD-101867,Smartphone Case,Electronics,3,36.02,108.06,2024-07-14
ORD-101868,Hair Dryer,Beauty,5,63.39,316.95,2024-10-21
ORD-101869,Sneakers,Clothing,2,108.47,216.94,2024-07-30
ORD-101870,Cycling Helmet,Sports,5,36.99,184.95,2025-11-24
ORD-101871,Smartphone Case,Electronics,3,18.76,56.28,2024-01-30
ORD-101872,Hoodie,Clothing,3,77.51,232.53,2025-04-06
ORD-101873,Sneakers,Clothing,1,31.91,31.91,2024-03-28
ORD-101874,Bluetooth Speaker,Electronics,6,71.82,430.92,2025-12-10
ORD-101875,Laptop Sleeve,Electronics,5,50.15,250.75,2025-12-26
ORD-101876,Non-stick Pan,Home & Kitchen,5,33.19,165.95,2024-04-07
ORD-101877,Smartphone Case,Electronics,3,33.61,100.83,2025-04-27
ORD-101878,Fitness Tracker,Sports,4,130.34,521.36,2025-12-27
ORD-101879,Bluetooth Speaker,Electronics,5,66.66,333.3,2025-05-31
ORD-101880,Sneakers,Clothing,3,85.3,255.9,2025-11-18
ORD-101881,Fitness Tracker,Sports,2,114.04,228.08,2024-02-12
ORD-101882,Hoodie,Clothing,4,80.49,321.96,2025-05-19
ORD-101883,Dumbbell Set,Sports,5,62.2,311.0,2024-04-01
ORD-101884,Electric Kettle,Home & Kitchen,5,21.23,106.15,2024-09-23
ORD-101885,Smartphone Case,Electronics,2,32.71,65.42,2025-05-26
ORD-101886,Cycling Helmet,Sports,5,31.61,158.05,2025-03-16
ORD-101887,Fitness Tracker,Sports,7,111.64,781.48,2024-09-27
ORD-101888,Denim Jeans,Clothing,6,67.01,402.06,2024-11-19
ORD-101889,Electric Kettle,Home & Kitchen,5,56.37,281.85,2025-07-23
ORD-101890,Air Fryer,Home & Kitchen,5,70.78,353.9,2024-02-24
ORD-101891,Smartphone Case,Electronics,4,24.35,97.4,2024-02-06
ORD-101892,Laptop Sleeve,Electronics,3,24.64,73.92,2025-03-22
ORD-101893,Football,Sports,3,19.54,58.62,2024-02-11
ORD-101894,Fitness Tracker,Sports,3,96.85,290.55,2025-05-11
ORD-101895,Smartphone Case,Electronics,6,19.61,117.66,2024-05-06
ORD-101896,Bluetooth Speaker,Electronics,5,79.64,398.2,2024-07-03
ORD-101897,Hair Dryer,Beauty,2,87.64,175.28,2025-07-30
ORD-101898,Vacuum Cleaner,Home & Kitchen,2,162.56,325.12,2024-01-05
ORD-101899,Air Fryer,Home & Kitchen,3,82.7,248.1,2024-03-19
ORD-101900,Non-stick Pan,Home & Kitchen,3,21.54,64.62,2024-12-02
ORD-101901,Face Serum,Beauty,3,38.28,114.84,2025-02-07
ORD-101902,Yoga Mat,Sports,4,22.86,91.44,2024-11-27
ORD-101903,Laptop Sleeve,Electronics,6,50.05,300.3,2025-04-09
ORD-101904,Cotton T-Shirt,Clothing,7,32.07,224.49,2024-12-03
ORD-101905,Air Fryer,Home & Kitchen,5,244.76,1223.8,2024-11-28
ORD-101906,Fitness Tracker,Sports,2,54.11,108.22,2024-05-12
ORD-101907,Bluetooth Speaker,Electronics,7,110.97,776.79,2024-11-26
ORD-101908,Sunscreen,Beauty,3,15.37,46.11,2025-09-08
ORD-101909,Denim Jeans,Clothing,1,64.21,64.21,2024-09-02
ORD-101910,Yoga Mat,Sports,2,45.11,90.22,2024-01-22
ORD-101911,Laptop Sleeve,Electronics,7,49.13,343.91,2024-10-18
ORD-101912,Dumbbell Set,Sports,2,64.03,128.06,2024-05-03
ORD-101913,Hair Dryer,Beauty,3,77.29,231.87,2025-12-02
ORD-101914,Cotton T-Shirt,Clothing,3,17.31,51.93,2025-01-11
ORD-101915,Air Fryer,Home & Kitchen,6,92.41,554.46,2025-05-02
ORD-101916,Non-stick Pan,Home & Kitchen,3,51.63,154.89,2025-03-08
ORD-101917,Air Fryer,Home & Kitchen,5,105.0,525.0,2025-10-07
ORD-101918,Bluetooth Speaker,Electronics,3,68.24,204.72,2025-04-19
ORD-101919,Electric Kettle,Home & Kitchen,3,35.48,106.44,2025-05-22
ORD-101920,Non-stick Pan,Home & Kitchen,6,46.32,277.92,2024-10-24
ORD-101921,Laptop Sleeve,Electronics,8,36.17,289.36,2024-11-03
ORD-101922,Bluetooth Speaker,Electronics,4,56.52,226.08,2024-09-11
ORD-101923,Cotton T-Shirt,Clothing,3,10.33,30.99,2025-07-18
ORD-101924,Wireless Earbuds,Electronics,3,71.97,215.91,2025-06-06
ORD-101925,Smartwatch,Electronics,2,173.19,346.38,2024-09-16
ORD-101926,Vacuum Cleaner,Home & Kitchen,5,93.38,466.9,2024-01-17
ORD-101927,Electric Kettle,Home & Kitchen,3,56.45,169.35,2024-07-05
ORD-101928,Laptop Sleeve,Electronics,3,45.12,135.36,2025-12-22
ORD-101929,Air Fryer,Home & Kitchen,5,160.32,801.6,2025-11-17
ORD-101930,Hair Dryer,Beauty,5,41.96,209.8,2024-07-10
ORD-101931,Smartwatch,Electronics,2,258.21,516.42,2024-09-22
ORD-101932,Smartwatch,Electronics,6,96.51,579.06,2024-01-19
ORD-101933,Smartphone Case,Electronics,2,30.39,60.78,2025-11-02
ORD-101934,Sunscreen,Beauty,5,17.36,86.8,2025-05-13
ORD-101935,Sunscreen,Beauty,3,22.24,66.72,2025-01-04
ORD-101936,Football,Sports,7,15.29,107.03,2024-11-05
ORD-101937,Smartphone Case,Electronics,5,30.01,150.05,2024-04-24
ORD-101938,Moisturizer,Beauty,3,18.6,55.8,2024-01-28
ORD-101939,Electric Kettle,Home & Kitchen,4,49.49,197.96,2025-03-22
ORD-101940,Fitness Tracker,Sports,5,41.7,208.5,2024-07-14
ORD-101941,Moisturizer,Beauty,1,19.51,19.51,2025-04-30
ORD-101942,Smartphone Case,Electronics,4,29.32,117.28,2025-12-20
ORD-101943,Non-stick Pan,Home & Kitchen,3,40.63,121.89,2025-04-05
ORD-101944,Smartwatch,Electronics,3,96.53,289.59,2025-02-05
ORD-101945,Laptop Sleeve,Electronics,2,54.75,109.5,2025-03-01
ORD-101946,Sunscreen,Beauty,4,30.41,121.64,2025-07-21
ORD-101947,Laptop Sleeve,Electronics,5,41.74,208.7,2025-05-12
ORD-101948,Lipstick Set,Beauty,5,25.25,126.25,2024-08-25
ORD-101949,Air Fryer,Home & Kitchen,3,112.69,338.07,2025-08-13
ORD-101950,Laptop Sleeve,Electronics,2,21.59,43.18,2025-04-29
ORD-101951,Storage Container Set,Home & Kitchen,2,36.34,72.68,2025-04-04
ORD-101952,Bluetooth Speaker,Electronics,3,54.99,164.97,2024-07-15
ORD-101953,Hoodie,Clothing,3,54.26,162.78,2024-08-12
ORD-101954,Sunscreen,Beauty,3,23.29,69.87,2025-11-03
ORD-101955,Football,Sports,4,34.24,136.96,2025-03-02
ORD-101956,Hair Dryer,Beauty,8,90.72,725.76,2025-04-28
ORD-101957,Fitness Tracker,Sports,7,70.28,491.96,2024-07-31
ORD-101958,Lipstick Set,Beauty,2,14.49,28.98,2024-05-12
ORD-101959,Laptop Sleeve,Electronics,4,45.89,183.56,2024-04-13
ORD-101960,Football,Sports,2,20.82,41.64,2024-11-06
ORD-101961,Non-stick Pan,Home & Kitchen,1,49.63,49.63,2025-01-02
ORD-101962,Denim Jeans,Clothing,2,55.29,110.58,2024-06-27
ORD-101963,Yoga Mat,Sports,4,28.53,114.12,2024-03-06
ORD-101964,Smartphone Case,Electronics,6,24.4,146.4,2024-05-03
ORD-101965,Storage Container Set,Home & Kitchen,2,43.14,86.28,2024-12-29
ORD-101966,Sunscreen,Beauty,3,27.71,83.13,2024-09-30
ORD-101967,Fitness Tracker,Sports,3,129.15,387.45,2025-09-10
ORD-101968,Lipstick Set,Beauty,3,35.45,106.35,2025-04-13
ORD-101969,Face Serum,Beauty,2,47.87,95.74,2025-09-17
ORD-101970,Yoga Mat,Sports,3,15.73,47.19,2025-07-29
ORD-101971,Wireless Earbuds,Electronics,5,118.0,590.0,2024-07-29
ORD-101972,Bluetooth Speaker,Electronics,3,73.95,221.85,2025-12-26
ORD-101973,Non-stick Pan,Home & Kitchen,2,43.55,87.1,2024-06-06
ORD-101974,Denim Jeans,Clothing,2,56.25,112.5,2024-05-05
ORD-101975,Sneakers,Clothing,4,64.83,259.32,2024-01-07
ORD-101976,Hair Dryer,Beauty,3,65.69,197.07,2024-10-20
ORD-101977,Bluetooth Speaker,Electronics,3,48.6,145.8,2025-02-28
ORD-101978,Electric Kettle,Home & Kitchen,4,38.46,153.84,2025-06-26
ORD-101979,Laptop Sleeve,Electronics,4,57.6,230.4,2025-02-27
ORD-101980,Fitness Tracker,Sports,1,93.05,93.05,2025-11-29
ORD-101981,Smartphone Case,Electronics,4,26.91,107.64,2024-01-11
ORD-101982,Non-stick Pan,Home & Kitchen,2,29.36,58.72,2024-03-27
ORD-101983,Denim Jeans,Clothing,4,22.7,90.8,2025-03-20
ORD-101984,Moisturizer,Beauty,4,12.34,49.36,2025-08-11
ORD-101985,Vacuum Cleaner,Home & Kitchen,3,143.49,430.47,2024-10-29
ORD-101986,Fitness Tracker,Sports,3,148.32,444.96,2024-11-07
ORD-101987,Running Jacket,Clothing,3,102.5,307.5,2024-01-09
ORD-101988,Fitness Tracker,Sports,5,137.58,687.9,2024-05-30
ORD-101989,Denim Jeans,Clothing,3,52.17,156.51,2025-07-11
ORD-101990,Air Fryer,Home & Kitchen,7,122.67,858.69,2025-12-15
ORD-101991,Lipstick Set,Beauty,4,32.7,130.8,2024-07-21
ORD-101992,Smartwatch,Electronics,2,215.32,430.64,2024-12-08
ORD-101993,Moisturizer,Beauty,2,47.07,94.14,2025-06-16
ORD-101994,Cotton T-Shirt,Clothing,3,18.28,54.84,2025-06-07
ORD-101995,Electric Kettle,Home & Kitchen,4,18.97,75.88,2024-01-24
ORD-101996,Sunscreen,Beauty,5,12.97,64.85,2024-09-21
ORD-101997,Lipstick Set,Beauty,2,11.11,22.22,2025-06-01
ORD-101998,Bluetooth Speaker,Electronics,3,70.83,212.49,2024-09-22
ORD-101999,Cotton T-Shirt,Clothing,3,24.83,74.49,2025-10-28
ORD-102000,Hoodie,Clothing,1,58.15,58.15,2024-01-06
ORD-102001,Fitness Tracker,Sports,1,115.56,115.56,2025-08-02
ORD-102002,Fitness Tracker,Sports,4,56.71,226.84,2025-09-01
ORD-102003,Hoodie,Clothing,2,41.66,83.32,2025-11-19
ORD-102004,Denim Jeans,Clothing,3,28.32,84.96,2024-04-17
ORD-102005,Storage Container Set,Home & Kitchen,2,15.33,30.66,2025-04-10
ORD-102006,Lipstick Set,Beauty,4,9.76,39.04,2024-03-24
ORD-102007,Denim Jeans,Clothing,5,26.47,132.35,2025-05-02
ORD-102008,Smartwatch,Electronics,4,204.87,819.48,2025-02-16
ORD-102009,Air Fryer,Home & Kitchen,6,153.76,922.56,2024-09-27
ORD-102010,Air Fryer,Home & Kitchen,2,198.16,396.32,2025-12-06
ORD-102011,Air Fryer,Home & Kitchen,4,73.69,294.76,2024-06-15
ORD-102012,Laptop Sleeve,Electronics,3,55.78,167.34,2024-05-12
ORD-102013,Vacuum Cleaner,Home & Kitchen,4,189.57,758.28,2024-04-30
ORD-102014,Cotton T-Shirt,Clothing,3,24.95,74.85,2024-06-09
ORD-102015,Cotton T-Shirt,Clothing,2,21.66,43.32,2025-09-08
ORD-102016,Bluetooth Speaker,Electronics,7,46.99,328.93,2025-08-08
ORD-102017,Non-stick Pan,Home & Kitchen,1,27.26,27.26,2025-01-15
ORD-102018,Running Jacket,Clothing,1,33.24,33.24,2025-05-12
ORD-102019,Smartwatch,Electronics,4,105.15,420.6,2025-03-07
ORD-102020,Cycling Helmet,Sports,1,29.85,29.85,2024-08-08
ORD-102021,Face Serum,Beauty,2,49.07,98.14,2024-05-05
ORD-102022,Wireless Earbuds,Electronics,3,77.67,233.01,2025-03-03
ORD-102023,Sneakers,Clothing,6,142.2,853.2,2024-12-11
ORD-102024,Vacuum Cleaner,Home & Kitchen,5,199.48,997.4,2024-05-15
ORD-102025,Air Fryer,Home & Kitchen,6,144.77,868.62,2025-04-05
ORD-102026,Bluetooth Speaker,Electronics,4,77.36,309.44,2024-04-01
ORD-102027,Air Fryer,Home & Kitchen,2,89.16,178.32,2025-01-31
ORD-102028,Hoodie,Clothing,3,83.04,249.12,2024-02-16
ORD-102029,Cycling Helmet,Sports,1,21.13,21.13,2025-10-23
ORD-102030,Wireless Earbuds,Electronics,4,82.02,328.08,2025-08-08
ORD-102031,Hair Dryer,Beauty,4,83.16,332.64,2025-07-28
ORD-102032,Non-stick Pan,Home & Kitchen,7,71.62,501.34,2024-07-16
ORD-102033,Non-stick Pan,Home & Kitchen,5,42.12,210.6,2025-08-06
ORD-102034,Sunscreen,Beauty,5,12.44,62.2,2024-01-20
ORD-102035,Dumbbell Set,Sports,5,62.15,310.75,2024-01-20
ORD-102036,Smartwatch,Electronics,4,112.18,448.72,2025-03-30
ORD-102037,Storage Container Set,Home & Kitchen,6,29.43,176.58,2025-02-15
ORD-102038,Non-stick Pan,Home & Kitchen,5,45.57,227.85,2024-12-14
ORD-102039,Hoodie,Clothing,1,56.44,56.44,2024-11-20
ORD-102040,Wireless Earbuds,Electronics,4,46.12,184.48,2025-07-08
ORD-102041,Bluetooth Speaker,Electronics,3,36.71,110.13,2024-04-01
ORD-102042,Dumbbell Set,Sports,4,86.69,346.76,2024-03-01
ORD-102043,Cotton T-Shirt,Clothing,3,11.78,35.34,2025-12-31
ORD-102044,Running Jacket,Clothing,3,59.51,178.53,2024-05-25
ORD-102045,Sneakers,Clothing,1,40.99,40.99,2024-05-03
ORD-102046,Smartwatch,Electronics,4,116.3,465.2,2025-08-23
ORD-102047,Vacuum Cleaner,Home & Kitchen,2,267.28,534.56,2025-01-29
ORD-102048,Running Jacket,Clothing,5,71.92,359.6,2025-04-20
ORD-102049,Wireless Earbuds,Electronics,4,90.31,361.24,2025-02-21
ORD-102050,Yoga Mat,Sports,4,32.92,131.68,2024-10-02
ORD-102051,Non-stick Pan,Home & Kitchen,4,52.33,209.32,2024-09-09
ORD-102052,Electric Kettle,Home & Kitchen,2,52.2,104.4,2024-11-07
ORD-102053,Hoodie,Clothing,2,75.57,151.14,2024-07-27
ORD-102054,Smartwatch,Electronics,3,227.35,682.05,2024-06-21
ORD-102055,Air Fryer,Home & Kitchen,5,122.73,613.65,2025-07-22
ORD-102056,Laptop Sleeve,Electronics,6,28.78,172.68,2025-09-27
ORD-102057,Yoga Mat,Sports,6,46.39,278.34,2024-03-02
ORD-102058,Vacuum Cleaner,Home & Kitchen,1,209.2,209.2,2024-09-13
ORD-102059,Running Jacket,Clothing,3,50.21,150.63,2025-10-09
ORD-102060,Cycling Helmet,Sports,5,27.43,137.15,2024-02-16
ORD-102061,Non-stick Pan,Home & Kitchen,5,24.05,120.25,2024-11-03
ORD-102062,Moisturizer,Beauty,5,54.36,271.8,2025-07-23
ORD-102063,Dumbbell Set,Sports,3,86.07,258.21,2025-09-17
ORD-102064,Hair Dryer,Beauty,1,39.36,39.36,2025-10-12
ORD-102065,Lipstick Set,Beauty,4,13.93,55.72,2024-10-06
ORD-102066,Cycling Helmet,Sports,4,42.33,169.32,2024-08-03
ORD-102067,Non-stick Pan,Home & Kitchen,2,27.62,55.24,2025-12-09
ORD-102068,Fitness Tracker,Sports,4,32.26,129.04,2025-05-02
ORD-102069,Smartphone Case,Electronics,5,24.16,120.8,2025-02-27
ORD-102070,Lipstick Set,Beauty,3,23.0,69.0,2025-02-06
ORD-102071,Face Serum,Beauty,2,17.41,34.82,2025-07-05
ORD-102072,Football,Sports,8,16.29,130.32,2025-11-19
ORD-102073,Football,Sports,2,20.39,40.78,2025-09-07
ORD-102074,Wireless Earbuds,Electronics,1,70.74,70.74,2024-05-07
ORD-102075,Football,Sports,5,18.91,94.55,2024-01-10
ORD-102076,Bluetooth Speaker,Electronics,7,112.9,790.3,2025-11-27
ORD-102077,Cotton T-Shirt,Clothing,3,18.81,56.43,2025-09-20
ORD-102078,Moisturizer,Beauty,4,47.13,188.52,2024-08-27
ORD-102079,Yoga Mat,Sports,4,30.53,122.12,2024-10-14
ORD-102080,Sunscreen,Beauty,4,9.19,36.76,2024-08-02
ORD-102081,Football,Sports,2,37.29,74.58,2024-04-23
ORD-102082,Air Fryer,Home & Kitchen,8,134.75,1078.0,2024-06-23
ORD-102083,Vacuum Cleaner,Home & Kitchen,2,243.86,487.72,2025-11-19
ORD-102084,Non-stick Pan,Home & Kitchen,6,25.56,153.36,2025-08-25
ORD-102085,Bluetooth Speaker,Electronics,3,85.02,255.06,2025-08-06
ORD-102086,Cycling Helmet,Sports,2,86.6,173.2,2024-07-15
ORD-102087,Smartwatch,Electronics,5,134.38,671.9,2025-09-21
ORD-102088,Air Fryer,Home & Kitchen,5,177.5,887.5,2024-01-03
ORD-102089,Non-stick Pan,Home & Kitchen,3,49.26,147.78,2024-11-26
ORD-102090,Cycling Helmet,Sports,2,63.67,127.34,2024-05-04
ORD-102091,Running Jacket,Clothing,2,97.86,195.72,2025-06-13
ORD-102092,Dumbbell Set,Sports,2,58.79,117.58,2024-02-18
ORD-102093,Sneakers,Clothing,2,42.47,84.94,2024-11-19
ORD-102094,Wireless Earbuds,Electronics,7,98.52,689.64,2025-08-08
ORD-102095,Dumbbell Set,Sports,1,103.88,103.88,2025-12-07
ORD-102096,Smartphone Case,Electronics,1,15.59,15.59,2024-07-20
ORD-102097,Cotton T-Shirt,Clothing,3,16.28,48.84,2024-01-29
ORD-102098,Sunscreen,Beauty,6,28.92,173.52,2025-10-03
ORD-102099,Dumbbell Set,Sports,4,85.39,341.56,2024-04-20
ORD-102100,Yoga Mat,Sports,1,37.71,37.71,2024-12-07
ORD-102101,Wireless Earbuds,Electronics,2,95.92,191.84,2025-09-06
ORD-102102,Lipstick Set,Beauty,6,9.93,59.58,2025-08-15
ORD-102103,Yoga Mat,Sports,4,24.55,98.2,2025-01-21
ORD-102104,Yoga Mat,Sports,3,17.43,52.29,2024-05-10
ORD-102105,Face Serum,Beauty,5,53.39,266.95,2024-11-04
ORD-102106,Cotton T-Shirt,Clothing,5,11.18,55.9,2025-11-24
ORD-102107,Laptop Sleeve,Electronics,2,20.55,41.1,2025-02-15
ORD-102108,Moisturizer,Beauty,6,37.89,227.34,2025-09-05
ORD-102109,Air Fryer,Home & Kitchen,2,106.39,212.78,2025-01-28
ORD-102110,Hoodie,Clothing,2,29.6,59.2,2025-09-26
ORD-102111,Non-stick Pan,Home & Kitchen,2,39.07,78.14,2025-04-09
ORD-102112,Non-stick Pan,Home & Kitchen,4,16.56,66.24,2024-04-15
ORD-102113,Sunscreen,Beauty,5,28.57,142.85,2024-07-17
ORD-102114,Smartwatch,Electronics,5,177.49,887.45,2024-09-19
ORD-102115,Vacuum Cleaner,Home & Kitchen,3,108.27,324.81,2025-03-31
ORD-102116,Wireless Earbuds,Electronics,4,47.01,188.04,2024-03-02
ORD-102117,Vacuum Cleaner,Home & Kitchen,4,233.26,933.04,2025-10-29
ORD-102118,Hoodie,Clothing,3,28.78,86.34,2024-05-29
ORD-102119,Running Jacket,Clothing,5,55.8,279.0,2024-10-25
ORD-102120,Smartwatch,Electronics,3,325.17,975.51,2025-11-04
ORD-102121,Smartwatch,Electronics,1,270.59,270.59,2025-07-26
ORD-102122,Denim Jeans,Clothing,4,53.25,213.0,2024-07-24
ORD-102123,Wireless Earbuds,Electronics,4,78.46,313.84,2024-12-15
ORD-102124,Air Fryer,Home & Kitchen,3,130.52,391.56,2025-09-06
ORD-102125,Fitness Tracker,Sports,3,125.75,377.25,2024-12-09
ORD-102126,Denim Jeans,Clothing,6,33.48,200.88,2024-04-17
ORD-102127,Face Serum,Beauty,4,24.33,97.32,2025-05-22
ORD-102128,Smartphone Case,Electronics,2,20.79,41.58,2025-12-10
ORD-102129,Electric Kettle,Home & Kitchen,2,46.25,92.5,2025-05-07
ORD-102130,Cycling Helmet,Sports,6,37.08,222.48,2025-01-19
ORD-102131,Wireless Earbuds,Electronics,4,33.47,133.88,2025-01-06
ORD-102132,Hoodie,Clothing,4,31.58,126.32,2024-04-27
ORD-102133,Hoodie,Clothing,4,29.9,119.6,2025-01-03
ORD-102134,Smartphone Case,Electronics,4,13.72,54.88,2024-10-17
ORD-102135,Dumbbell Set,Sports,3,141.73,425.19,2024-12-13
ORD-102136,Denim Jeans,Clothing,4,27.15,108.6,2024-01-23
ORD-102137,Cotton T-Shirt,Clothing,4,24.53,98.12,2024-01-22
ORD-102138,Wireless Earbuds,Electronics,3,167.65,502.95,2024-12-12
ORD-102139,Denim Jeans,Clothing,6,53.06,318.36,2025-01-13
ORD-102140,Vacuum Cleaner,Home & Kitchen,3,233.26,699.78,2025-09-30
ORD-102141,Yoga Mat,Sports,1,20.38,20.38,2024-05-01
ORD-102142,Dumbbell Set,Sports,3,98.86,296.58,2024-07-15
ORD-102143,Hair Dryer,Beauty,4,53.34,213.36,2025-09-05
ORD-102144,Non-stick Pan,Home & Kitchen,4,39.32,157.28,2025-09-22
ORD-102145,Cycling Helmet,Sports,6,47.01,282.06,2024-06-01
ORD-102146,Bluetooth Speaker,Electronics,6,78.58,471.48,2024-05-09
ORD-102147,Football,Sports,8,31.24,249.92,2024-08-02
ORD-102148,Sunscreen,Beauty,5,11.72,58.6,2024-03-07
ORD-102149,Hoodie,Clothing,2,53.94,107.88,2025-01-18
ORD-102150,Running Jacket,Clothing,3,90.0,270.0,2025-12-30
ORD-102151,Lipstick Set,Beauty,4,16.76,67.04,2025-04-30
ORD-102152,Hoodie,Clothing,5,26.83,134.15,2025-10-27
ORD-102153,Smartphone Case,Electronics,3,27.05,81.15,2025-04-07
ORD-102154,Running Jacket,Clothing,4,99.29,397.16,2025-03-11
ORD-102155,Storage Container Set,Home & Kitchen,2,30.69,61.38,2024-09-17
ORD-102156,Wireless Earbuds,Electronics,4,56.9,227.6,2024-10-29
ORD-102157,Hoodie,Clothing,6,51.5,309.0,2024-02-12
ORD-102158,Air Fryer,Home & Kitchen,6,106.38,638.28,2025-04-06
ORD-102159,Sneakers,Clothing,2,76.21,152.42,2024-11-20
ORD-102160,Laptop Sleeve,Electronics,6,26.92,161.52,2024-08-27
ORD-102161,Wireless Earbuds,Electronics,5,92.51,462.55,2024-10-28
ORD-102162,Non-stick Pan,Home & Kitchen,4,60.52,242.08,2024-10-10
ORD-102163,Wireless Earbuds,Electronics,3,38.02,114.06,2025-01-03
ORD-102164,Smartphone Case,Electronics,4,26.2,104.8,2025-11-22
ORD-102165,Running Jacket,Clothing,3,97.2,291.6,2024-07-14
ORD-102166,Fitness Tracker,Sports,2,28.66,57.32,2024-09-24
ORD-102167,Running Jacket,Clothing,4,108.46,433.84,2025-02-17
ORD-102168,Face Serum,Beauty,1,53.53,53.53,2025-04-28
ORD-102169,Dumbbell Set,Sports,4,48.91,195.64,2025-02-11
ORD-102170,Moisturizer,Beauty,2,15.75,31.5,2025-04-30
ORD-102171,Vacuum Cleaner,Home & Kitchen,5,216.27,1081.35,2025-04-24
ORD-102172,Cotton T-Shirt,Clothing,6,30.08,180.48,2024-11-16
ORD-102173,Sneakers,Clothing,2,78.34,156.68,2024-08-02
ORD-102174,Yoga Mat,Sports,2,20.11,40.22,2025-01-18
ORD-102175,Cycling Helmet,Sports,2,59.8,119.6,2024-01-10
ORD-102176,Storage Container Set,Home & Kitchen,4,22.22,88.88,2024-12-13
ORD-102177,Sneakers,Clothing,2,145.69,291.38,2025-12-08
ORD-102178,Cotton T-Shirt,Clothing,7,21.01,147.07,2025-08-04
ORD-102179,Dumbbell Set,Sports,5,101.05,505.25,2024-12-04
ORD-102180,Sunscreen,Beauty,3,26.88,80.64,2025-08-10
ORD-102181,Dumbbell Set,Sports,6,33.37,200.22,2025-02-04
ORD-102182,Sneakers,Clothing,6,67.88,407.28,2024-04-21
ORD-102183,Cycling Helmet,Sports,5,34.23,171.15,2024-04-05
ORD-102184,Moisturizer,Beauty,2,40.17,80.34,2024-02-02
ORD-102185,Non-stick Pan,Home & Kitchen,4,27.54,110.16,2024-07-10
ORD-102186,Football,Sports,5,14.6,73.0,2024-10-17
ORD-102187,Hoodie,Clothing,4,50.22,200.88,2024-03-12
ORD-102188,Cotton T-Shirt,Clothing,6,14.04,84.24,2024-06-24
ORD-102189,Football,Sports,3,44.1,132.3,2024-06-09
ORD-102190,Laptop Sleeve,Electronics,4,44.51,178.04,2025-05-04
ORD-102191,Denim Jeans,Clothing,7,51.26,358.82,2024-05-13
ORD-102192,Sneakers,Clothing,4,95.73,382.92,2024-06-11
ORD-102193,Fitness Tracker,Sports,5,93.07,465.35,2024-07-26
ORD-102194,Hair Dryer,Beauty,5,22.89,114.45,2024-07-25
ORD-102195,Wireless Earbuds,Electronics,6,87.51,525.06,2025-02-12
ORD-102196,Running Jacket,Clothing,4,115.22,460.88,2025-08-05
ORD-102197,Hoodie,Clothing,2,62.1,124.2,2024-02-10
ORD-102198,Sneakers,Clothing,3,144.78,434.34,2024-12-21
ORD-102199,Hair Dryer,Beauty,2,70.39,140.78,2025-02-04
ORD-102200,Moisturizer,Beauty,1,19.31,19.31,2025-03-01
ORD-102201,Football,Sports,3,23.57,70.71,2025-04-13
ORD-102202,Vacuum Cleaner,Home & Kitchen,5,140.72,703.6,2024-04-07
ORD-102203,Dumbbell Set,Sports,1,53.16,53.16,2024-06-10
ORD-102204,Storage Container Set,Home & Kitchen,4,54.66,218.64,2025-11-13
ORD-102205,Moisturizer,Beauty,5,26.71,133.55,2025-05-20
ORD-102206,Face Serum,Beauty,2,18.48,36.96,2025-01-12
ORD-102207,Bluetooth Speaker,Electronics,3,59.06,177.18,2025-02-23
ORD-102208,Hoodie,Clothing,6,47.95,287.7,2024-02-15
ORD-102209,Laptop Sleeve,Electronics,1,31.02,31.02,2025-01-25
ORD-102210,Denim Jeans,Clothing,3,23.03,69.09,2025-02-10
ORD-102211,Denim Jeans,Clothing,4,57.2,228.8,2024-11-30
ORD-102212,Sneakers,Clothing,3,45.0,135.0,2024-03-10
ORD-102213,Air Fryer,Home & Kitchen,3,125.68,377.04,2024-05-23
ORD-102214,Denim Jeans,Clothing,4,59.76,239.04,2024-06-23
ORD-102215,Electric Kettle,Home & Kitchen,3,21.68,65.04,2024-10-28
ORD-102216,Moisturizer,Beauty,5,37.98,189.9,2024-03-20
ORD-102217,Bluetooth Speaker,Electronics,3,52.56,157.68,2024-06-06
ORD-102218,Wireless Earbuds,Electronics,4,113.15,452.6,2025-11-22
ORD-102219,Cotton T-Shirt,Clothing,3,21.87,65.61,2025-10-12
ORD-102220,Non-stick Pan,Home & Kitchen,5,47.13,235.65,2025-02-03
ORD-102221,Hoodie,Clothing,3,31.39,94.17,2024-01-05
ORD-102222,Denim Jeans,Clothing,2,37.55,75.1,2024-09-12
ORD-102223,Wireless Earbuds,Electronics,5,66.69,333.45,2024-01-17
ORD-102224,Cycling Helmet,Sports,3,64.19,192.57,2024-07-15
ORD-102225,Wireless Earbuds,Electronics,4,76.27,305.08,2025-11-11
ORD-102226,Laptop Sleeve,Electronics,2,21.35,42.7,2025-06-08
ORD-102227,Hoodie,Clothing,2,31.43,62.86,2025-10-03
ORD-102228,Smartwatch,Electronics,3,263.57,790.71,2025-02-08
ORD-102229,Smartphone Case,Electronics,6,18.24,109.44,2024-04-18
ORD-102230,Laptop Sleeve,Electronics,6,30.76,184.56,2025-10-31
ORD-102231,Sneakers,Clothing,1,33.74,33.74,2024-08-13
ORD-102232,Sunscreen,Beauty,4,9.89,39.56,2025-01-12
ORD-102233,Football,Sports,2,43.62,87.24,2024-11-04
ORD-102234,Non-stick Pan,Home & Kitchen,3,51.28,153.84,2025-12-30
ORD-102235,Fitness Tracker,Sports,7,70.0,490.0,2024-06-24
ORD-102236,Bluetooth Speaker,Electronics,3,70.27,210.81,2025-10-08
ORD-102237,Moisturizer,Beauty,4,18.76,75.04,2024-12-06
ORD-102238,Hair Dryer,Beauty,3,70.48,211.44,2025-11-13
ORD-102239,Hoodie,Clothing,3,54.56,163.68,2025-08-22
ORD-102240,Electric Kettle,Home & Kitchen,2,40.19,80.38,2025-05-30
ORD-102241,Dumbbell Set,Sports,2,117.53,235.06,2024-01-22
ORD-102242,Cycling Helmet,Sports,5,76.24,381.2,2024-08-30
ORD-102243,Sunscreen,Beauty,3,8.62,25.86,2024-03-22
ORD-102244,Running Jacket,Clothing,2,46.59,93.18,2024-07-25
ORD-102245,Wireless Earbuds,Electronics,2,133.39,266.78,2024-08-31
ORD-102246,Air Fryer,Home & Kitchen,3,82.96,248.88,2024-12-02
ORD-102247,Cotton T-Shirt,Clothing,3,24.88,74.64,2025-06-17
ORD-102248,Running Jacket,Clothing,2,52.25,104.5,2024-01-25
ORD-102249,Hair Dryer,Beauty,6,30.55,183.3,2024-09-05
ORD-102250,Smartphone Case,Electronics,4,35.83,143.32,2025-12-04
ORD-102251,Laptop Sleeve,Electronics,3,35.4,106.2,2025-06-17
ORD-102252,Cotton T-Shirt,Clothing,2,20.4,40.8,2024-03-07
ORD-102253,Smartphone Case,Electronics,4,27.17,108.68,2024-02-23
ORD-102254,Smartphone Case,Electronics,4,13.17,52.68,2024-05-08
ORD-102255,Electric Kettle,Home & Kitchen,3,40.3,120.9,2024-08-29
ORD-102256,Sneakers,Clothing,3,70.49,211.47,2024-11-14
ORD-102257,Laptop Sleeve,Electronics,3,50.69,152.07,2024-06-29
ORD-102258,Hoodie,Clothing,2,78.78,157.56,2025-04-04
ORD-102259,Laptop Sleeve,Electronics,2,60.81,121.62,2024-03-22
ORD-102260,Sneakers,Clothing,6,79.77,478.62,2024-06-20
ORD-102261,Hoodie,Clothing,3,84.05,252.15,2025-03-19
ORD-102262,Lipstick Set,Beauty,3,27.69,83.07,2024-01-21
ORD-102263,Cotton T-Shirt,Clothing,5,20.19,100.95,2024-11-03
ORD-102264,Smartphone Case,Electronics,6,19.07,114.42,2024-09-20
ORD-102265,Running Jacket,Clothing,2,85.05,170.1,2025-01-19
ORD-102266,Storage Container Set,Home & Kitchen,1,38.45,38.45,2024-05-19
ORD-102267,Smartphone Case,Electronics,6,11.24,67.44,2024-01-05
ORD-102268,Storage Container Set,Home & Kitchen,4,25.82,103.28,2025-05-18
ORD-102269,Sneakers,Clothing,2,74.69,149.38,2025-01-17
ORD-102270,Hoodie,Clothing,6,48.51,291.06,2024-03-13
ORD-102271,Wireless Earbuds,Electronics,6,114.92,689.52,2025-01-29
ORD-102272,Laptop Sleeve,Electronics,3,50.27,150.81,2024-09-18
ORD-102273,Hair Dryer,Beauty,3,84.05,252.15,2025-06-05
ORD-102274,Storage Container Set,Home & Kitchen,3,18.85,56.55,2025-12-14
ORD-102275,Sneakers,Clothing,7,57.96,405.72,2024-09-09
ORD-102276,Bluetooth Speaker,Electronics,6,63.94,383.64,2025-10-08
ORD-102277,Smartphone Case,Electronics,2,22.13,44.26,2024-09-24
ORD-102278,Dumbbell Set,Sports,3,55.86,167.58,2024-09-17
ORD-102279,Electric Kettle,Home & Kitchen,4,22.55,90.2,2024-01-13
ORD-102280,Laptop Sleeve,Electronics,3,48.05,144.15,2025-02-11
ORD-102281,Yoga Mat,Sports,4,42.91,171.64,2025-06-14
ORD-102282,Dumbbell Set,Sports,1,55.19,55.19,2025-03-13
ORD-102283,Hoodie,Clothing,3,82.48,247.44,2025-11-05
ORD-102284,Air Fryer,Home & Kitchen,5,62.9,314.5,2024-04-01
ORD-102285,Storage Container Set,Home & Kitchen,7,23.1,161.7,2024-05-26
ORD-102286,Laptop Sleeve,Electronics,3,46.64,139.92,2025-12-16
ORD-102287,Football,Sports,6,14.73,88.38,2024-01-02
ORD-102288,Lipstick Set,Beauty,3,18.12,54.36,2025-06-21
ORD-102289,Sneakers,Clothing,4,58.96,235.84,2024-06-23
ORD-102290,Smartphone Case,Electronics,7,22.61,158.27,2024-07-21
ORD-102291,Non-stick Pan,Home & Kitchen,3,45.35,136.05,2025-04-06
ORD-102292,Smartphone Case,Electronics,6,26.76,160.56,2024-03-01
ORD-102293,Moisturizer,Beauty,3,40.71,122.13,2024-09-22
ORD-102294,Football,Sports,7,36.44,255.08,2025-10-03
ORD-102295,Smartphone Case,Electronics,4,19.78,79.12,2024-03-22
ORD-102296,Running Jacket,Clothing,5,62.42,312.1,2024-03-06
ORD-102297,Air Fryer,Home & Kitchen,3,163.47,490.41,2025-05-11
ORD-102298,Wireless Earbuds,Electronics,4,98.41,393.64,2024-09-29
ORD-102299,Smartwatch,Electronics,2,97.27,194.54,2024-02-12
ORD-102300,Non-stick Pan,Home & Kitchen,9,46.68,420.12,2025-01-19
ORD-102301,Cycling Helmet,Sports,5,54.18,270.9,2025-05-12
ORD-102302,Sneakers,Clothing,4,96.29,385.16,2024-12-10
ORD-102303,Cycling Helmet,Sports,3,78.35,235.05,2024-09-02
ORD-102304,Air Fryer,Home & Kitchen,5,64.78,323.9,2025-09-17
ORD-102305,Running Jacket,Clothing,6,26.93,161.58,2024-04-12
ORD-102306,Football,Sports,2,12.31,24.62,2024-05-22
ORD-102307,Smartwatch,Electronics,1,294.68,294.68,2024-10-13
ORD-102308,Moisturizer,Beauty,4,22.81,91.24,2025-01-12
ORD-102309,Lipstick Set,Beauty,1,17.79,17.79,2025-06-11
ORD-102310,Bluetooth Speaker,Electronics,5,67.57,337.85,2024-01-18
ORD-102311,Cycling Helmet,Sports,4,58.83,235.32,2025-11-25
ORD-102312,Air Fryer,Home & Kitchen,2,169.62,339.24,2025-09-19
ORD-102313,Sneakers,Clothing,4,137.91,551.64,2025-11-05
ORD-102314,Football,Sports,3,25.66,76.98,2024-10-27
ORD-102315,Sunscreen,Beauty,4,23.4,93.6,2025-08-08
ORD-102316,Face Serum,Beauty,8,46.71,373.68,2024-05-10
ORD-102317,Smartwatch,Electronics,3,119.73,359.19,2025-04-23
ORD-102318,Cotton T-Shirt,Clothing,6,19.11,114.66,2025-05-08
ORD-102319,Denim Jeans,Clothing,2,54.95,109.9,2024-06-23
ORD-102320,Non-stick Pan,Home & Kitchen,2,35.65,71.3,2024-04-18
ORD-102321,Moisturizer,Beauty,5,48.02,240.1,2024-11-30
ORD-102322,Moisturizer,Beauty,3,32.79,98.37,2024-09-20
ORD-102323,Yoga Mat,Sports,5,21.35,106.75,2025-11-12
ORD-102324,Air Fryer,Home & Kitchen,4,169.05,676.2,2024-04-02
ORD-102325,Denim Jeans,Clothing,3,49.68,149.04,2025-08-12
ORD-102326,Storage Container Set,Home & Kitchen,3,43.32,129.96,2025-01-21
ORD-102327,Lipstick Set,Beauty,1,24.01,24.01,2025-10-31
ORD-102328,Air Fryer,Home & Kitchen,2,94.17,188.34,2024-08-26
ORD-102329,Wireless Earbuds,Electronics,5,42.43,212.15,2024-04-24
ORD-102330,Moisturizer,Beauty,5,29.74,148.7,2024-04-28
ORD-102331,Bluetooth Speaker,Electronics,2,64.02,128.04,2025-01-24
ORD-102332,Wireless Earbuds,Electronics,2,79.4,158.8,2025-08-27
ORD-102333,Football,Sports,4,40.95,163.8,2024-11-23
ORD-102334,Moisturizer,Beauty,2,35.18,70.36,2025-06-16
ORD-102335,Non-stick Pan,Home & Kitchen,2,16.6,33.2,2025-02-08
ORD-102336,Cycling Helmet,Sports,6,79.17,475.02,2024-05-28
ORD-102337,Denim Jeans,Clothing,2,46.44,92.88,2025-05-26
ORD-102338,Bluetooth Speaker,Electronics,4,76.31,305.24,2024-05-29
ORD-102339,Yoga Mat,Sports,5,26.69,133.45,2025-09-05
ORD-102340,Non-stick Pan,Home & Kitchen,7,63.45,444.15,2024-10-07
ORD-102341,Lipstick Set,Beauty,5,33.29,166.45,2025-10-08
ORD-102342,Air Fryer,Home & Kitchen,3,219.27,657.81,2024-03-01
ORD-102343,Denim Jeans,Clothing,3,51.01,153.03,2024-08-18
ORD-102344,Smartphone Case,Electronics,4,29.12,116.48,2025-05-14
ORD-102345,Denim Jeans,Clothing,5,41.64,208.2,2024-01-23
ORD-102346,Sneakers,Clothing,3,164.46,493.38,2024-12-22
ORD-102347,Hoodie,Clothing,4,39.44,157.76,2024-10-16
ORD-102348,Fitness Tracker,Sports,4,40.47,161.88,2025-02-07
ORD-102349,Hoodie,Clothing,2,74.78,149.56,2024-02-25
ORD-102350,Lipstick Set,Beauty,5,14.05,70.25,2025-11-01
ORD-102351,Laptop Sleeve,Electronics,5,59.12,295.6,2024-10-25
ORD-102352,Smartphone Case,Electronics,2,9.24,18.48,2025-10-28
ORD-102353,Sunscreen,Beauty,6,21.72,130.32,2024-04-14
ORD-102354,Dumbbell Set,Sports,6,139.51,837.06,2025-01-20
ORD-102355,Denim Jeans,Clothing,4,19.13,76.52,2024-02-27
ORD-102356,Dumbbell Set,Sports,4,38.95,155.8,2024-02-23
ORD-102357,Storage Container Set,Home & Kitchen,2,28.35,56.7,2025-08-30
ORD-102358,Laptop Sleeve,Electronics,4,19.72,78.88,2024-09-07
ORD-102359,Sneakers,Clothing,3,124.44,373.32,2024-11-05
ORD-102360,Football,Sports,3,54.42,163.26,2025-12-09
ORD-102361,Face Serum,Beauty,4,59.65,238.6,2025-04-19
ORD-102362,Storage Container Set,Home & Kitchen,5,32.77,163.85,2025-10-09
ORD-102363,Cotton T-Shirt,Clothing,4,8.64,34.56,2024-04-29
ORD-102364,Vacuum Cleaner,Home & Kitchen,5,76.66,383.3,2024-08-18
ORD-102365,Vacuum Cleaner,Home & Kitchen,4,122.59,490.36,2025-05-06
ORD-102366,Sunscreen,Beauty,7,16.04,112.28,2024-07-04
ORD-102367,Football,Sports,1,30.26,30.26,2024-11-01
ORD-102368,Wireless Earbuds,Electronics,6,164.24,985.44,2025-12-31
ORD-102369,Moisturizer,Beauty,3,38.64,115.92,2025-02-19
ORD-102370,Smartwatch,Electronics,2,285.64,571.28,2025-07-03
ORD-102371,Non-stick Pan,Home & Kitchen,3,63.21,189.63,2025-06-15
ORD-102372,Non-stick Pan,Home & Kitchen,3,73.43,220.29,2024-07-31
ORD-102373,Dumbbell Set,Sports,6,102.57,615.42,2025-09-05
ORD-102374,Laptop Sleeve,Electronics,5,33.06,165.3,2024-11-17
ORD-102375,Smartphone Case,Electronics,5,14.68,73.4,2025-10-30
ORD-102376,Non-stick Pan,Home & Kitchen,5,62.76,313.8,2024-03-27
ORD-102377,Storage Container Set,Home & Kitchen,5,20.57,102.85,2025-07-11
ORD-102378,Yoga Mat,Sports,1,21.87,21.87,2024-09-11
ORD-102379,Fitness Tracker,Sports,4,115.6,462.4,2024-10-27
ORD-102380,Hoodie,Clothing,3,68.82,206.46,2025-05-17
ORD-102381,Storage Container Set,Home & Kitchen,3,30.24,90.72,2025-09-12
ORD-102382,Wireless Earbuds,Electronics,5,143.01,715.05,2025-11-09
ORD-102383,Smartphone Case,Electronics,6,17.37,104.22,2024-05-25
ORD-102384,Dumbbell Set,Sports,4,92.4,369.6,2025-09-08
ORD-102385,Storage Container Set,Home & Kitchen,6,33.15,198.9,2024-05-11
ORD-102386,Hoodie,Clothing,2,38.17,76.34,2024-09-18
ORD-102387,Electric Kettle,Home & Kitchen,3,33.93,101.79,2025-02-13
ORD-102388,Football,Sports,2,16.63,33.26,2025-12-12
ORD-102389,Bluetooth Speaker,Electronics,1,75.53,75.53,2025-10-10
ORD-102390,Bluetooth Speaker,Electronics,3,71.85,215.55,2025-07-31
ORD-102391,Sunscreen,Beauty,1,18.16,18.16,2024-06-16
ORD-102392,Laptop Sleeve,Electronics,2,18.97,37.94,2025-01-23
ORD-102393,Non-stick Pan,Home & Kitchen,7,23.62,165.34,2024-10-03
ORD-102394,Smartwatch,Electronics,4,103.76,415.04,2025-02-20
ORD-102395,Storage Container Set,Home & Kitchen,4,45.85,183.4,2024-12-07
ORD-102396,Smartphone Case,Electronics,2,10.08,20.16,2024-10-07
ORD-102397,Denim Jeans,Clothing,4,61.93,247.72,2025-01-22
ORD-102398,Face Serum,Beauty,6,48.42,290.52,2024-06-28
ORD-102399,Fitness Tracker,Sports,7,44.01,308.07,2025-05-16
ORD-102400,Hoodie,Clothing,2,53.17,106.34,2024-10-15
ORD-102401,Non-stick Pan,Home & Kitchen,3,32.41,97.23,2024-06-23
ORD-102402,Moisturizer,Beauty,2,48.79,97.58,2024-12-19
ORD-102403,Sunscreen,Beauty,2,25.42,50.84,2025-07-18
ORD-102404,Football,Sports,3,13.78,41.34,2025-08-29
ORD-102405,Smartwatch,Electronics,1,177.52,177.52,2025-12-31
ORD-102406,Laptop Sleeve,Electronics,4,53.91,215.64,2025-08-04
ORD-102407,Bluetooth Speaker,Electronics,4,110.13,440.52,2025-12-25
ORD-102408,Lipstick Set,Beauty,4,23.14,92.56,2025-12-24
ORD-102409,Running Jacket,Clothing,2,70.12,140.24,2025-04-24
ORD-102410,Sneakers,Clothing,7,136.42,954.94,2025-06-17
ORD-102411,Dumbbell Set,Sports,3,133.73,401.19,2024-11-08
ORD-102412,Bluetooth Speaker,Electronics,3,89.64,268.92,2025-02-20
ORD-102413,Yoga Mat,Sports,3,39.04,117.12,2024-03-19
ORD-102414,Dumbbell Set,Sports,3,29.54,88.62,2025-08-12
ORD-102415,Sunscreen,Beauty,3,27.55,82.65,2025-05-19
ORD-102416,Laptop Sleeve,Electronics,5,53.35,266.75,2025-11-24
ORD-102417,Lipstick Set,Beauty,4,20.57,82.28,2025-05-24
ORD-102418,Fitness Tracker,Sports,1,56.72,56.72,2025-12-15
ORD-102419,Smartphone Case,Electronics,4,25.89,103.56,2024-01-08
ORD-102420,Hair Dryer,Beauty,7,84.19,589.33,2024-09-07
ORD-102421,Vacuum Cleaner,Home & Kitchen,3,233.07,699.21,2025-12-01
ORD-102422,Electric Kettle,Home & Kitchen,1,63.53,63.53,2025-11-21
ORD-102423,Moisturizer,Beauty,3,12.96,38.88,2024-06-28
ORD-102424,Fitness Tracker,Sports,5,200.74,1003.7,2024-12-27
ORD-102425,Sneakers,Clothing,7,85.39,597.73,2024-06-23
ORD-102426,Smartphone Case,Electronics,1,36.32,36.32,2025-07-06
ORD-102427,Cycling Helmet,Sports,3,61.08,183.24,2024-11-02
ORD-102428,Cotton T-Shirt,Clothing,2,16.0,32.0,2025-10-08
ORD-102429,Bluetooth Speaker,Electronics,5,52.54,262.7,2025-10-20
ORD-102430,Football,Sports,1,34.25,34.25,2025-09-24
ORD-102431,Wireless Earbuds,Electronics,3,70.84,212.52,2025-09-22
ORD-102432,Cotton T-Shirt,Clothing,5,15.52,77.6,2024-01-06
ORD-102433,Lipstick Set,Beauty,4,10.42,41.68,2024-12-29
ORD-102434,Denim Jeans,Clothing,1,45.17,45.17,2024-03-27
ORD-102435,Football,Sports,4,39.42,157.68,2024-05-06
ORD-102436,Bluetooth Speaker,Electronics,3,59.21,177.63,2024-08-19
ORD-102437,Running Jacket,Clothing,3,102.97,308.91,2025-03-14
ORD-102438,Storage Container Set,Home & Kitchen,5,45.84,229.2,2024-04-21
ORD-102439,Air Fryer,Home & Kitchen,2,84.95,169.9,2024-06-14
ORD-102440,Face Serum,Beauty,5,61.5,307.5,2025-01-02
ORD-102441,Face Serum,Beauty,2,31.47,62.94,2024-07-13
ORD-102442,Laptop Sleeve,Electronics,5,85.52,427.6,2024-12-05
ORD-102443,Smartphone Case,Electronics,7,35.01,245.07,2025-05-05
ORD-102444,Yoga Mat,Sports,2,29.32,58.64,2025-03-07
ORD-102445,Electric Kettle,Home & Kitchen,2,59.97,119.94,2024-11-28
ORD-102446,Lipstick Set,Beauty,4,29.81,119.24,2025-05-28
ORD-102447,Lipstick Set,Beauty,3,10.96,32.88,2024-05-14
ORD-102448,Wireless Earbuds,Electronics,4,53.91,215.64,2024-05-09
ORD-102449,Electric Kettle,Home & Kitchen,5,41.02,205.1,2024-02-23
ORD-102450,Hoodie,Clothing,9,54.07,486.63,2024-01-09
ORD-102451,Sneakers,Clothing,2,117.77,235.54,2024-03-25
ORD-102452,Denim Jeans,Clothing,4,29.61,118.44,2025-06-07
ORD-102453,Cotton T-Shirt,Clothing,4,24.2,96.8,2024-09-26
ORD-102454,Sneakers,Clothing,2,94.95,189.9,2024-07-22
ORD-102455,Face Serum,Beauty,2,63.67,127.34,2025-12-18
ORD-102456,Electric Kettle,Home & Kitchen,2,43.45,86.9,2025-08-28
ORD-102457,Wireless Earbuds,Electronics,5,66.63,333.15,2024-05-15
ORD-102458,Denim Jeans,Clothing,4,37.33,149.32,2024-05-29
ORD-102459,Non-stick Pan,Home & Kitchen,9,33.42,300.78,2024-02-22
ORD-102460,Electric Kettle,Home & Kitchen,3,34.86,104.58,2024-08-15
ORD-102461,Vacuum Cleaner,Home & Kitchen,2,181.16,362.32,2025-03-13
ORD-102462,Running Jacket,Clothing,3,55.48,166.44,2025-01-07
ORD-102463,Sneakers,Clothing,4,73.93,295.72,2024-09-09
ORD-102464,Wireless Earbuds,Electronics,1,36.75,36.75,2024-01-01
ORD-102465,Moisturizer,Beauty,3,26.67,80.01,2024-10-19
ORD-102466,Yoga Mat,Sports,4,19.53,78.12,2025-03-17
ORD-102467,Cycling Helmet,Sports,3,46.29,138.87,2024-12-08
ORD-102468,Wireless Earbuds,Electronics,5,115.1,575.5,2025-11-30
ORD-102469,Cycling Helmet,Sports,6,80.01,480.06,2025-01-04
ORD-102470,Hoodie,Clothing,2,63.29,126.58,2025-06-25
ORD-102471,Bluetooth Speaker,Electronics,1,64.6,64.6,2024-08-03
ORD-102472,Wireless Earbuds,Electronics,6,91.07,546.42,2024-05-13
ORD-102473,Non-stick Pan,Home & Kitchen,3,76.05,228.15,2025-08-23
ORD-102474,Dumbbell Set,Sports,5,119.2,596.0,2024-07-16
ORD-102475,Yoga Mat,Sports,3,37.2,111.6,2025-07-13
ORD-102476,Sneakers,Clothing,5,99.75,498.75,2024-07-25
ORD-102477,Smartphone Case,Electronics,3,22.02,66.06,2024-07-15
ORD-102478,Sunscreen,Beauty,5,31.13,155.65,2024-12-21
ORD-102479,Cotton T-Shirt,Clothing,2,10.0,20.0,2025-03-22
ORD-102480,Hoodie,Clothing,7,33.81,236.67,2024-01-23
ORD-102481,Denim Jeans,Clothing,2,18.8,37.6,2024-10-23
ORD-102482,Electric Kettle,Home & Kitchen,4,35.25,141.0,2025-02-11
ORD-102483,Vacuum Cleaner,Home & Kitchen,4,101.75,407.0,2024-03-17
ORD-102484,Lipstick Set,Beauty,2,33.27,66.54,2025-07-29
ORD-102485,Running Jacket,Clothing,4,43.44,173.76,2024-07-30
ORD-102486,Smartphone Case,Electronics,2,28.09,56.18,2025-08-29
ORD-102487,Fitness Tracker,Sports,2,109.69,219.38,2025-04-11
ORD-102488,Hair Dryer,Beauty,5,108.28,541.4,2024-11-06
ORD-102489,Running Jacket,Clothing,4,41.29,165.16,2025-07-19
ORD-102490,Smartwatch,Electronics,3,144.93,434.79,2024-08-31
ORD-102491,Storage Container Set,Home & Kitchen,6,19.74,118.44,2024-05-16
ORD-102492,Moisturizer,Beauty,6,33.29,199.74,2024-08-03
ORD-102493,Bluetooth Speaker,Electronics,3,61.03,183.09,2025-10-09
ORD-102494,Cotton T-Shirt,Clothing,2,32.09,64.18,2025-12-23
ORD-102495,Denim Jeans,Clothing,3,61.38,184.14,2025-02-22
ORD-102496,Cotton T-Shirt,Clothing,4,21.57,86.28,2025-10-02
ORD-102497,Moisturizer,Beauty,1,16.26,16.26,2024-10-13
ORD-102498,Fitness Tracker,Sports,2,185.26,370.52,2025-11-04
ORD-102499,Sunscreen,Beauty,3,18.36,55.08,2024-04-18
ORD-102500,Hair Dryer,Beauty,2,66.7,133.4,2025-10-03
ORD-102501,Air Fryer,Home & Kitchen,2,101.18,202.36,2024-08-13
ORD-102502,Laptop Sleeve,Electronics,4,42.47,169.88,2024-06-08
ORD-102503,Lipstick Set,Beauty,4,12.27,49.08,2025-01-12
ORD-102504,Air Fryer,Home & Kitchen,2,126.97,253.94,2024-07-04
ORD-102505,Moisturizer,Beauty,3,32.48,97.44,2024-07-12
ORD-102506,Dumbbell Set,Sports,4,58.2,232.8,2025-10-25
ORD-102507,Denim Jeans,Clothing,5,46.23,231.15,2025-02-07
ORD-102508,Smartphone Case,Electronics,4,22.63,90.52,2024-03-14
ORD-102509,Sneakers,Clothing,2,109.31,218.62,2024-04-12
ORD-102510,Wireless Earbuds,Electronics,4,37.92,151.68,2025-09-09
ORD-102511,Cotton T-Shirt,Clothing,3,24.02,72.06,2024-01-14
ORD-102512,Non-stick Pan,Home & Kitchen,7,26.36,184.52,2024-05-15
ORD-102513,Smartphone Case,Electronics,1,24.6,24.6,2025-10-04
ORD-102514,Face Serum,Beauty,4,41.6,166.4,2024-04-18
ORD-102515,Face Serum,Beauty,5,21.32,106.6,2024-07-26
ORD-102516,Lipstick Set,Beauty,5,18.99,94.95,2024-06-16
ORD-102517,Electric Kettle,Home & Kitchen,5,39.92,199.6,2024-02-27
ORD-102518,Hoodie,Clothing,7,22.37,156.59,2024-05-06
ORD-102519,Smartwatch,Electronics,1,119.25,119.25,2024-10-30
ORD-102520,Football,Sports,3,10.88,32.64,2024-05-25
ORD-102521,Smartphone Case,Electronics,4,20.17,80.68,2025-03-13
ORD-102522,Running Jacket,Clothing,5,91.62,458.1,2024-08-19
ORD-102523,Face Serum,Beauty,4,22.49,89.96,2025-05-18
ORD-102524,Wireless Earbuds,Electronics,1,56.75,56.75,2024-10-15
ORD-102525,Non-stick Pan,Home & Kitchen,5,54.64,273.2,2025-01-04
ORD-102526,Yoga Mat,Sports,2,18.44,36.88,2025-09-11
ORD-102527,Running Jacket,Clothing,5,44.05,220.25,2025-09-06
ORD-102528,Running Jacket,Clothing,4,105.81,423.24,2025-10-01
ORD-102529,Cotton T-Shirt,Clothing,4,25.21,100.84,2024-10-04
ORD-102530,Storage Container Set,Home & Kitchen,3,46.58,139.74,2025-12-29
ORD-102531,Moisturizer,Beauty,4,19.04,76.16,2025-11-02
ORD-102532,Laptop Sleeve,Electronics,3,52.59,157.77,2025-05-04
ORD-102533,Laptop Sleeve,Electronics,4,24.12,96.48,2024-10-12
ORD-102534,Denim Jeans,Clothing,4,49.86,199.44,2024-07-05
ORD-102535,Sneakers,Clothing,5,92.46,462.3,2025-03-10
ORD-102536,Fitness Tracker,Sports,2,76.21,152.42,2025-10-13
ORD-102537,Moisturizer,Beauty,3,22.77,68.31,2025-01-27
ORD-102538,Vacuum Cleaner,Home & Kitchen,4,169.76,679.04,2025-05-19
ORD-102539,Lipstick Set,Beauty,4,21.77,87.08,2024-03-26
ORD-102540,Hoodie,Clothing,4,103.27,413.08,2025-12-11
ORD-102541,Wireless Earbuds,Electronics,1,63.46,63.46,2024-08-28
ORD-102542,Wireless Earbuds,Electronics,3,83.61,250.83,2025-01-06
ORD-102543,Yoga Mat,Sports,1,47.69,47.69,2024-03-02
ORD-102544,Denim Jeans,Clothing,5,27.87,139.35,2024-10-28
ORD-102545,Fitness Tracker,Sports,3,62.75,188.25,2025-03-07
ORD-102546,Face Serum,Beauty,5,21.49,107.45,2024-05-21
ORD-102547,Moisturizer,Beauty,4,36.58,146.32,2025-01-21
ORD-102548,Lipstick Set,Beauty,4,8.42,33.68,2025-01-15
ORD-102549,Smartwatch,Electronics,2,173.0,346.0,2024-03-16
ORD-102550,Electric Kettle,Home & Kitchen,1,22.99,22.99,2024-01-31
ORD-102551,Smartphone Case,Electronics,3,10.57,31.71,2024-03-19
ORD-102552,Football,Sports,2,34.13,68.26,2024-06-02
ORD-102553,Denim Jeans,Clothing,3,56.29,168.87,2025-06-24
ORD-102554,Sneakers,Clothing,5,115.66,578.3,2024-12-11
ORD-102555,Non-stick Pan,Home & Kitchen,2,18.68,37.36,2024-10-20
ORD-102556,Wireless Earbuds,Electronics,5,91.84,459.2,2025-09-10
ORD-102557,Non-stick Pan,Home & Kitchen,5,54.51,272.55,2025-02-09
ORD-102558,Lipstick Set,Beauty,2,29.62,59.24,2025-07-21
ORD-102559,Hoodie,Clothing,5,41.29,206.45,2025-05-28
ORD-102560,Smartphone Case,Electronics,3,33.9,101.7,2024-10-05
ORD-102561,Electric Kettle,Home & Kitchen,3,31.63,94.89,2024-08-04
ORD-102562,Laptop Sleeve,Electronics,5,54.94,274.7,2024-07-07
ORD-102563,Fitness Tracker,Sports,5,132.78,663.9,2024-03-20
ORD-102564,Running Jacket,Clothing,4,73.29,293.16,2025-10-30
ORD-102565,Moisturizer,Beauty,2,38.2,76.4,2024-02-25
ORD-102566,Electric Kettle,Home & Kitchen,3,20.73,62.19,2024-10-03
ORD-102567,Smartwatch,Electronics,2,141.86,283.72,2024-12-09
ORD-102568,Hoodie,Clothing,4,24.55,98.2,2024-04-19
ORD-102569,Storage Container Set,Home & Kitchen,1,31.74,31.74,2024-07-11
ORD-102570,Non-stick Pan,Home & Kitchen,7,29.52,206.64,2024-09-03
ORD-102571,Fitness Tracker,Sports,5,95.53,477.65,2024-02-15
ORD-102572,Face Serum,Beauty,4,35.33,141.32,2024-02-19
ORD-102573,Yoga Mat,Sports,5,49.77,248.85,2024-12-31
ORD-102574,Fitness Tracker,Sports,1,78.86,78.86,2024-07-18
ORD-102575,Running Jacket,Clothing,2,92.21,184.42,2024-05-12
ORD-102576,Laptop Sleeve,Electronics,2,21.44,42.88,2025-05-30
ORD-102577,Moisturizer,Beauty,2,29.44,58.88,2024-01-25
ORD-102578,Hoodie,Clothing,2,45.38,90.76,2024-02-08
ORD-102579,Laptop Sleeve,Electronics,3,58.64,175.92,2024-03-21
ORD-102580,Smartphone Case,Electronics,2,29.25,58.5,2024-08-08
ORD-102581,Electric Kettle,Home & Kitchen,6,36.4,218.4,2025-05-28
ORD-102582,Sunscreen,Beauty,4,22.94,91.76,2024-12-15
ORD-102583,Bluetooth Speaker,Electronics,5,72.01,360.05,2025-01-03
ORD-102584,Yoga Mat,Sports,5,46.89,234.45,2025-12-30
ORD-102585,Denim Jeans,Clothing,4,44.98,179.92,2025-09-17
ORD-102586,Fitness Tracker,Sports,3,134.27,402.81,2025-10-04
ORD-102587,Wireless Earbuds,Electronics,3,105.97,317.91,2024-05-26
ORD-102588,Cotton T-Shirt,Clothing,4,10.04,40.16,2025-05-25
ORD-102589,Running Jacket,Clothing,6,36.35,218.1,2024-06-14
ORD-102590,Storage Container Set,Home & Kitchen,2,13.78,27.56,2024-04-01
ORD-102591,Lipstick Set,Beauty,4,38.99,155.96,2024-09-21
ORD-102592,Football,Sports,4,40.02,160.08,2025-10-27
ORD-102593,Fitness Tracker,Sports,4,38.21,152.84,2025-05-14
ORD-102594,Football,Sports,2,36.35,72.7,2025-02-22
ORD-102595,Dumbbell Set,Sports,2,70.45,140.9,2025-03-27
ORD-102596,Cycling Helmet,Sports,3,24.8,74.4,2025-01-17
ORD-102597,Sneakers,Clothing,4,118.3,473.2,2024-09-26
ORD-102598,Yoga Mat,Sports,3,49.36,148.08,2025-09-27
ORD-102599,Smartphone Case,Electronics,5,41.14,205.7,2025-12-17
ORD-102600,Wireless Earbuds,Electronics,6,61.45,368.7,2024-10-24
ORD-102601,Non-stick Pan,Home & Kitchen,4,36.35,145.4,2024-08-16
ORD-102602,Cotton T-Shirt,Clothing,2,18.64,37.28,2024-12-23
ORD-102603,Air Fryer,Home & Kitchen,3,61.17,183.51,2024-04-21
ORD-102604,Lipstick Set,Beauty,4,14.5,58.0,2025-03-19
ORD-102605,Running Jacket,Clothing,5,160.41,802.05,2024-12-16
ORD-102606,Air Fryer,Home & Kitchen,2,92.87,185.74,2024-04-27
ORD-102607,Smartphone Case,Electronics,1,12.83,12.83,2025-04-26
ORD-102608,Smartwatch,Electronics,4,261.21,1044.84,2024-02-02
ORD-102609,Face Serum,Beauty,4,61.11,244.44,2025-01-05
ORD-102610,Dumbbell Set,Sports,4,46.85,187.4,2024-02-25
ORD-102611,Laptop Sleeve,Electronics,7,32.18,225.26,2024-10-03
ORD-102612,Smartphone Case,Electronics,4,17.87,71.48,2024-03-11
ORD-102613,Laptop Sleeve,Electronics,4,37.74,150.96,2025-03-05
ORD-102614,Storage Container Set,Home & Kitchen,4,43.99,175.96,2024-07-07
ORD-102615,Laptop Sleeve,Electronics,2,77.27,154.54,2024-12-16
ORD-102616,Denim Jeans,Clothing,2,81.98,163.96,2024-12-23
ORD-102617,Vacuum Cleaner,Home & Kitchen,1,285.76,285.76,2025-12-06
ORD-102618,Football,Sports,2,47.04,94.08,2024-12-29
ORD-102619,Non-stick Pan,Home & Kitchen,5,59.34,296.7,2025-07-28
ORD-102620,Non-stick Pan,Home & Kitchen,3,55.35,166.05,2025-11-14
ORD-102621,Bluetooth Speaker,Electronics,5,30.69,153.45,2024-01-15
ORD-102622,Denim Jeans,Clothing,3,53.52,160.56,2025-05-26
ORD-102623,Laptop Sleeve,Electronics,2,41.08,82.16,2024-09-26
ORD-102624,Laptop Sleeve,Electronics,2,47.73,95.46,2024-05-08
ORD-102625,Vacuum Cleaner,Home & Kitchen,3,79.41,238.23,2024-04-09
ORD-102626,Moisturizer,Beauty,2,31.41,62.82,2025-03-06
ORD-102627,Sunscreen,Beauty,6,14.81,88.86,2025-01-21
ORD-102628,Smartphone Case,Electronics,4,33.25,133.0,2025-11-26
ORD-102629,Bluetooth Speaker,Electronics,3,37.57,112.71,2024-01-17
ORD-102630,Cotton T-Shirt,Clothing,5,22.52,112.6,2025-12-17
ORD-102631,Football,Sports,2,18.21,36.42,2025-02-24
ORD-102632,Lipstick Set,Beauty,4,38.31,153.24,2025-06-19
ORD-102633,Denim Jeans,Clothing,7,35.72,250.04,2025-04-14
ORD-102634,Smartwatch,Electronics,2,204.47,408.94,2024-06-15
ORD-102635,Sneakers,Clothing,4,65.3,261.2,2025-10-11
ORD-102636,Non-stick Pan,Home & Kitchen,4,54.21,216.84,2024-03-30
ORD-102637,Wireless Earbuds,Electronics,1,113.24,113.24,2025-09-23
ORD-102638,Smartwatch,Electronics,4,107.96,431.84,2025-07-11
ORD-102639,Hoodie,Clothing,3,64.26,192.78,2024-02-03
ORD-102640,Dumbbell Set,Sports,4,107.49,429.96,2024-08-16
ORD-102641,Non-stick Pan,Home & Kitchen,2,61.25,122.5,2024-07-19
ORD-102642,Cycling Helmet,Sports,3,51.0,153.0,2025-04-20
ORD-102643,Lipstick Set,Beauty,3,33.92,101.76,2024-01-08
ORD-102644,Sunscreen,Beauty,4,12.38,49.52,2024-10-17
ORD-102645,Storage Container Set,Home & Kitchen,3,33.28,99.84,2025-02-28
ORD-102646,Laptop Sleeve,Electronics,3,18.75,56.25,2024-02-03
ORD-102647,Bluetooth Speaker,Electronics,2,90.82,181.64,2025-06-15
ORD-102648,Storage Container Set,Home & Kitchen,4,48.08,192.32,2024-06-23
ORD-102649,Dumbbell Set,Sports,5,146.85,734.25,2025-07-23
ORD-102650,Laptop Sleeve,Electronics,3,53.97,161.91,2024-02-22
ORD-102651,Electric Kettle,Home & Kitchen,2,33.25,66.5,2025-10-13
ORD-102652,Lipstick Set,Beauty,6,28.18,169.08,2024-11-21
ORD-102653,Cotton T-Shirt,Clothing,3,30.23,90.69,2025-12-28
ORD-102654,Vacuum Cleaner,Home & Kitchen,2,234.07,468.14,2025-02-05
ORD-102655,Storage Container Set,Home & Kitchen,4,18.5,74.0,2025-07-20
ORD-102656,Cotton T-Shirt,Clothing,3,9.07,27.21,2024-04-05
ORD-102657,Smartwatch,Electronics,2,102.78,205.56,2024-06-05
ORD-102658,Face Serum,Beauty,3,37.66,112.98,2025-08-08
ORD-102659,Moisturizer,Beauty,7,36.45,255.15,2025-04-09
ORD-102660,Moisturizer,Beauty,5,35.35,176.75,2024-09-02
ORD-102661,Smartphone Case,Electronics,4,33.54,134.16,2025-07-02
ORD-102662,Lipstick Set,Beauty,4,25.4,101.6,2024-09-23
ORD-102663,Denim Jeans,Clothing,5,22.96,114.8,2025-10-04
ORD-102664,Yoga Mat,Sports,2,30.33,60.66,2024-04-23
ORD-102665,Non-stick Pan,Home & Kitchen,3,27.45,82.35,2024-05-25
ORD-102666,Yoga Mat,Sports,3,27.57,82.71,2024-03-20
ORD-102667,Denim Jeans,Clothing,3,24.27,72.81,2025-02-04
ORD-102668,Lipstick Set,Beauty,4,20.69,82.76,2024-03-16
ORD-102669,Electric Kettle,Home & Kitchen,2,43.08,86.16,2025-12-04
ORD-102670,Football,Sports,1,16.07,16.07,2024-06-13
ORD-102671,Smartphone Case,Electronics,1,35.58,35.58,2025-11-06
ORD-102672,Non-stick Pan,Home & Kitchen,3,57.85,173.55,2024-04-30
ORD-102673,Football,Sports,7,29.24,204.68,2025-09-20
ORD-102674,Smartwatch,Electronics,1,275.88,275.88,2024-09-17
ORD-102675,Wireless Earbuds,Electronics,3,37.77,113.31,2025-07-02
ORD-102676,Electric Kettle,Home & Kitchen,5,52.43,262.15,2024-08-09
ORD-102677,Smartphone Case,Electronics,3,18.15,54.45,2024-01-31
ORD-102678,Smartphone Case,Electronics,2,17.03,34.06,2024-10-01
ORD-102679,Wireless Earbuds,Electronics,3,138.61,415.83,2024-12-22
ORD-102680,Air Fryer,Home & Kitchen,2,114.21,228.42,2025-05-22
ORD-102681,Dumbbell Set,Sports,1,46.48,46.48,2024-09-13
ORD-102682,Hair Dryer,Beauty,5,33.43,167.15,2025-02-06
ORD-102683,Sunscreen,Beauty,5,15.79,78.95,2024-11-15
ORD-102684,Laptop Sleeve,Electronics,7,54.72,383.04,2025-03-19
ORD-102685,Running Jacket,Clothing,1,97.46,97.46,2024-11-22
ORD-102686,Air Fryer,Home & Kitchen,2,137.19,274.38,2024-07-23
ORD-102687,Cotton T-Shirt,Clothing,3,10.03,30.09,2025-04-05
ORD-102688,Smartwatch,Electronics,1,207.52,207.52,2024-09-16
ORD-102689,Hoodie,Clothing,5,71.89,359.45,2024-12-26
ORD-102690,Bluetooth Speaker,Electronics,5,78.25,391.25,2025-03-15
ORD-102691,Cotton T-Shirt,Clothing,6,19.23,115.38,2024-08-08
ORD-102692,Running Jacket,Clothing,3,29.55,88.65,2024-05-05
ORD-102693,Hair Dryer,Beauty,3,58.02,174.06,2024-08-06
ORD-102694,Moisturizer,Beauty,5,13.54,67.7,2025-07-29
ORD-102695,Denim Jeans,Clothing,3,32.29,96.87,2025-06-23
ORD-102696,Vacuum Cleaner,Home & Kitchen,8,107.33,858.64,2025-11-18
ORD-102697,Football,Sports,3,36.29,108.87,2025-11-29
ORD-102698,Running Jacket,Clothing,5,45.8,229.0,2024-07-21
ORD-102699,Lipstick Set,Beauty,4,35.64,142.56,2024-02-17
ORD-102700,Cotton T-Shirt,Clothing,1,10.57,10.57,2025-04-08
ORD-102701,Sneakers,Clothing,2,82.14,164.28,2024-08-30
ORD-102702,Hoodie,Clothing,4,89.64,358.56,2024-01-05
ORD-102703,Sneakers,Clothing,3,127.12,381.36,2024-02-07
ORD-102704,Yoga Mat,Sports,2,50.71,101.42,2024-12-11
ORD-102705,Wireless Earbuds,Electronics,5,86.08,430.4,2025-03-01
ORD-102706,Running Jacket,Clothing,2,36.6,73.2,2025-02-13
ORD-102707,Lipstick Set,Beauty,2,8.8,17.6,2025-09-19
ORD-102708,Sneakers,Clothing,3,129.39,388.17,2025-05-20
ORD-102709,Yoga Mat,Sports,3,48.46,145.38,2025-01-17
ORD-102710,Smartphone Case,Electronics,4,28.98,115.92,2024-02-18
ORD-102711,Bluetooth Speaker,Electronics,4,100.75,403.0,2025-12-05
ORD-102712,Wireless Earbuds,Electronics,4,103.02,412.08,2024-07-14
ORD-102713,Sunscreen,Beauty,3,26.47,79.41,2024-01-06
ORD-102714,Cycling Helmet,Sports,3,24.83,74.49,2024-02-14
ORD-102715,Yoga Mat,Sports,3,24.28,72.84,2024-09-27
ORD-102716,Air Fryer,Home & Kitchen,4,149.98,599.92,2024-10-03
ORD-102717,Fitness Tracker,Sports,4,50.63,202.52,2025-04-16
ORD-102718,Denim Jeans,Clothing,2,55.58,111.16,2025-08-21
ORD-102719,Football,Sports,7,21.16,148.12,2025-10-14
ORD-102720,Smartwatch,Electronics,1,223.53,223.53,2024-09-03
ORD-102721,Storage Container Set,Home & Kitchen,5,54.68,273.4,2024-11-25
ORD-102722,Non-stick Pan,Home & Kitchen,1,64.2,64.2,2024-09-27
ORD-102723,Hair Dryer,Beauty,6,92.27,553.62,2025-07-25
ORD-102724,Denim Jeans,Clothing,4,26.8,107.2,2025-12-12
ORD-102725,Yoga Mat,Sports,6,12.16,72.96,2024-08-05
ORD-102726,Laptop Sleeve,Electronics,4,39.84,159.36,2024-07-11
ORD-102727,Hoodie,Clothing,2,60.07,120.14,2025-06-24
ORD-102728,Running Jacket,Clothing,3,91.9,275.7,2025-12-26
ORD-102729,Smartwatch,Electronics,5,267.33,1336.65,2024-04-18
ORD-102730,Bluetooth Speaker,Electronics,2,94.91,189.82,2025-01-29
ORD-102731,Fitness Tracker,Sports,3,151.29,453.87,2024-07-26
ORD-102732,Bluetooth Speaker,Electronics,5,33.29,166.45,2025-03-09
ORD-102733,Hoodie,Clothing,2,27.07,54.14,2025-10-25
ORD-102734,Cotton T-Shirt,Clothing,2,12.59,25.18,2024-04-22
ORD-102735,Dumbbell Set,Sports,6,26.81,160.86,2024-09-30
ORD-102736,Air Fryer,Home & Kitchen,5,112.39,561.95,2024-12-26
ORD-102737,Yoga Mat,Sports,5,31.8,159.0,2024-12-28
ORD-102738,Smartwatch,Electronics,3,169.04,507.12,2025-03-17
ORD-102739,Bluetooth Speaker,Electronics,5,32.7,163.5,2025-01-13
ORD-102740,Air Fryer,Home & Kitchen,3,93.89,281.67,2024-07-17
ORD-102741,Hoodie,Clothing,4,52.71,210.84,2024-10-09
ORD-102742,Air Fryer,Home & Kitchen,3,156.25,468.75,2024-04-21
ORD-102743,Non-stick Pan,Home & Kitchen,6,24.16,144.96,2024-08-12
ORD-102744,Fitness Tracker,Sports,3,56.93,170.79,2024-09-29
ORD-102745,Storage Container Set,Home & Kitchen,4,44.42,177.68,2024-08-19
ORD-102746,Lipstick Set,Beauty,4,19.16,76.64,2025-02-05
ORD-102747,Bluetooth Speaker,Electronics,3,38.76,116.28,2025-05-22
ORD-102748,Hair Dryer,Beauty,3,44.89,134.67,2025-10-14
ORD-102749,Non-stick Pan,Home & Kitchen,5,24.31,121.55,2024-04-06
ORD-102750,Fitness Tracker,Sports,3,145.27,435.81,2025-05-03
ORD-102751,Dumbbell Set,Sports,4,60.71,242.84,2024-06-23
ORD-102752,Smartphone Case,Electronics,4,47.29,189.16,2024-12-06
ORD-102753,Wireless Earbuds,Electronics,1,113.75,113.75,2025-11-13
ORD-102754,Denim Jeans,Clothing,2,51.23,102.46,2024-09-27
ORD-102755,Wireless Earbuds,Electronics,3,60.99,182.97,2025-08-31
ORD-102756,Non-stick Pan,Home & Kitchen,3,60.12,180.36,2025-05-15
ORD-102757,Non-stick Pan,Home & Kitchen,4,44.56,178.24,2024-01-18
ORD-102758,Dumbbell Set,Sports,7,86.49,605.43,2025-06-21
ORD-102759,Face Serum,Beauty,4,33.05,132.2,2024-04-12
ORD-102760,Lipstick Set,Beauty,3,27.67,83.01,2025-05-17
ORD-102761,Cycling Helmet,Sports,2,58.62,117.24,2025-11-10
ORD-102762,Cotton T-Shirt,Clothing,3,16.98,50.94,2024-12-27
ORD-102763,Hoodie,Clothing,3,78.31,234.93,2025-11-10
ORD-102764,Fitness Tracker,Sports,4,45.09,180.36,2025-05-10
ORD-102765,Face Serum,Beauty,8,73.86,590.88,2024-05-31
ORD-102766,Dumbbell Set,Sports,4,95.27,381.08,2024-12-31
ORD-102767,Sneakers,Clothing,4,59.29,237.16,2025-01-03
ORD-102768,Laptop Sleeve,Electronics,6,23.06,138.36,2025-10-16
ORD-102769,Hoodie,Clothing,4,85.38,341.52,2025-04-05
ORD-102770,Dumbbell Set,Sports,4,137.79,551.16,2024-09-28
ORD-102771,Running Jacket,Clothing,2,78.31,156.62,2025-02-04
ORD-102772,Cycling Helmet,Sports,2,36.26,72.52,2024-11-12
ORD-102773,Storage Container Set,Home & Kitchen,6,14.81,88.86,2025-09-19
ORD-102774,Sunscreen,Beauty,2,15.84,31.68,2024-12-21
ORD-102775,Football,Sports,3,18.28,54.84,2025-12-02
ORD-102776,Sunscreen,Beauty,2,22.41,44.82,2024-10-23
ORD-102777,Storage Container Set,Home & Kitchen,2,21.2,42.4,2025-05-13
ORD-102778,Face Serum,Beauty,2,16.35,32.7,2025-04-09
ORD-102779,Hoodie,Clothing,4,25.95,103.8,2024-05-06
ORD-102780,Sneakers,Clothing,4,153.83,615.32,2024-12-26
ORD-102781,Bluetooth Speaker,Electronics,3,44.8,134.4,2024-05-21
ORD-102782,Hoodie,Clothing,1,110.39,110.39,2025-11-12
ORD-102783,Non-stick Pan,Home & Kitchen,5,35.41,177.05,2025-12-31
ORD-102784,Dumbbell Set,Sports,2,81.87,163.74,2025-03-18
ORD-102785,Smartphone Case,Electronics,3,25.54,76.62,2024-02-02
ORD-102786,Sneakers,Clothing,3,77.89,233.67,2025-03-08
ORD-102787,Cycling Helmet,Sports,5,76.32,381.6,2024-11-05
ORD-102788,Laptop Sleeve,Electronics,4,68.88,275.52,2025-11-26
ORD-102789,Moisturizer,Beauty,5,44.16,220.8,2025-11-30
ORD-102790,Sneakers,Clothing,2,59.42,118.84,2025-07-21
ORD-102791,Running Jacket,Clothing,5,106.57,532.85,2025-08-03
ORD-102792,Denim Jeans,Clothing,4,53.27,213.08,2025-01-19
ORD-102793,Yoga Mat,Sports,3,37.3,111.9,2024-05-21
ORD-102794,Sunscreen,Beauty,2,29.76,59.52,2025-12-02
ORD-102795,Sneakers,Clothing,4,69.88,279.52,2025-04-22
ORD-102796,Cotton T-Shirt,Clothing,4,10.73,42.92,2025-07-26
ORD-102797,Face Serum,Beauty,6,57.92,347.52,2024-05-23
ORD-102798,Denim Jeans,Clothing,2,38.31,76.62,2025-08-17
ORD-102799,Smartwatch,Electronics,1,274.75,274.75,2025-08-02
ORD-102800,Laptop Sleeve,Electronics,3,33.05,99.15,2024-05-08
ORD-102801,Smartwatch,Electronics,5,236.15,1180.75,2025-04-16
ORD-102802,Bluetooth Speaker,Electronics,3,31.67,95.01,2025-10-27
ORD-102803,Storage Container Set,Home & Kitchen,2,27.15,54.3,2025-08-02
ORD-102804,Cotton T-Shirt,Clothing,2,19.04,38.08,2024-05-04
ORD-102805,Face Serum,Beauty,4,30.64,122.56,2025-12-19
ORD-102806,Laptop Sleeve,Electronics,2,26.47,52.94,2024-05-19
ORD-102807,Moisturizer,Beauty,2,39.85,79.7,2024-11-04
ORD-102808,Face Serum,Beauty,1,45.13,45.13,2025-05-11
ORD-102809,Wireless Earbuds,Electronics,5,47.47,237.35,2024-01-01
ORD-102810,Fitness Tracker,Sports,1,65.81,65.81,2024-04-09
ORD-102811,Wireless Earbuds,Electronics,3,77.87,233.61,2025-06-01
ORD-102812,Wireless Earbuds,Electronics,6,113.58,681.48,2024-11-03
ORD-102813,Dumbbell Set,Sports,6,57.81,346.86,2025-07-13
ORD-102814,Air Fryer,Home & Kitchen,3,187.48,562.44,2025-11-04
ORD-102815,Cotton T-Shirt,Clothing,3,11.3,33.9,2024-07-08
ORD-102816,Moisturizer,Beauty,1,28.57,28.57,2024-06-23
ORD-102817,Moisturizer,Beauty,6,30.6,183.6,2025-05-02
ORD-102818,Cotton T-Shirt,Clothing,4,16.08,64.32,2025-08-25
ORD-102819,Air Fryer,Home & Kitchen,6,149.27,895.62,2025-01-30
ORD-102820,Laptop Sleeve,Electronics,6,24.71,148.26,2025-03-11
ORD-102821,Cotton T-Shirt,Clothing,4,15.84,63.36,2025-07-31
ORD-102822,Non-stick Pan,Home & Kitchen,4,47.19,188.76,2025-10-22
ORD-102823,Air Fryer,Home & Kitchen,2,189.02,378.04,2024-02-13
ORD-102824,Denim Jeans,Clothing,6,49.21,295.26,2025-04-24
ORD-102825,Cotton T-Shirt,Clothing,4,15.6,62.4,2024-06-11
ORD-102826,Fitness Tracker,Sports,3,76.84,230.52,2024-08-03
ORD-102827,Lipstick Set,Beauty,3,9.42,28.26,2025-06-09
ORD-102828,Storage Container Set,Home & Kitchen,4,43.98,175.92,2025-11-02
ORD-102829,Denim Jeans,Clothing,5,49.26,246.3,2024-10-12
ORD-102830,Air Fryer,Home & Kitchen,4,182.32,729.28,2024-03-10
ORD-102831,Air Fryer,Home & Kitchen,2,147.12,294.24,2025-04-28
ORD-102832,Smartwatch,Electronics,2,291.49,582.98,2025-11-05
ORD-102833,Bluetooth Speaker,Electronics,2,92.58,185.16,2025-08-25
ORD-102834,Hoodie,Clothing,2,24.99,49.98,2025-02-17
ORD-102835,Smartphone Case,Electronics,4,11.9,47.6,2024-08-25
ORD-102836,Laptop Sleeve,Electronics,2,67.48,134.96,2024-11-27
ORD-102837,Dumbbell Set,Sports,4,137.2,548.8,2024-04-17
ORD-102838,Laptop Sleeve,Electronics,4,58.99,235.96,2025-03-06
ORD-102839,Bluetooth Speaker,Electronics,9,28.71,258.39,2024-04-27
ORD-102840,Lipstick Set,Beauty,3,25.62,76.86,2025-01-18
ORD-102841,Dumbbell Set,Sports,2,42.53,85.06,2024-11-24
ORD-102842,Denim Jeans,Clothing,3,46.91,140.73,2025-10-14
ORD-102843,Bluetooth Speaker,Electronics,8,55.86,446.88,2025-05-17
ORD-102844,Denim Jeans,Clothing,4,36.08,144.32,2024-06-14
ORD-102845,Electric Kettle,Home & Kitchen,2,37.63,75.26,2024-03-29
ORD-102846,Non-stick Pan,Home & Kitchen,2,16.83,33.66,2024-07-27
ORD-102847,Wireless Earbuds,Electronics,3,97.06,291.18,2025-01-03
ORD-102848,Non-stick Pan,Home & Kitchen,3,28.48,85.44,2024-12-14
ORD-102849,Sunscreen,Beauty,4,12.96,51.84,2025-05-23
ORD-102850,Laptop Sleeve,Electronics,2,32.71,65.42,2025-05-27
ORD-102851,Vacuum Cleaner,Home & Kitchen,2,214.1,428.2,2024-05-21
ORD-102852,Sneakers,Clothing,7,90.81,635.67,2024-03-13
ORD-102853,Smartwatch,Electronics,3,159.16,477.48,2024-11-01
ORD-102854,Non-stick Pan,Home & Kitchen,2,40.83,81.66,2025-09-07
ORD-102855,Bluetooth Speaker,Electronics,3,56.9,170.7,2024-09-14
ORD-102856,Denim Jeans,Clothing,3,24.1,72.3,2024-10-21
ORD-102857,Vacuum Cleaner,Home & Kitchen,1,160.41,160.41,2025-09-17
ORD-102858,Cotton T-Shirt,Clothing,4,19.87,79.48,2025-07-13
ORD-102859,Laptop Sleeve,Electronics,6,41.95,251.7,2024-09-26
ORD-102860,Laptop Sleeve,Electronics,4,25.97,103.88,2024-09-24
ORD-102861,Yoga Mat,Sports,1,22.54,22.54,2024-05-22
ORD-102862,Hair Dryer,Beauty,5,123.7,618.5,2025-11-10
ORD-102863,Laptop Sleeve,Electronics,2,50.17,100.34,2024-03-15
ORD-102864,Vacuum Cleaner,Home & Kitchen,3,291.36,874.08,2025-12-20
ORD-102865,Hair Dryer,Beauty,6,84.69,508.14,2024-03-13
ORD-102866,Vacuum Cleaner,Home & Kitchen,2,251.2,502.4,2024-03-23
ORD-102867,Electric Kettle,Home & Kitchen,6,42.92,257.52,2024-10-04
ORD-102868,Laptop Sleeve,Electronics,4,31.62,126.48,2025-06-03
ORD-102869,Sneakers,Clothing,7,144.77,1013.39,2024-11-06
ORD-102870,Dumbbell Set,Sports,1,139.25,139.25,2024-01-22
ORD-102871,Smartphone Case,Electronics,3,26.41,79.23,2025-07-01
ORD-102872,Cotton T-Shirt,Clothing,1,17.89,17.89,2025-07-19
ORD-102873,Sneakers,Clothing,3,69.85,209.55,2025-12-13
ORD-102874,Sunscreen,Beauty,5,13.01,65.05,2024-05-21
ORD-102875,Smartwatch,Electronics,2,154.51,309.02,2025-01-11
ORD-102876,Cotton T-Shirt,Clothing,2,12.12,24.24,2024-08-31
ORD-102877,Electric Kettle,Home & Kitchen,2,45.24,90.48,2025-02-26
ORD-102878,Fitness Tracker,Sports,9,40.22,361.98,2025-08-04
ORD-102879,Moisturizer,Beauty,3,12.37,37.11,2024-02-28
ORD-102880,Smartphone Case,Electronics,2,11.69,23.38,2024-10-16
ORD-102881,Denim Jeans,Clothing,5,26.82,134.1,2024-10-26
ORD-102882,Cotton T-Shirt,Clothing,5,10.03,50.15,2025-11-03
ORD-102883,Hoodie,Clothing,1,61.42,61.42,2024-07-29
ORD-102884,Hair Dryer,Beauty,2,51.46,102.92,2024-08-13
ORD-102885,Running Jacket,Clothing,4,60.46,241.84,2025-07-18
ORD-102886,Vacuum Cleaner,Home & Kitchen,2,119.06,238.12,2024-09-30
ORD-102887,Non-stick Pan,Home & Kitchen,5,33.19,165.95,2024-02-25
ORD-102888,Hoodie,Clothing,3,40.33,120.99,2025-05-12
ORD-102889,Smartphone Case,Electronics,6,16.21,97.26,2025-06-17
ORD-102890,Moisturizer,Beauty,6,25.41,152.46,2024-05-05
ORD-102891,Moisturizer,Beauty,3,45.77,137.31,2024-02-06
ORD-102892,Lipstick Set,Beauty,4,9.34,37.36,2024-04-26
ORD-102893,Cycling Helmet,Sports,5,56.1,280.5,2024-10-11
ORD-102894,Cotton T-Shirt,Clothing,3,12.16,36.48,2024-03-02
ORD-102895,Air Fryer,Home & Kitchen,2,181.86,363.72,2024-01-20
ORD-102896,Cotton T-Shirt,Clothing,2,10.55,21.1,2024-08-17
ORD-102897,Laptop Sleeve,Electronics,5,24.2,121.0,2025-06-29
ORD-102898,Hoodie,Clothing,7,112.33,786.31,2024-12-22
ORD-102899,Cycling Helmet,Sports,4,73.96,295.84,2024-09-25
ORD-102900,Non-stick Pan,Home & Kitchen,3,67.92,203.76,2024-12-15
ORD-102901,Air Fryer,Home & Kitchen,2,191.94,383.88,2024-02-28
ORD-102902,Storage Container Set,Home & Kitchen,5,29.08,145.4,2025-07-01
ORD-102903,Vacuum Cleaner,Home & Kitchen,3,116.88,350.64,2025-06-15
ORD-102904,Football,Sports,6,14.43,86.58,2024-08-31
ORD-102905,Bluetooth Speaker,Electronics,7,100.65,704.55,2024-03-28
ORD-102906,Hair Dryer,Beauty,4,78.6,314.4,2024-12-11
ORD-102907,Bluetooth Speaker,Electronics,3,45.92,137.76,2025-01-05
ORD-102908,Hoodie,Clothing,3,29.32,87.96,2024-01-13
ORD-102909,Storage Container Set,Home & Kitchen,6,44.09,264.54,2024-09-27
ORD-102910,Cotton T-Shirt,Clothing,3,7.28,21.84,2025-03-26
ORD-102911,Bluetooth Speaker,Electronics,4,57.37,229.48,2025-05-06
ORD-102912,Air Fryer,Home & Kitchen,1,143.22,143.22,2024-02-29
ORD-102913,Smartwatch,Electronics,4,182.07,728.28,2025-07-18
ORD-102914,Smartphone Case,Electronics,4,28.93,115.72,2024-09-21
ORD-102915,Sneakers,Clothing,4,58.41,233.64,2024-05-10
ORD-102916,Smartwatch,Electronics,6,137.6,825.6,2025-11-02
ORD-102917,Wireless Earbuds,Electronics,3,101.89,305.67,2024-07-07
ORD-102918,Fitness Tracker,Sports,3,46.29,138.87,2024-11-20
ORD-102919,Face Serum,Beauty,5,71.2,356.0,2024-09-22
ORD-102920,Bluetooth Speaker,Electronics,2,81.54,163.08,2025-07-07
ORD-102921,Storage Container Set,Home & Kitchen,4,14.18,56.72,2024-04-21
ORD-102922,Hoodie,Clothing,5,40.46,202.3,2024-03-20
ORD-102923,Running Jacket,Clothing,2,76.95,153.9,2025-11-28
ORD-102924,Storage Container Set,Home & Kitchen,4,13.71,54.84,2024-05-26
ORD-102925,Storage Container Set,Home & Kitchen,8,53.59,428.72,2024-12-09
ORD-102926,Cycling Helmet,Sports,1,85.09,85.09,2025-04-26
ORD-102927,Cotton T-Shirt,Clothing,2,16.43,32.86,2024-06-13
ORD-102928,Denim Jeans,Clothing,2,23.82,47.64,2025-08-28
ORD-102929,Storage Container Set,Home & Kitchen,5,38.18,190.9,2025-06-07
ORD-102930,Sunscreen,Beauty,2,19.36,38.72,2025-12-30
ORD-102931,Smartwatch,Electronics,6,205.98,1235.88,2024-02-03
ORD-102932,Wireless Earbuds,Electronics,3,128.99,386.97,2024-03-20
ORD-102933,Fitness Tracker,Sports,2,166.17,332.34,2025-05-30
ORD-102934,Air Fryer,Home & Kitchen,4,171.96,687.84,2025-07-05
ORD-102935,Fitness Tracker,Sports,6,117.79,706.74,2024-02-22
ORD-102936,Vacuum Cleaner,Home & Kitchen,2,129.27,258.54,2025-03-27
ORD-102937,Smartwatch,Electronics,5,286.82,1434.1,2024-10-27
ORD-102938,Running Jacket,Clothing,4,64.33,257.32,2024-08-24
ORD-102939,Face Serum,Beauty,2,29.34,58.68,2025-12-10
ORD-102940,Lipstick Set,Beauty,3,10.82,32.46,2025-01-05
ORD-102941,Non-stick Pan,Home & Kitchen,6,48.21,289.26,2025-01-05
ORD-102942,Air Fryer,Home & Kitchen,5,88.65,443.25,2025-03-04
ORD-102943,Moisturizer,Beauty,2,21.15,42.3,2025-07-04
ORD-102944,Fitness Tracker,Sports,3,55.8,167.4,2025-11-12
ORD-102945,Running Jacket,Clothing,3,75.07,225.21,2024-12-15
ORD-102946,Laptop Sleeve,Electronics,2,61.15,122.3,2025-06-01
ORD-102947,Electric Kettle,Home & Kitchen,3,51.68,155.04,2024-07-03
ORD-102948,Wireless Earbuds,Electronics,4,57.6,230.4,2025-03-04
ORD-102949,Air Fryer,Home & Kitchen,6,68.01,408.06,2024-04-13
ORD-102950,Laptop Sleeve,Electronics,2,44.39,88.78,2024-01-25
ORD-102951,Dumbbell Set,Sports,6,124.69,748.14,2025-06-11
ORD-102952,Football,Sports,2,15.35,30.7,2024-12-28
ORD-102953,Moisturizer,Beauty,2,24.19,48.38,2025-12-30
ORD-102954,Running Jacket,Clothing,3,77.85,233.55,2025-08-28
ORD-102955,Wireless Earbuds,Electronics,9,91.86,826.74,2024-03-16
ORD-102956,Sneakers,Clothing,9,104.49,940.41,2025-02-22
ORD-102957,Lipstick Set,Beauty,2,30.28,60.56,2024-10-23
ORD-102958,Moisturizer,Beauty,4,43.1,172.4,2025-08-26
ORD-102959,Yoga Mat,Sports,4,50.91,203.64,2024-06-04
ORD-102960,Storage Container Set,Home & Kitchen,1,43.01,43.01,2025-11-21
ORD-102961,Sneakers,Clothing,3,110.95,332.85,2024-06-29
ORD-102962,Non-stick Pan,Home & Kitchen,2,32.08,64.16,2024-08-25
ORD-102963,Hoodie,Clothing,1,81.75,81.75,2025-06-14
ORD-102964,Air Fryer,Home & Kitchen,3,99.19,297.57,2024-10-19
ORD-102965,Denim Jeans,Clothing,6,20.98,125.88,2024-05-26
ORD-102966,Dumbbell Set,Sports,6,85.02,510.12,2025-03-16
ORD-102967,Vacuum Cleaner,Home & Kitchen,2,118.79,237.58,2024-11-17
ORD-102968,Cotton T-Shirt,Clothing,4,11.89,47.56,2024-10-21
ORD-102969,Denim Jeans,Clothing,3,57.96,173.88,2024-10-22
ORD-102970,Hoodie,Clothing,6,73.06,438.36,2024-04-18
ORD-102971,Electric Kettle,Home & Kitchen,2,23.59,47.18,2024-04-08
ORD-102972,Dumbbell Set,Sports,5,107.42,537.1,2024-01-29
ORD-102973,Smartwatch,Electronics,3,262.19,786.57,2025-07-04
ORD-102974,Wireless Earbuds,Electronics,4,53.46,213.84,2025-01-13
ORD-102975,Fitness Tracker,Sports,5,120.57,602.85,2025-03-12
ORD-102976,Air Fryer,Home & Kitchen,5,191.71,958.55,2024-10-29
ORD-102977,Face Serum,Beauty,3,62.56,187.68,2025-03-31
ORD-102978,Non-stick Pan,Home & Kitchen,5,63.4,317.0,2024-05-20
ORD-102979,Face Serum,Beauty,2,71.68,143.36,2024-12-28
ORD-102980,Moisturizer,Beauty,2,20.77,41.54,2024-03-17
ORD-102981,Storage Container Set,Home & Kitchen,4,34.01,136.04,2025-04-09
ORD-102982,Non-stick Pan,Home & Kitchen,1,57.01,57.01,2025-12-24
ORD-102983,Yoga Mat,Sports,4,17.5,70.0,2025-03-19
ORD-102984,Sunscreen,Beauty,3,14.84,44.52,2024-11-21
ORD-102985,Non-stick Pan,Home & Kitchen,7,46.45,325.15,2025-10-11
ORD-102986,Hoodie,Clothing,2,75.68,151.36,2025-01-20
ORD-102987,Smartphone Case,Electronics,6,21.19,127.14,2024-09-28
ORD-102988,Electric Kettle,Home & Kitchen,4,25.11,100.44,2025-05-23
ORD-102989,Wireless Earbuds,Electronics,5,106.63,533.15,2025-06-12
ORD-102990,Face Serum,Beauty,3,14.36,43.08,2025-03-20
ORD-102991,Electric Kettle,Home & Kitchen,4,31.25,125.0,2025-12-28
ORD-102992,Running Jacket,Clothing,2,52.76,105.52,2025-09-20
ORD-102993,Storage Container Set,Home & Kitchen,5,27.37,136.85,2025-05-10
ORD-102994,Cycling Helmet,Sports,4,76.41,305.64,2024-08-25
ORD-102995,Air Fryer,Home & Kitchen,3,89.07,267.21,2025-10-07
ORD-102996,Sneakers,Clothing,2,49.2,98.4,2024-10-29
ORD-102997,Bluetooth Speaker,Electronics,2,87.24,174.48,2025-03-05
ORD-102998,Sneakers,Clothing,5,53.69,268.45,2024-04-28
ORD-102999,Yoga Mat,Sports,5,49.24,246.2,2024-12-21
ORD-103000,Lipstick Set,Beauty,2,25.08,50.16,2025-05-15
ORD-103001,Face Serum,Beauty,4,27.49,109.96,2024-10-24
ORD-103002,Laptop Sleeve,Electronics,4,42.27,169.08,2024-03-03
ORD-103003,Running Jacket,Clothing,7,66.88,468.16,2025-02-25
ORD-103004,Sneakers,Clothing,2,139.06,278.12,2024-09-23
ORD-103005,Denim Jeans,Clothing,6,57.63,345.78,2024-12-13
ORD-103006,Laptop Sleeve,Electronics,6,29.79,178.74,2025-02-23
ORD-103007,Fitness Tracker,Sports,4,136.3,545.2,2024-07-30
ORD-103008,Smartwatch,Electronics,4,162.17,648.68,2025-09-17
ORD-103009,Non-stick Pan,Home & Kitchen,4,50.19,200.76,2024-01-22
ORD-103010,Bluetooth Speaker,Electronics,4,118.57,474.28,2024-12-27
ORD-103011,Non-stick Pan,Home & Kitchen,7,26.11,182.77,2025-06-15
ORD-103012,Electric Kettle,Home & Kitchen,5,29.89,149.45,2025-07-02
ORD-103013,Hair Dryer,Beauty,6,100.13,600.78,2024-06-14
ORD-103014,Denim Jeans,Clothing,6,48.96,293.76,2025-07-20
ORD-103015,Yoga Mat,Sports,4,45.16,180.64,2024-01-21
ORD-103016,Vacuum Cleaner,Home & Kitchen,4,212.48,849.92,2025-02-11
ORD-103017,Bluetooth Speaker,Electronics,3,41.51,124.53,2024-11-04
ORD-103018,Electric Kettle,Home & Kitchen,3,27.15,81.45,2024-02-04
ORD-103019,Laptop Sleeve,Electronics,5,45.96,229.8,2025-11-02
ORD-103020,Hair Dryer,Beauty,4,25.19,100.76,2024-03-27
ORD-103021,Air Fryer,Home & Kitchen,4,48.67,194.68,2024-01-21
ORD-103022,Fitness Tracker,Sports,6,43.92,263.52,2024-06-04
ORD-103023,Air Fryer,Home & Kitchen,4,187.11,748.44,2024-07-17
ORD-103024,Cycling Helmet,Sports,4,49.38,197.52,2025-03-11
ORD-103025,Bluetooth Speaker,Electronics,4,38.78,155.12,2025-04-14
ORD-103026,Hoodie,Clothing,6,47.25,283.5,2025-04-27
ORD-103027,Denim Jeans,Clothing,2,39.71,79.42,2025-02-20
ORD-103028,Vacuum Cleaner,Home & Kitchen,1,132.88,132.88,2025-06-02
ORD-103029,Laptop Sleeve,Electronics,4,56.77,227.08,2025-02-07
ORD-103030,Face Serum,Beauty,4,25.22,100.88,2025-04-08
ORD-103031,Football,Sports,5,21.1,105.5,2024-08-25
ORD-103032,Non-stick Pan,Home & Kitchen,2,32.62,65.24,2025-10-20
ORD-103033,Wireless Earbuds,Electronics,1,83.72,83.72,2024-04-07
ORD-103034,Laptop Sleeve,Electronics,4,28.33,113.32,2025-08-30
ORD-103035,Smartwatch,Electronics,5,203.99,1019.95,2025-04-29
ORD-103036,Dumbbell Set,Sports,8,115.37,922.96,2024-03-01
ORD-103037,Running Jacket,Clothing,3,144.87,434.61,2024-12-11
ORD-103038,Smartwatch,Electronics,4,161.29,645.16,2025-09-05
ORD-103039,Smartphone Case,Electronics,3,34.1,102.3,2025-07-29
ORD-103040,Storage Container Set,Home & Kitchen,5,17.34,86.7,2025-10-29
ORD-103041,Sneakers,Clothing,5,104.13,520.65,2025-06-10
ORD-103042,Face Serum,Beauty,3,31.89,95.67,2024-04-17
ORD-103043,Smartphone Case,Electronics,2,12.1,24.2,2024-01-14
ORD-103044,Moisturizer,Beauty,3,25.23,75.69,2024-07-21
ORD-103045,Yoga Mat,Sports,2,28.75,57.5,2025-03-10
ORD-103046,Vacuum Cleaner,Home & Kitchen,6,94.52,567.12,2025-05-13
ORD-103047,Football,Sports,5,11.22,56.1,2025-02-12
ORD-103048,Bluetooth Speaker,Electronics,3,62.34,187.02,2025-11-23
ORD-103049,Running Jacket,Clothing,6,79.55,477.3,2025-07-31
ORD-103050,Smartwatch,Electronics,5,183.13,915.65,2025-12-02
ORD-103051,Storage Container Set,Home & Kitchen,5,37.25,186.25,2025-06-15
ORD-103052,Electric Kettle,Home & Kitchen,3,64.27,192.81,2024-12-04
ORD-103053,Moisturizer,Beauty,2,30.05,60.1,2024-06-17
ORD-103054,Face Serum,Beauty,3,48.52,145.56,2024-11-21
ORD-103055,Wireless Earbuds,Electronics,3,58.51,175.53,2024-01-06
ORD-103056,Wireless Earbuds,Electronics,3,77.1,231.3,2025-07-04
ORD-103057,Smartwatch,Electronics,5,210.5,1052.5,2025-04-24
ORD-103058,Smartwatch,Electronics,2,158.09,316.18,2024-08-19
ORD-103059,Smartphone Case,Electronics,2,17.74,35.48,2024-10-08
ORD-103060,Football,Sports,2,32.03,64.06,2025-08-21
ORD-103061,Sneakers,Clothing,2,88.95,177.9,2024-09-17
ORD-103062,Electric Kettle,Home & Kitchen,2,41.78,83.56,2024-03-20
ORD-103063,Smartphone Case,Electronics,4,13.54,54.16,2024-10-13
ORD-103064,Electric Kettle,Home & Kitchen,1,43.81,43.81,2025-06-18
ORD-103065,Hair Dryer,Beauty,4,68.87,275.48,2025-08-12
ORD-103066,Storage Container Set,Home & Kitchen,6,34.22,205.32,2025-09-22
ORD-103067,Electric Kettle,Home & Kitchen,4,49.67,198.68,2024-01-03
ORD-103068,Yoga Mat,Sports,2,17.58,35.16,2025-09-21
ORD-103069,Wireless Earbuds,Electronics,3,54.61,163.83,2024-11-27
ORD-103070,Dumbbell Set,Sports,7,124.16,869.12,2025-06-07
ORD-103071,Sneakers,Clothing,3,76.65,229.95,2024-11-30
ORD-103072,Moisturizer,Beauty,3,23.62,70.86,2025-07-27
ORD-103073,Lipstick Set,Beauty,7,20.35,142.45,2024-12-29
ORD-103074,Vacuum Cleaner,Home & Kitchen,5,259.85,1299.25,2024-03-21
ORD-103075,Dumbbell Set,Sports,3,116.2,348.6,2025-10-10
ORD-103076,Lipstick Set,Beauty,4,24.04,96.16,2025-07-27
ORD-103077,Hair Dryer,Beauty,4,40.87,163.48,2025-12-02
ORD-103078,Cycling Helmet,Sports,5,22.23,111.15,2024-07-01
ORD-103079,Sneakers,Clothing,5,91.31,456.55,2025-11-17
ORD-103080,Hoodie,Clothing,4,84.16,336.64,2025-07-27
ORD-103081,Dumbbell Set,Sports,4,73.12,292.48,2025-01-26
ORD-103082,Yoga Mat,Sports,2,29.55,59.1,2024-07-19
ORD-103083,Non-stick Pan,Home & Kitchen,3,31.05,93.15,2025-08-23
ORD-103084,Bluetooth Speaker,Electronics,1,62.12,62.12,2024-09-16
ORD-103085,Bluetooth Speaker,Electronics,4,66.63,266.52,2024-02-04
ORD-103086,Air Fryer,Home & Kitchen,4,195.26,781.04,2024-02-14
ORD-103087,Hair Dryer,Beauty,5,24.63,123.15,2025-10-02
ORD-103088,Non-stick Pan,Home & Kitchen,3,65.73,197.19,2025-04-27
ORD-103089,Air Fryer,Home & Kitchen,5,137.42,687.1,2024-06-26
ORD-103090,Fitness Tracker,Sports,2,38.52,77.04,2024-04-16
ORD-103091,Smartphone Case,Electronics,3,37.47,112.41,2025-12-23
ORD-103092,Dumbbell Set,Sports,4,72.9,291.6,2024-03-25
ORD-103093,Yoga Mat,Sports,4,36.34,145.36,2025-03-30
ORD-103094,Wireless Earbuds,Electronics,3,62.41,187.23,2025-07-11
ORD-103095,Fitness Tracker,Sports,2,78.85,157.7,2024-01-18
ORD-103096,Hair Dryer,Beauty,1,37.08,37.08,2025-12-27
ORD-103097,Cycling Helmet,Sports,5,20.94,104.7,2025-06-12
ORD-103098,Air Fryer,Home & Kitchen,3,184.5,553.5,2025-11-14
ORD-103099,Smartwatch,Electronics,4,224.94,899.76,2024-05-31
ORD-103100,Laptop Sleeve,Electronics,2,30.13,60.26,2024-02-15
ORD-103101,Smartwatch,Electronics,3,114.02,342.06,2025-02-23
ORD-103102,Face Serum,Beauty,4,35.3,141.2,2024-11-14
ORD-103103,Running Jacket,Clothing,2,65.91,131.82,2025-04-22
ORD-103104,Sunscreen,Beauty,2,10.86,21.72,2025-04-19
ORD-103105,Dumbbell Set,Sports,3,42.08,126.24,2024-03-29
ORD-103106,Non-stick Pan,Home & Kitchen,3,61.98,185.94,2024-06-22
ORD-103107,Bluetooth Speaker,Electronics,2,32.07,64.14,2025-04-16
ORD-103108,Moisturizer,Beauty,5,52.62,263.1,2024-11-11
ORD-103109,Electric Kettle,Home & Kitchen,1,33.52,33.52,2024-05-15
ORD-103110,Running Jacket,Clothing,3,59.8,179.4,2024-07-01
ORD-103111,Air Fryer,Home & Kitchen,4,171.44,685.76,2024-08-19
ORD-103112,Denim Jeans,Clothing,3,62.22,186.66,2024-06-30
ORD-103113,Sneakers,Clothing,1,45.52,45.52,2024-09-27
ORD-103114,Running Jacket,Clothing,2,127.9,255.8,2024-12-23
ORD-103115,Electric Kettle,Home & Kitchen,9,56.35,507.15,2024-02-07
ORD-103116,Electric Kettle,Home & Kitchen,5,38.85,194.25,2025-07-04
ORD-103117,Football,Sports,3,37.86,113.58,2024-12-21
ORD-103118,Hair Dryer,Beauty,4,46.45,185.8,2024-07-31
ORD-103119,Fitness Tracker,Sports,1,40.36,40.36,2024-10-02
ORD-103120,Hair Dryer,Beauty,4,56.21,224.84,2024-08-11
ORD-103121,Wireless Earbuds,Electronics,4,95.07,380.28,2025-06-13
ORD-103122,Smartphone Case,Electronics,3,24.81,74.43,2025-04-23
ORD-103123,Sneakers,Clothing,1,130.83,130.83,2025-11-05
ORD-103124,Wireless Earbuds,Electronics,4,67.25,269.0,2025-10-06
ORD-103125,Dumbbell Set,Sports,1,79.91,79.91,2025-03-07
ORD-103126,Cotton T-Shirt,Clothing,2,24.23,48.46,2024-07-10
ORD-103127,Sneakers,Clothing,5,53.24,266.2,2025-07-13
ORD-103128,Smartwatch,Electronics,3,166.96,500.88,2025-04-12
ORD-103129,Lipstick Set,Beauty,4,29.88,119.52,2025-04-29
ORD-103130,Running Jacket,Clothing,4,67.19,268.76,2025-09-07
ORD-103131,Hair Dryer,Beauty,3,110.17,330.51,2024-02-11
ORD-103132,Fitness Tracker,Sports,6,97.19,583.14,2024-04-20
ORD-103133,Sunscreen,Beauty,5,20.78,103.9,2025-02-14
ORD-103134,Smartphone Case,Electronics,2,49.43,98.86,2024-11-03
ORD-103135,Fitness Tracker,Sports,2,144.16,288.32,2024-07-22
ORD-103136,Electric Kettle,Home & Kitchen,5,44.08,220.4,2024-05-13
ORD-103137,Face Serum,Beauty,3,28.85,86.55,2024-04-02
ORD-103138,Hair Dryer,Beauty,1,44.8,44.8,2025-04-14
ORD-103139,Denim Jeans,Clothing,5,60.07,300.35,2024-07-24
ORD-103140,Cotton T-Shirt,Clothing,7,12.16,85.12,2024-07-08
ORD-103141,Wireless Earbuds,Electronics,3,46.17,138.51,2024-09-07
ORD-103142,Storage Container Set,Home & Kitchen,1,24.62,24.62,2024-01-06
ORD-103143,Sneakers,Clothing,4,125.93,503.72,2025-07-17
ORD-103144,Lipstick Set,Beauty,7,24.75,173.25,2025-11-15
ORD-103145,Denim Jeans,Clothing,8,36.13,289.04,2024-04-08
ORD-103146,Denim Jeans,Clothing,4,46.04,184.16,2025-02-13
ORD-103147,Football,Sports,4,24.25,97.0,2025-09-03
ORD-103148,Laptop Sleeve,Electronics,2,73.01,146.02,2025-11-16
ORD-103149,Electric Kettle,Home & Kitchen,2,24.87,49.74,2025-09-15
ORD-103150,Bluetooth Speaker,Electronics,4,83.77,335.08,2024-12-14
ORD-103151,Smartwatch,Electronics,1,257.55,257.55,2025-02-11
ORD-103152,Electric Kettle,Home & Kitchen,5,25.47,127.35,2025-05-26
ORD-103153,Laptop Sleeve,Electronics,4,28.87,115.48,2024-04-05
ORD-103154,Air Fryer,Home & Kitchen,1,101.08,101.08,2024-06-03
ORD-103155,Sneakers,Clothing,4,65.31,261.24,2024-02-05
ORD-103156,Dumbbell Set,Sports,3,72.15,216.45,2024-06-16
ORD-103157,Non-stick Pan,Home & Kitchen,2,61.34,122.68,2025-04-21
ORD-103158,Cotton T-Shirt,Clothing,5,31.94,159.7,2025-11-02
ORD-103159,Face Serum,Beauty,6,32.54,195.24,2024-06-13
ORD-103160,Air Fryer,Home & Kitchen,3,142.7,428.1,2025-12-03
ORD-103161,Air Fryer,Home & Kitchen,1,178.61,178.61,2025-03-08
ORD-103162,Running Jacket,Clothing,3,38.89,116.67,2025-10-11
ORD-103163,Lipstick Set,Beauty,1,22.27,22.27,2025-05-29
ORD-103164,Storage Container Set,Home & Kitchen,5,46.5,232.5,2025-07-01
ORD-103165,Smartphone Case,Electronics,1,24.47,24.47,2025-03-10
ORD-103166,Cotton T-Shirt,Clothing,5,9.35,46.75,2024-06-02
ORD-103167,Fitness Tracker,Sports,3,55.38,166.14,2024-09-21
ORD-103168,Lipstick Set,Beauty,6,9.96,59.76,2025-03-21
ORD-103169,Cotton T-Shirt,Clothing,3,17.49,52.47,2025-05-16
ORD-103170,Smartwatch,Electronics,4,209.03,836.12,2025-12-03
ORD-103171,Running Jacket,Clothing,6,72.46,434.76,2024-01-25
ORD-103172,Bluetooth Speaker,Electronics,2,22.1,44.2,2025-03-03
ORD-103173,Cotton T-Shirt,Clothing,3,9.72,29.16,2025-09-02
ORD-103174,Sunscreen,Beauty,5,14.12,70.6,2025-02-09
ORD-103175,Wireless Earbuds,Electronics,6,101.55,609.3,2024-05-09
ORD-103176,Air Fryer,Home & Kitchen,2,101.27,202.54,2024-10-08
ORD-103177,Hoodie,Clothing,4,80.33,321.32,2024-09-06
ORD-103178,Fitness Tracker,Sports,3,95.35,286.05,2025-08-05
ORD-103179,Bluetooth Speaker,Electronics,4,29.81,119.24,2024-02-09
ORD-103180,Yoga Mat,Sports,3,35.87,107.61,2025-01-26
ORD-103181,Hair Dryer,Beauty,3,86.45,259.35,2025-10-14
ORD-103182,Cotton T-Shirt,Clothing,6,27.09,162.54,2024-07-07
ORD-103183,Cotton T-Shirt,Clothing,1,26.68,26.68,2025-03-19
ORD-103184,Sunscreen,Beauty,2,28.55,57.1,2024-09-24
ORD-103185,Vacuum Cleaner,Home & Kitchen,4,225.64,902.56,2024-09-06
ORD-103186,Smartwatch,Electronics,6,142.79,856.74,2025-04-29
ORD-103187,Cycling Helmet,Sports,3,79.06,237.18,2025-12-06
ORD-103188,Cotton T-Shirt,Clothing,4,13.72,54.88,2025-09-11
ORD-103189,Bluetooth Speaker,Electronics,6,27.85,167.1,2024-10-06
ORD-103190,Laptop Sleeve,Electronics,2,34.02,68.04,2025-11-03
ORD-103191,Hoodie,Clothing,3,42.69,128.07,2025-10-12
ORD-103192,Wireless Earbuds,Electronics,1,84.89,84.89,2025-12-27
ORD-103193,Bluetooth Speaker,Electronics,2,77.45,154.9,2025-12-30
ORD-103194,Sneakers,Clothing,5,101.93,509.65,2025-10-12
ORD-103195,Air Fryer,Home & Kitchen,3,59.65,178.95,2025-07-25
ORD-103196,Running Jacket,Clothing,3,43.48,130.44,2025-03-31
ORD-103197,Football,Sports,4,25.48,101.92,2024-08-03
ORD-103198,Laptop Sleeve,Electronics,3,37.02,111.06,2024-09-18
ORD-103199,Vacuum Cleaner,Home & Kitchen,4,201.3,805.2,2024-03-21
ORD-103200,Storage Container Set,Home & Kitchen,4,18.61,74.44,2024-03-26
ORD-103201,Cycling Helmet,Sports,7,44.12,308.84,2024-11-07
ORD-103202,Sneakers,Clothing,3,55.31,165.93,2024-01-31
ORD-103203,Vacuum Cleaner,Home & Kitchen,2,192.4,384.8,2024-12-26
ORD-103204,Cotton T-Shirt,Clothing,5,17.79,88.95,2024-10-17
ORD-103205,Electric Kettle,Home & Kitchen,6,47.69,286.14,2025-01-19
ORD-103206,Smartwatch,Electronics,3,101.39,304.17,2024-05-06
ORD-103207,Wireless Earbuds,Electronics,2,56.8,113.6,2025-08-07
ORD-103208,Football,Sports,1,25.93,25.93,2025-07-17
ORD-103209,Lipstick Set,Beauty,3,17.27,51.81,2025-09-05
ORD-103210,Face Serum,Beauty,2,79.84,159.68,2025-11-11
ORD-103211,Cycling Helmet,Sports,2,60.35,120.7,2025-05-29
ORD-103212,Sneakers,Clothing,5,119.93,599.65,2025-05-21
ORD-103213,Sneakers,Clothing,5,152.97,764.85,2024-06-09
ORD-103214,Bluetooth Speaker,Electronics,4,51.67,206.68,2024-01-04
ORD-103215,Sneakers,Clothing,6,56.99,341.94,2025-11-02
ORD-103216,Football,Sports,4,30.45,121.8,2025-08-17
ORD-103217,Football,Sports,3,31.35,94.05,2024-07-12
ORD-103218,Electric Kettle,Home & Kitchen,2,42.39,84.78,2025-09-16
ORD-103219,Fitness Tracker,Sports,4,131.06,524.24,2025-08-07
ORD-103220,Cycling Helmet,Sports,5,36.59,182.95,2025-09-16
ORD-103221,Air Fryer,Home & Kitchen,3,73.7,221.1,2025-12-01
ORD-103222,Hoodie,Clothing,4,44.42,177.68,2025-10-31
ORD-103223,Electric Kettle,Home & Kitchen,5,36.86,184.3,2024-06-14
ORD-103224,Moisturizer,Beauty,1,27.53,27.53,2024-06-28
ORD-103225,Moisturizer,Beauty,4,18.05,72.2,2024-11-26
ORD-103226,Wireless Earbuds,Electronics,6,95.53,573.18,2024-07-30
ORD-103227,Hoodie,Clothing,3,88.31,264.93,2025-03-30
ORD-103228,Lipstick Set,Beauty,4,26.9,107.6,2025-05-27
ORD-103229,Hair Dryer,Beauty,6,40.13,240.78,2024-06-12
ORD-103230,Face Serum,Beauty,2,47.98,95.96,2024-01-08
ORD-103231,Lipstick Set,Beauty,1,33.47,33.47,2025-06-16
ORD-103232,Yoga Mat,Sports,3,46.04,138.12,2025-03-03
ORD-103233,Fitness Tracker,Sports,3,143.56,430.68,2024-05-03
ORD-103234,Vacuum Cleaner,Home & Kitchen,2,172.47,344.94,2024-01-25
ORD-103235,Face Serum,Beauty,3,58.39,175.17,2024-10-26
ORD-103236,Face Serum,Beauty,5,37.29,186.45,2025-01-07
ORD-103237,Football,Sports,3,31.66,94.98,2025-03-14
ORD-103238,Bluetooth Speaker,Electronics,7,80.63,564.41,2025-08-16
ORD-103239,Smartphone Case,Electronics,5,20.08,100.4,2025-01-10
ORD-103240,Denim Jeans,Clothing,2,29.29,58.58,2025-05-09
ORD-103241,Wireless Earbuds,Electronics,1,97.48,97.48,2025-04-14
ORD-103242,Electric Kettle,Home & Kitchen,2,33.57,67.14,2024-09-23
ORD-103243,Hair Dryer,Beauty,3,80.27,240.81,2025-04-06
ORD-103244,Vacuum Cleaner,Home & Kitchen,2,224.58,449.16,2024-02-06
ORD-103245,Bluetooth Speaker,Electronics,2,40.01,80.02,2024-01-27
ORD-103246,Running Jacket,Clothing,3,68.27,204.81,2025-12-31
ORD-103247,Dumbbell Set,Sports,3,88.03,264.09,2025-08-04
ORD-103248,Air Fryer,Home & Kitchen,5,125.25,626.25,2025-11-20
ORD-103249,Moisturizer,Beauty,2,32.51,65.02,2024-05-30
ORD-103250,Cycling Helmet,Sports,3,33.23,99.69,2025-10-14
ORD-103251,Fitness Tracker,Sports,3,55.67,167.01,2024-11-06
ORD-103252,Bluetooth Speaker,Electronics,2,80.76,161.52,2025-06-04
ORD-103253,Football,Sports,3,29.94,89.82,2025-05-03
ORD-103254,Bluetooth Speaker,Electronics,1,38.89,38.89,2025-10-21
ORD-103255,Cycling Helmet,Sports,5,49.03,245.15,2025-06-19
ORD-103256,Football,Sports,2,15.4,30.8,2025-10-25
ORD-103257,Electric Kettle,Home & Kitchen,2,52.59,105.18,2025-05-10
ORD-103258,Wireless Earbuds,Electronics,3,75.56,226.68,2024-12-16
ORD-103259,Smartphone Case,Electronics,4,24.98,99.92,2024-10-11
ORD-103260,Face Serum,Beauty,9,22.7,204.3,2025-10-27
ORD-103261,Vacuum Cleaner,Home & Kitchen,4,239.97,959.88,2025-10-15
ORD-103262,Fitness Tracker,Sports,3,119.67,359.01,2024-08-21
ORD-103263,Cotton T-Shirt,Clothing,3,17.37,52.11,2025-02-12
ORD-103264,Fitness Tracker,Sports,2,65.48,130.96,2024-03-09
ORD-103265,Fitness Tracker,Sports,3,158.66,475.98,2024-03-22
ORD-103266,Smartwatch,Electronics,5,149.04,745.2,2025-06-19
ORD-103267,Denim Jeans,Clothing,4,75.45,301.8,2025-12-07
ORD-103268,Dumbbell Set,Sports,1,131.18,131.18,2025-12-07
ORD-103269,Smartwatch,Electronics,2,187.72,375.44,2024-09-29
ORD-103270,Smartphone Case,Electronics,4,34.37,137.48,2024-03-06
ORD-103271,Bluetooth Speaker,Electronics,1,38.56,38.56,2024-03-03
ORD-103272,Hoodie,Clothing,4,57.1,228.4,2025-05-03
ORD-103273,Non-stick Pan,Home & Kitchen,2,65.24,130.48,2024-11-22
ORD-103274,Laptop Sleeve,Electronics,1,33.69,33.69,2024-04-29
ORD-103275,Non-stick Pan,Home & Kitchen,2,45.56,91.12,2025-07-09
ORD-103276,Storage Container Set,Home & Kitchen,2,12.7,25.4,2025-08-05
ORD-103277,Cotton T-Shirt,Clothing,4,20.09,80.36,2025-03-29
ORD-103278,Smartwatch,Electronics,4,288.74,1154.96,2025-04-12
ORD-103279,Sneakers,Clothing,5,66.12,330.6,2025-09-07
ORD-103280,Storage Container Set,Home & Kitchen,4,29.35,117.4,2025-06-03
ORD-103281,Running Jacket,Clothing,3,98.6,295.8,2024-09-27
ORD-103282,Running Jacket,Clothing,2,84.33,168.66,2025-11-25
ORD-103283,Sneakers,Clothing,4,133.42,533.68,2024-04-24
ORD-103284,Football,Sports,3,19.18,57.54,2024-01-07
ORD-103285,Football,Sports,5,16.24,81.2,2025-05-22
ORD-103286,Laptop Sleeve,Electronics,3,45.54,136.62,2025-11-20
ORD-103287,Football,Sports,3,37.3,111.9,2024-12-16
ORD-103288,Electric Kettle,Home & Kitchen,4,46.44,185.76,2024-07-17
ORD-103289,Moisturizer,Beauty,4,36.94,147.76,2024-11-10
ORD-103290,Hoodie,Clothing,2,28.52,57.04,2025-04-28
ORD-103291,Hoodie,Clothing,5,61.03,305.15,2024-08-03
ORD-103292,Smartphone Case,Electronics,5,26.97,134.85,2024-07-15
ORD-103293,Moisturizer,Beauty,6,33.91,203.46,2025-09-16
ORD-103294,Hoodie,Clothing,4,70.58,282.32,2025-04-30
ORD-103295,Hair Dryer,Beauty,3,93.49,280.47,2024-08-22
ORD-103296,Storage Container Set,Home & Kitchen,1,16.22,16.22,2025-01-14
ORD-103297,Running Jacket,Clothing,4,80.33,321.32,2024-11-18
ORD-103298,Sneakers,Clothing,3,32.95,98.85,2025-03-03
ORD-103299,Yoga Mat,Sports,8,22.57,180.56,2025-02-22
ORD-103300,Lipstick Set,Beauty,3,8.54,25.62,2024-10-07
ORD-103301,Moisturizer,Beauty,5,46.96,234.8,2025-11-08
ORD-103302,Running Jacket,Clothing,4,50.61,202.44,2024-01-25
ORD-103303,Hair Dryer,Beauty,4,71.09,284.36,2025-07-25
ORD-103304,Smartphone Case,Electronics,2,22.0,44.0,2025-09-24
ORD-103305,Yoga Mat,Sports,4,22.63,90.52,2024-03-17
ORD-103306,Sneakers,Clothing,8,84.01,672.08,2025-08-30
ORD-103307,Yoga Mat,Sports,2,32.28,64.56,2025-11-06
ORD-103308,Football,Sports,2,17.78,35.56,2024-09-12
ORD-103309,Air Fryer,Home & Kitchen,2,66.2,132.4,2024-03-01
ORD-103310,Storage Container Set,Home & Kitchen,1,27.05,27.05,2025-07-04
ORD-103311,Yoga Mat,Sports,5,16.22,81.1,2025-04-28
ORD-103312,Hair Dryer,Beauty,2,87.33,174.66,2025-02-27
ORD-103313,Fitness Tracker,Sports,2,120.98,241.96,2024-11-02
ORD-103314,Air Fryer,Home & Kitchen,8,110.65,885.2,2024-09-08
ORD-103315,Storage Container Set,Home & Kitchen,5,33.74,168.7,2025-07-24
ORD-103316,Cotton T-Shirt,Clothing,4,20.6,82.4,2024-05-23
ORD-103317,Bluetooth Speaker,Electronics,5,84.01,420.05,2025-01-04
ORD-103318,Denim Jeans,Clothing,2,33.74,67.48,2024-07-07
ORD-103319,Bluetooth Speaker,Electronics,6,49.47,296.82,2024-12-07
ORD-103320,Cycling Helmet,Sports,4,58.97,235.88,2024-09-18
ORD-103321,Dumbbell Set,Sports,5,88.28,441.4,2024-05-02
ORD-103322,Sneakers,Clothing,4,121.35,485.4,2024-02-19
ORD-103323,Smartwatch,Electronics,4,83.65,334.6,2025-01-17
ORD-103324,Cotton T-Shirt,Clothing,5,23.13,115.65,2025-05-31
ORD-103325,Hoodie,Clothing,6,39.1,234.6,2025-05-18
ORD-103326,Cotton T-Shirt,Clothing,4,17.54,70.16,2024-03-18
ORD-103327,Yoga Mat,Sports,3,19.32,57.96,2025-06-28
ORD-103328,Non-stick Pan,Home & Kitchen,5,65.87,329.35,2025-08-10
ORD-103329,Electric Kettle,Home & Kitchen,2,47.23,94.46,2024-03-15
ORD-103330,Running Jacket,Clothing,7,60.64,424.48,2025-04-21
ORD-103331,Dumbbell Set,Sports,5,63.97,319.85,2025-10-28
ORD-103332,Smartwatch,Electronics,6,282.14,1692.84,2024-12-13
ORD-103333,Lipstick Set,Beauty,1,19.27,19.27,2024-01-22
ORD-103334,Hoodie,Clothing,5,24.83,124.15,2025-02-03
ORD-103335,Laptop Sleeve,Electronics,3,28.73,86.19,2024-06-03
ORD-103336,Bluetooth Speaker,Electronics,3,55.43,166.29,2025-06-29
ORD-103337,Vacuum Cleaner,Home & Kitchen,6,299.68,1798.08,2024-12-29
ORD-103338,Sunscreen,Beauty,2,13.28,26.56,2024-06-05
ORD-103339,Bluetooth Speaker,Electronics,1,34.82,34.82,2024-07-04
ORD-103340,Non-stick Pan,Home & Kitchen,5,41.76,208.8,2024-05-10
ORD-103341,Cycling Helmet,Sports,4,102.94,411.76,2024-11-18
ORD-103342,Electric Kettle,Home & Kitchen,3,34.21,102.63,2024-11-06
ORD-103343,Dumbbell Set,Sports,2,105.73,211.46,2024-08-10
ORD-103344,Laptop Sleeve,Electronics,3,51.27,153.81,2024-05-06
ORD-103345,Sneakers,Clothing,5,83.91,419.55,2024-08-01
ORD-103346,Sneakers,Clothing,5,62.29,311.45,2024-07-22
ORD-103347,Cotton T-Shirt,Clothing,4,24.74,98.96,2024-04-05
ORD-103348,Vacuum Cleaner,Home & Kitchen,3,107.19,321.57,2025-06-12
ORD-103349,Face Serum,Beauty,3,56.57,169.71,2025-05-15
ORD-103350,Running Jacket,Clothing,4,46.95,187.8,2025-03-01
ORD-103351,Fitness Tracker,Sports,3,97.71,293.13,2025-01-03
ORD-103352,Air Fryer,Home & Kitchen,4,57.58,230.32,2024-01-17
ORD-103353,Lipstick Set,Beauty,4,16.14,64.56,2024-04-12
ORD-103354,Yoga Mat,Sports,2,44.02,88.04,2025-03-20
ORD-103355,Electric Kettle,Home & Kitchen,3,22.5,67.5,2025-12-19
ORD-103356,Air Fryer,Home & Kitchen,2,42.11,84.22,2025-04-27
ORD-103357,Cycling Helmet,Sports,7,27.6,193.2,2024-02-16
ORD-103358,Hoodie,Clothing,3,35.14,105.42,2024-01-10
ORD-103359,Laptop Sleeve,Electronics,5,21.63,108.15,2024-02-09
ORD-103360,Hair Dryer,Beauty,3,70.52,211.56,2025-01-15
ORD-103361,Lipstick Set,Beauty,4,14.53,58.12,2024-06-25
ORD-103362,Electric Kettle,Home & Kitchen,1,29.37,29.37,2025-11-15
ORD-103363,Yoga Mat,Sports,2,14.36,28.72,2024-06-15
ORD-103364,Laptop Sleeve,Electronics,1,33.72,33.72,2025-10-02
ORD-103365,Fitness Tracker,Sports,2,42.79,85.58,2024-11-24
ORD-103366,Wireless Earbuds,Electronics,4,39.62,158.48,2025-04-26
ORD-103367,Football,Sports,2,25.39,50.78,2024-02-17
ORD-103368,Sunscreen,Beauty,3,12.37,37.11,2024-06-22
ORD-103369,Smartphone Case,Electronics,5,20.35,101.75,2024-04-04
ORD-103370,Laptop Sleeve,Electronics,2,70.81,141.62,2025-04-20
ORD-103371,Fitness Tracker,Sports,2,41.71,83.42,2025-03-26
ORD-103372,Non-stick Pan,Home & Kitchen,5,50.02,250.1,2024-11-14
ORD-103373,Cycling Helmet,Sports,2,41.64,83.28,2024-05-11
ORD-103374,Vacuum Cleaner,Home & Kitchen,3,257.89,773.67,2025-11-15
ORD-103375,Vacuum Cleaner,Home & Kitchen,4,92.86,371.44,2024-07-19
ORD-103376,Electric Kettle,Home & Kitchen,7,43.48,304.36,2024-08-18
ORD-103377,Lipstick Set,Beauty,5,30.55,152.75,2024-10-16
ORD-103378,Smartphone Case,Electronics,7,13.4,93.8,2024-09-13
ORD-103379,Storage Container Set,Home & Kitchen,4,56.99,227.96,2025-12-28
ORD-103380,Vacuum Cleaner,Home & Kitchen,3,172.35,517.05,2025-06-13
ORD-103381,Dumbbell Set,Sports,4,94.36,377.44,2024-12-01
ORD-103382,Vacuum Cleaner,Home & Kitchen,6,202.14,1212.84,2024-02-05
ORD-103383,Face Serum,Beauty,2,71.82,143.64,2024-07-21
ORD-103384,Wireless Earbuds,Electronics,7,52.67,368.69,2024-08-31
ORD-103385,Hoodie,Clothing,3,55.39,166.17,2025-05-07
ORD-103386,Hoodie,Clothing,4,50.37,201.48,2025-02-19
ORD-103387,Smartwatch,Electronics,3,183.35,550.05,2024-09-26
ORD-103388,Bluetooth Speaker,Electronics,3,115.12,345.36,2025-11-02
ORD-103389,Cycling Helmet,Sports,2,36.72,73.44,2024-07-09
ORD-103390,Lipstick Set,Beauty,4,18.91,75.64,2025-07-16
ORD-103391,Bluetooth Speaker,Electronics,6,41.81,250.86,2025-06-15
ORD-103392,Lipstick Set,Beauty,2,8.3,16.6,2025-10-19
ORD-103393,Non-stick Pan,Home & Kitchen,3,67.46,202.38,2024-08-20
ORD-103394,Yoga Mat,Sports,4,38.51,154.04,2025-07-17
ORD-103395,Bluetooth Speaker,Electronics,3,87.69,263.07,2024-11-10
ORD-103396,Non-stick Pan,Home & Kitchen,3,23.86,71.58,2025-05-31
ORD-103397,Sunscreen,Beauty,5,13.52,67.6,2024-07-18
ORD-103398,Face Serum,Beauty,3,61.0,183.0,2024-07-22
ORD-103399,Hoodie,Clothing,5,59.57,297.85,2024-06-04
ORD-103400,Non-stick Pan,Home & Kitchen,2,32.15,64.3,2025-06-29
ORD-103401,Smartwatch,Electronics,2,186.67,373.34,2024-06-19
ORD-103402,Smartphone Case,Electronics,6,28.71,172.26,2025-10-12
ORD-103403,Electric Kettle,Home & Kitchen,5,55.89,279.45,2025-07-07
ORD-103404,Electric Kettle,Home & Kitchen,2,19.29,38.58,2024-10-12
ORD-103405,Football,Sports,4,20.05,80.2,2024-10-30
ORD-103406,Air Fryer,Home & Kitchen,5,126.78,633.9,2025-05-02
ORD-103407,Bluetooth Speaker,Electronics,7,31.61,221.27,2024-01-01
ORD-103408,Hair Dryer,Beauty,2,90.99,181.98,2024-08-01
ORD-103409,Non-stick Pan,Home & Kitchen,4,54.44,217.76,2024-03-01
ORD-103410,Laptop Sleeve,Electronics,1,61.4,61.4,2024-06-13
ORD-103411,Moisturizer,Beauty,6,39.91,239.46,2025-02-04
ORD-103412,Air Fryer,Home & Kitchen,2,77.34,154.68,2025-08-28
ORD-103413,Yoga Mat,Sports,5,43.47,217.35,2024-08-19
ORD-103414,Sneakers,Clothing,3,107.4,322.2,2024-05-06
ORD-103415,Electric Kettle,Home & Kitchen,5,40.77,203.85,2024-07-29
ORD-103416,Hair Dryer,Beauty,4,69.46,277.84,2024-01-12
ORD-103417,Vacuum Cleaner,Home & Kitchen,2,184.34,368.68,2024-04-15
ORD-103418,Electric Kettle,Home & Kitchen,3,42.76,128.28,2025-11-07
ORD-103419,Sunscreen,Beauty,7,17.47,122.29,2025-09-16
ORD-103420,Bluetooth Speaker,Electronics,4,88.63,354.52,2024-10-05
ORD-103421,Bluetooth Speaker,Electronics,2,60.91,121.82,2024-04-25
ORD-103422,Denim Jeans,Clothing,4,68.57,274.28,2025-12-27
ORD-103423,Hair Dryer,Beauty,5,57.16,285.8,2024-08-18
ORD-103424,Smartwatch,Electronics,4,253.31,1013.24,2025-09-05
ORD-103425,Sneakers,Clothing,5,178.97,894.85,2025-12-19
ORD-103426,Cotton T-Shirt,Clothing,2,21.38,42.76,2024-10-13
ORD-103427,Hair Dryer,Beauty,4,59.84,239.36,2025-10-17
ORD-103428,Running Jacket,Clothing,6,44.76,268.56,2024-12-31
ORD-103429,Laptop Sleeve,Electronics,3,48.23,144.69,2024-09-05
ORD-103430,Laptop Sleeve,Electronics,4,40.43,161.72,2025-11-12
ORD-103431,Football,Sports,2,31.65,63.3,2025-07-28
ORD-103432,Vacuum Cleaner,Home & Kitchen,5,243.78,1218.9,2025-06-15
ORD-103433,Non-stick Pan,Home & Kitchen,6,21.12,126.72,2025-09-08
ORD-103434,Yoga Mat,Sports,2,15.87,31.74,2025-08-12
ORD-103435,Dumbbell Set,Sports,2,92.96,185.92,2025-01-04
ORD-103436,Sunscreen,Beauty,6,25.96,155.76,2025-03-07
ORD-103437,Face Serum,Beauty,4,60.37,241.48,2024-12-21
ORD-103438,Sneakers,Clothing,3,138.16,414.48,2025-08-10
ORD-103439,Laptop Sleeve,Electronics,4,44.15,176.6,2025-10-05
ORD-103440,Cotton T-Shirt,Clothing,1,17.84,17.84,2024-08-09
ORD-103441,Bluetooth Speaker,Electronics,2,48.5,97.0,2024-04-11
ORD-103442,Cotton T-Shirt,Clothing,5,24.4,122.0,2025-04-12
ORD-103443,Running Jacket,Clothing,6,146.29,877.74,2024-12-26
ORD-103444,Sneakers,Clothing,3,66.38,199.14,2024-02-18
ORD-103445,Hair Dryer,Beauty,4,39.96,159.84,2024-06-13
ORD-103446,Sunscreen,Beauty,6,15.24,91.44,2025-10-25
ORD-103447,Running Jacket,Clothing,4,95.71,382.84,2024-06-25
ORD-103448,Cycling Helmet,Sports,8,75.92,607.36,2024-12-26
ORD-103449,Moisturizer,Beauty,3,48.44,145.32,2024-11-20
ORD-103450,Wireless Earbuds,Electronics,2,49.74,99.48,2025-10-16
ORD-103451,Electric Kettle,Home & Kitchen,6,23.49,140.94,2025-01-26
ORD-103452,Football,Sports,1,22.97,22.97,2024-12-25
ORD-103453,Running Jacket,Clothing,2,111.88,223.76,2024-06-12
ORD-103454,Cotton T-Shirt,Clothing,1,19.45,19.45,2024-07-13
ORD-103455,Fitness Tracker,Sports,9,136.63,1229.67,2024-10-30
ORD-103456,Air Fryer,Home & Kitchen,6,149.23,895.38,2025-09-25
ORD-103457,Wireless Earbuds,Electronics,4,120.33,481.32,2025-12-29
ORD-103458,Football,Sports,2,13.54,27.08,2024-09-26
ORD-103459,Running Jacket,Clothing,2,40.7,81.4,2025-02-10
ORD-103460,Running Jacket,Clothing,2,73.5,147.0,2025-09-20
ORD-103461,Smartphone Case,Electronics,4,30.82,123.28,2025-03-29
ORD-103462,Denim Jeans,Clothing,3,74.32,222.96,2025-11-14
ORD-103463,Smartphone Case,Electronics,6,50.18,301.08,2025-12-12
ORD-103464,Denim Jeans,Clothing,3,46.42,139.26,2025-03-26
ORD-103465,Wireless Earbuds,Electronics,4,55.98,223.92,2024-10-30
ORD-103466,Smartwatch,Electronics,4,240.75,963.0,2025-05-09
ORD-103467,Hoodie,Clothing,4,30.2,120.8,2025-08-04
ORD-103468,Smartwatch,Electronics,5,166.74,833.7,2025-08-17
ORD-103469,Air Fryer,Home & Kitchen,2,168.84,337.68,2024-09-24
ORD-103470,Cycling Helmet,Sports,3,46.91,140.73,2025-03-17
ORD-103471,Dumbbell Set,Sports,6,106.45,638.7,2024-11-23
ORD-103472,Smartphone Case,Electronics,2,46.26,92.52,2024-11-25
ORD-103473,Dumbbell Set,Sports,1,115.42,115.42,2025-07-05
ORD-103474,Smartwatch,Electronics,4,266.44,1065.76,2025-12-26
ORD-103475,Hoodie,Clothing,3,66.51,199.53,2024-08-21
ORD-103476,Sunscreen,Beauty,5,18.41,92.05,2024-08-17
ORD-103477,Non-stick Pan,Home & Kitchen,2,46.49,92.98,2025-04-16
ORD-103478,Air Fryer,Home & Kitchen,3,179.84,539.52,2024-03-07
ORD-103479,Smartwatch,Electronics,5,202.61,1013.05,2025-04-04
ORD-103480,Bluetooth Speaker,Electronics,2,84.3,168.6,2025-05-03
ORD-103481,Bluetooth Speaker,Electronics,2,94.6,189.2,2024-03-07
ORD-103482,Running Jacket,Clothing,1,92.05,92.05,2024-01-29
ORD-103483,Electric Kettle,Home & Kitchen,2,23.7,47.4,2025-02-09
ORD-103484,Hoodie,Clothing,4,84.33,337.32,2025-12-14
ORD-103485,Hoodie,Clothing,2,74.25,148.5,2025-06-04
ORD-103486,Smartwatch,Electronics,3,293.32,879.96,2025-11-28
ORD-103487,Fitness Tracker,Sports,2,121.56,243.12,2024-02-24
ORD-103488,Cotton T-Shirt,Clothing,4,18.72,74.88,2024-03-13
ORD-103489,Electric Kettle,Home & Kitchen,8,29.04,232.32,2024-07-18
ORD-103490,Electric Kettle,Home & Kitchen,4,21.52,86.08,2024-07-04
ORD-103491,Yoga Mat,Sports,4,20.03,80.12,2024-12-05
ORD-103492,Fitness Tracker,Sports,3,179.45,538.35,2025-12-18
ORD-103493,Sneakers,Clothing,4,125.2,500.8,2025-01-25
ORD-103494,Bluetooth Speaker,Electronics,3,39.73,119.19,2024-07-06
ORD-103495,Sneakers,Clothing,2,78.22,156.44,2024-09-15
ORD-103496,Laptop Sleeve,Electronics,5,30.9,154.5,2024-07-24
ORD-103497,Yoga Mat,Sports,6,38.06,228.36,2024-12-13
ORD-103498,Bluetooth Speaker,Electronics,6,78.57,471.42,2024-01-21
ORD-103499,Smartwatch,Electronics,4,215.46,861.84,2024-03-01
ORD-103500,Wireless Earbuds,Electronics,2,37.16,74.32,2025-06-25
ORD-103501,Running Jacket,Clothing,6,107.91,647.46,2024-01-29
ORD-103502,Storage Container Set,Home & Kitchen,5,44.43,222.15,2024-03-12
ORD-103503,Smartwatch,Electronics,4,147.36,589.44,2025-05-25
ORD-103504,Bluetooth Speaker,Electronics,5,76.83,384.15,2024-04-09
ORD-103505,Fitness Tracker,Sports,2,116.3,232.6,2025-01-18
ORD-103506,Dumbbell Set,Sports,2,47.88,95.76,2025-06-03
ORD-103507,Face Serum,Beauty,2,14.2,28.4,2025-09-29
ORD-103508,Non-stick Pan,Home & Kitchen,4,80.48,321.92,2024-11-15
ORD-103509,Smartphone Case,Electronics,6,25.08,150.48,2025-08-27
ORD-103510,Football,Sports,4,29.61,118.44,2024-07-16
ORD-103511,Cycling Helmet,Sports,5,79.85,399.25,2025-04-10
ORD-103512,Air Fryer,Home & Kitchen,6,193.47,1160.82,2025-04-03
ORD-103513,Non-stick Pan,Home & Kitchen,5,33.45,167.25,2024-12-12
ORD-103514,Laptop Sleeve,Electronics,2,56.54,113.08,2024-07-11
ORD-103515,Wireless Earbuds,Electronics,3,105.86,317.58,2025-05-06
ORD-103516,Fitness Tracker,Sports,8,152.9,1223.2,2024-04-11
ORD-103517,Bluetooth Speaker,Electronics,2,69.92,139.84,2025-06-23
ORD-103518,Sunscreen,Beauty,3,25.04,75.12,2025-02-07
ORD-103519,Storage Container Set,Home & Kitchen,3,18.85,56.55,2024-11-24
ORD-103520,Hair Dryer,Beauty,3,56.62,169.86,2025-10-03
ORD-103521,Cotton T-Shirt,Clothing,4,8.19,32.76,2025-05-17
ORD-103522,Smartwatch,Electronics,10,212.17,2121.7,2025-05-10
ORD-103523,Running Jacket,Clothing,3,122.41,367.23,2025-12-01
ORD-103524,Non-stick Pan,Home & Kitchen,3,64.29,192.87,2024-07-11
ORD-103525,Hoodie,Clothing,5,60.57,302.85,2025-08-07
ORD-103526,Non-stick Pan,Home & Kitchen,9,15.84,142.56,2025-07-01
ORD-103527,Football,Sports,1,21.55,21.55,2024-07-11
ORD-103528,Air Fryer,Home & Kitchen,2,133.42,266.84,2025-06-04
ORD-103529,Bluetooth Speaker,Electronics,6,111.65,669.9,2025-11-28
ORD-103530,Yoga Mat,Sports,2,49.92,99.84,2025-04-13
ORD-103531,Cycling Helmet,Sports,2,59.58,119.16,2024-03-15
ORD-103532,Vacuum Cleaner,Home & Kitchen,2,174.7,349.4,2025-10-17
ORD-103533,Laptop Sleeve,Electronics,2,65.88,131.76,2024-07-29
ORD-103534,Bluetooth Speaker,Electronics,2,78.37,156.74,2024-01-05
ORD-103535,Storage Container Set,Home & Kitchen,5,48.4,242.0,2024-06-30
ORD-103536,Hair Dryer,Beauty,2,19.61,39.22,2025-02-15
ORD-103537,Smartphone Case,Electronics,4,29.24,116.96,2025-09-28
ORD-103538,Football,Sports,2,30.95,61.9,2025-11-27
ORD-103539,Cycling Helmet,Sports,3,96.76,290.28,2024-07-28
ORD-103540,Storage Container Set,Home & Kitchen,2,36.74,73.48,2025-02-23
ORD-103541,Sneakers,Clothing,4,69.03,276.12,2025-01-21
ORD-103542,Football,Sports,3,31.57,94.71,2024-09-16
ORD-103543,Air Fryer,Home & Kitchen,5,168.97,844.85,2024-02-12
ORD-103544,Denim Jeans,Clothing,4,39.36,157.44,2024-03-13
ORD-103545,Laptop Sleeve,Electronics,3,26.36,79.08,2024-03-09
ORD-103546,Running Jacket,Clothing,1,110.89,110.89,2025-11-28
ORD-103547,Hair Dryer,Beauty,4,46.46,185.84,2025-07-03
ORD-103548,Cycling Helmet,Sports,4,78.05,312.2,2024-04-21
ORD-103549,Denim Jeans,Clothing,5,44.52,222.6,2024-03-29
ORD-103550,Electric Kettle,Home & Kitchen,3,58.09,174.27,2025-06-14
ORD-103551,Cotton T-Shirt,Clothing,4,9.62,38.48,2024-04-24
ORD-103552,Dumbbell Set,Sports,4,108.27,433.08,2024-03-26
ORD-103553,Moisturizer,Beauty,4,28.67,114.68,2025-03-22
ORD-103554,Denim Jeans,Clothing,3,45.04,135.12,2025-03-28
ORD-103555,Smartwatch,Electronics,5,286.19,1430.95,2024-07-12
ORD-103556,Face Serum,Beauty,7,13.24,92.68,2025-08-05
ORD-103557,Bluetooth Speaker,Electronics,1,49.72,49.72,2024-06-28
ORD-103558,Wireless Earbuds,Electronics,5,75.7,378.5,2025-02-04
ORD-103559,Fitness Tracker,Sports,5,59.59,297.95,2024-03-06
ORD-103560,Storage Container Set,Home & Kitchen,1,44.69,44.69,2025-11-04
ORD-103561,Laptop Sleeve,Electronics,4,53.74,214.96,2024-03-12
ORD-103562,Storage Container Set,Home & Kitchen,5,17.64,88.2,2025-07-24
ORD-103563,Storage Container Set,Home & Kitchen,1,14.97,14.97,2024-02-28
ORD-103564,Smartwatch,Electronics,5,95.6,478.0,2025-07-01
ORD-103565,Hair Dryer,Beauty,3,25.99,77.97,2025-01-14
ORD-103566,Dumbbell Set,Sports,4,72.09,288.36,2024-01-07
ORD-103567,Air Fryer,Home & Kitchen,2,65.73,131.46,2025-08-03
ORD-103568,Wireless Earbuds,Electronics,4,80.65,322.6,2025-07-31
ORD-103569,Laptop Sleeve,Electronics,2,47.07,94.14,2025-08-08
ORD-103570,Hoodie,Clothing,1,49.53,49.53,2025-01-31
ORD-103571,Lipstick Set,Beauty,5,15.68,78.4,2025-09-19
ORD-103572,Football,Sports,4,43.62,174.48,2025-05-05
ORD-103573,Smartwatch,Electronics,4,126.35,505.4,2025-01-03
ORD-103574,Denim Jeans,Clothing,7,55.63,389.41,2025-02-01
ORD-103575,Cycling Helmet,Sports,4,53.15,212.6,2024-01-22
ORD-103576,Cotton T-Shirt,Clothing,5,14.9,74.5,2025-04-15
ORD-103577,Dumbbell Set,Sports,3,36.65,109.95,2025-02-15
ORD-103578,Electric Kettle,Home & Kitchen,2,33.72,67.44,2025-02-19
ORD-103579,Sneakers,Clothing,5,142.82,714.1,2025-03-30
ORD-103580,Running Jacket,Clothing,4,98.55,394.2,2024-11-29
ORD-103581,Smartwatch,Electronics,2,148.61,297.22,2024-07-29
ORD-103582,Sunscreen,Beauty,5,30.47,152.35,2024-07-18
ORD-103583,Sunscreen,Beauty,2,26.67,53.34,2025-01-07
ORD-103584,Air Fryer,Home & Kitchen,2,125.86,251.72,2025-01-18
ORD-103585,Smartphone Case,Electronics,3,12.84,38.52,2025-04-26
ORD-103586,Storage Container Set,Home & Kitchen,2,26.14,52.28,2025-09-30
ORD-103587,Bluetooth Speaker,Electronics,3,77.08,231.24,2025-07-18
ORD-103588,Vacuum Cleaner,Home & Kitchen,2,108.51,217.02,2025-03-18
ORD-103589,Denim Jeans,Clothing,1,41.42,41.42,2025-01-30
ORD-103590,Smartwatch,Electronics,4,217.77,871.08,2024-06-08
ORD-103591,Electric Kettle,Home & Kitchen,3,38.63,115.89,2024-06-03
ORD-103592,Denim Jeans,Clothing,1,34.52,34.52,2025-05-13
ORD-103593,Fitness Tracker,Sports,3,132.85,398.55,2025-06-27
ORD-103594,Yoga Mat,Sports,5,16.84,84.2,2024-03-07
ORD-103595,Wireless Earbuds,Electronics,4,124.77,499.08,2024-12-05
ORD-103596,Running Jacket,Clothing,2,97.4,194.8,2024-07-26
ORD-103597,Cycling Helmet,Sports,5,37.18,185.9,2024-03-08
ORD-103598,Fitness Tracker,Sports,3,109.08,327.24,2025-04-02
ORD-103599,Hair Dryer,Beauty,3,35.94,107.82,2024-11-06
ORD-103600,Electric Kettle,Home & Kitchen,3,36.24,108.72,2024-06-16
ORD-103601,Vacuum Cleaner,Home & Kitchen,7,94.54,661.78,2025-02-23
ORD-103602,Air Fryer,Home & Kitchen,4,269.89,1079.56,2025-12-17
ORD-103603,Moisturizer,Beauty,6,34.22,205.32,2024-04-26
ORD-103604,Laptop Sleeve,Electronics,7,55.03,385.21,2024-04-09
ORD-103605,Laptop Sleeve,Electronics,6,34.17,205.02,2025-04-29
ORD-103606,Wireless Earbuds,Electronics,4,103.2,412.8,2025-08-23
ORD-103607,Lipstick Set,Beauty,4,22.33,89.32,2025-08-21
ORD-103608,Cotton T-Shirt,Clothing,6,25.23,151.38,2025-05-18
ORD-103609,Storage Container Set,Home & Kitchen,8,45.63,365.04,2024-03-28
ORD-103610,Smartphone Case,Electronics,3,17.51,52.53,2025-10-01
ORD-103611,Denim Jeans,Clothing,2,67.06,134.12,2024-04-23
ORD-103612,Moisturizer,Beauty,3,22.36,67.08,2025-10-11
ORD-103613,Face Serum,Beauty,3,65.21,195.63,2024-12-29
ORD-103614,Face Serum,Beauty,3,66.83,200.49,2025-09-28
ORD-103615,Denim Jeans,Clothing,2,61.72,123.44,2025-01-08
ORD-103616,Bluetooth Speaker,Electronics,5,88.01,440.05,2025-06-16
ORD-103617,Bluetooth Speaker,Electronics,2,30.66,61.32,2024-06-19
ORD-103618,Bluetooth Speaker,Electronics,4,59.09,236.36,2024-09-26
ORD-103619,Cotton T-Shirt,Clothing,4,19.74,78.96,2024-10-06
ORD-103620,Lipstick Set,Beauty,3,12.48,37.44,2025-11-06
ORD-103621,Electric Kettle,Home & Kitchen,7,17.88,125.16,2025-10-01
ORD-103622,Storage Container Set,Home & Kitchen,6,18.14,108.84,2025-01-24
ORD-103623,Air Fryer,Home & Kitchen,3,153.97,461.91,2024-02-06
ORD-103624,Sneakers,Clothing,3,92.29,276.87,2024-12-09
ORD-103625,Air Fryer,Home & Kitchen,3,170.3,510.9,2025-02-20
ORD-103626,Bluetooth Speaker,Electronics,4,48.31,193.24,2024-09-24
ORD-103627,Storage Container Set,Home & Kitchen,5,40.6,203.0,2024-03-26
ORD-103628,Yoga Mat,Sports,4,61.03,244.12,2025-11-13
ORD-103629,Yoga Mat,Sports,2,50.42,100.84,2024-01-24
ORD-103630,Face Serum,Beauty,3,14.68,44.04,2024-09-05
ORD-103631,Denim Jeans,Clothing,4,55.06,220.24,2025-08-08
ORD-103632,Face Serum,Beauty,5,51.13,255.65,2024-01-10
ORD-103633,Hair Dryer,Beauty,4,26.93,107.72,2025-09-24
ORD-103634,Air Fryer,Home & Kitchen,3,192.17,576.51,2025-10-08
ORD-103635,Face Serum,Beauty,3,19.52,58.56,2025-09-19
ORD-103636,Moisturizer,Beauty,5,16.99,84.95,2024-03-24
ORD-103637,Face Serum,Beauty,4,35.41,141.64,2024-01-04
ORD-103638,Moisturizer,Beauty,3,39.37,118.11,2024-02-21
ORD-103639,Hoodie,Clothing,2,57.04,114.08,2024-07-16
ORD-103640,Laptop Sleeve,Electronics,5,55.12,275.6,2025-09-11
ORD-103641,Hoodie,Clothing,3,52.7,158.1,2024-03-03
ORD-103642,Non-stick Pan,Home & Kitchen,5,62.82,314.1,2024-06-29
ORD-103643,Hoodie,Clothing,2,77.14,154.28,2025-08-12
ORD-103644,Face Serum,Beauty,4,24.13,96.52,2024-07-11
ORD-103645,Denim Jeans,Clothing,4,36.18,144.72,2024-06-15
ORD-103646,Cycling Helmet,Sports,2,47.99,95.98,2025-09-07
ORD-103647,Electric Kettle,Home & Kitchen,2,30.12,60.24,2025-03-12
ORD-103648,Denim Jeans,Clothing,5,21.11,105.55,2025-06-27
ORD-103649,Cycling Helmet,Sports,5,75.27,376.35,2024-10-15
ORD-103650,Wireless Earbuds,Electronics,4,70.08,280.32,2025-05-20
ORD-103651,Sunscreen,Beauty,2,9.95,19.9,2025-03-16
ORD-103652,Lipstick Set,Beauty,2,32.5,65.0,2024-01-13
ORD-103653,Hair Dryer,Beauty,2,72.62,145.24,2025-08-25
ORD-103654,Fitness Tracker,Sports,2,187.72,375.44,2025-11-25
ORD-103655,Storage Container Set,Home & Kitchen,4,25.39,101.56,2025-04-06
ORD-103656,Hair Dryer,Beauty,4,43.12,172.48,2025-05-26
ORD-103657,Vacuum Cleaner,Home & Kitchen,4,116.03,464.12,2024-07-13
ORD-103658,Bluetooth Speaker,Electronics,3,57.89,173.67,2025-02-23
ORD-103659,Sneakers,Clothing,2,113.03,226.06,2025-04-19
ORD-103660,Denim Jeans,Clothing,5,47.02,235.1,2024-05-25
ORD-103661,Cotton T-Shirt,Clothing,3,24.15,72.45,2024-05-22
ORD-103662,Denim Jeans,Clothing,2,31.69,63.38,2025-02-13
ORD-103663,Denim Jeans,Clothing,2,49.52,99.04,2024-06-03
ORD-103664,Wireless Earbuds,Electronics,3,67.78,203.34,2024-01-17
ORD-103665,Bluetooth Speaker,Electronics,4,27.27,109.08,2024-07-21
ORD-103666,Running Jacket,Clothing,5,51.16,255.8,2025-07-16
ORD-103667,Smartwatch,Electronics,6,156.05,936.3,2025-05-26
ORD-103668,Dumbbell Set,Sports,7,137.95,965.65,2025-05-14
ORD-103669,Wireless Earbuds,Electronics,2,112.18,224.36,2024-03-09
ORD-103670,Sunscreen,Beauty,2,9.6,19.2,2024-10-23
ORD-103671,Air Fryer,Home & Kitchen,1,124.73,124.73,2024-08-09
ORD-103672,Bluetooth Speaker,Electronics,6,35.15,210.9,2025-10-08
ORD-103673,Vacuum Cleaner,Home & Kitchen,4,163.76,655.04,2025-03-15
ORD-103674,Vacuum Cleaner,Home & Kitchen,3,137.52,412.56,2024-10-15
ORD-103675,Denim Jeans,Clothing,7,39.28,274.96,2025-01-13
ORD-103676,Non-stick Pan,Home & Kitchen,2,33.61,67.22,2025-04-02
ORD-103677,Running Jacket,Clothing,2,70.17,140.34,2025-12-05
ORD-103678,Cycling Helmet,Sports,3,83.6,250.8,2025-10-11
ORD-103679,Cycling Helmet,Sports,4,43.96,175.84,2025-07-22
ORD-103680,Moisturizer,Beauty,2,49.69,99.38,2024-05-10
ORD-103681,Sunscreen,Beauty,2,22.75,45.5,2024-08-22
ORD-103682,Electric Kettle,Home & Kitchen,4,44.12,176.48,2025-05-15
ORD-103683,Cycling Helmet,Sports,3,87.49,262.47,2025-06-07
ORD-103684,Denim Jeans,Clothing,1,35.3,35.3,2025-09-30
ORD-103685,Air Fryer,Home & Kitchen,4,181.02,724.08,2025-09-09
ORD-103686,Cycling Helmet,Sports,8,52.21,417.68,2024-03-09
ORD-103687,Hair Dryer,Beauty,3,42.48,127.44,2025-12-29
ORD-103688,Yoga Mat,Sports,3,23.17,69.51,2025-04-30
ORD-103689,Storage Container Set,Home & Kitchen,1,53.18,53.18,2024-12-30
ORD-103690,Electric Kettle,Home & Kitchen,6,53.3,319.8,2024-10-06
ORD-103691,Storage Container Set,Home & Kitchen,5,40.59,202.95,2025-09-11
ORD-103692,Smartphone Case,Electronics,2,25.37,50.74,2025-09-03
ORD-103693,Cotton T-Shirt,Clothing,1,17.69,17.69,2024-07-18
ORD-103694,Electric Kettle,Home & Kitchen,4,33.06,132.24,2025-01-20
ORD-103695,Face Serum,Beauty,3,30.1,90.3,2024-11-01
ORD-103696,Wireless Earbuds,Electronics,4,97.75,391.0,2024-01-30
ORD-103697,Face Serum,Beauty,2,38.55,77.1,2025-01-12
ORD-103698,Dumbbell Set,Sports,3,116.24,348.72,2025-04-02
ORD-103699,Vacuum Cleaner,Home & Kitchen,7,219.22,1534.54,2025-03-30
ORD-103700,Bluetooth Speaker,Electronics,5,43.33,216.65,2025-04-11
ORD-103701,Lipstick Set,Beauty,5,13.02,65.1,2024-10-18
ORD-103702,Wireless Earbuds,Electronics,5,39.35,196.75,2024-05-06
ORD-103703,Sneakers,Clothing,6,50.68,304.08,2025-01-12
ORD-103704,Football,Sports,7,13.14,91.98,2025-07-17
ORD-103705,Running Jacket,Clothing,6,43.24,259.44,2025-02-09
ORD-103706,Non-stick Pan,Home & Kitchen,4,29.83,119.32,2025-10-21
ORD-103707,Vacuum Cleaner,Home & Kitchen,4,231.49,925.96,2024-02-10
ORD-103708,Smartphone Case,Electronics,4,12.82,51.28,2025-05-23
ORD-103709,Smartphone Case,Electronics,5,23.9,119.5,2024-04-14
ORD-103710,Dumbbell Set,Sports,4,122.43,489.72,2024-04-04
ORD-103711,Cycling Helmet,Sports,2,49.11,98.22,2024-03-24
ORD-103712,Lipstick Set,Beauty,4,20.42,81.68,2025-02-14
ORD-103713,Air Fryer,Home & Kitchen,3,83.39,250.17,2025-12-12
ORD-103714,Moisturizer,Beauty,3,16.29,48.87,2025-04-04
ORD-103715,Hair Dryer,Beauty,2,32.46,64.92,2024-08-20
ORD-103716,Vacuum Cleaner,Home & Kitchen,3,80.77,242.31,2024-01-25
ORD-103717,Dumbbell Set,Sports,2,30.27,60.54,2025-05-05
ORD-103718,Smartphone Case,Electronics,3,34.61,103.83,2024-06-05
ORD-103719,Bluetooth Speaker,Electronics,3,62.62,187.86,2024-11-26
ORD-103720,Air Fryer,Home & Kitchen,1,111.96,111.96,2024-01-20
ORD-103721,Cotton T-Shirt,Clothing,2,24.81,49.62,2025-11-16
ORD-103722,Cotton T-Shirt,Clothing,9,12.81,115.29,2024-02-11
ORD-103723,Smartphone Case,Electronics,4,21.89,87.56,2025-08-19
ORD-103724,Cotton T-Shirt,Clothing,5,22.51,112.55,2025-08-18
ORD-103725,Electric Kettle,Home & Kitchen,3,27.21,81.63,2025-02-10
ORD-103726,Vacuum Cleaner,Home & Kitchen,1,132.49,132.49,2024-10-15
ORD-103727,Sneakers,Clothing,6,124.93,749.58,2024-06-12
ORD-103728,Hair Dryer,Beauty,2,47.37,94.74,2024-12-08
ORD-103729,Football,Sports,1,30.38,30.38,2024-05-02
ORD-103730,Sneakers,Clothing,7,139.65,977.55,2025-09-09
ORD-103731,Lipstick Set,Beauty,3,13.99,41.97,2024-07-28
ORD-103732,Wireless Earbuds,Electronics,4,53.07,212.28,2024-07-29
ORD-103733,Storage Container Set,Home & Kitchen,4,37.58,150.32,2025-12-07
ORD-103734,Cycling Helmet,Sports,1,51.44,51.44,2025-01-04
ORD-103735,Electric Kettle,Home & Kitchen,2,51.48,102.96,2025-08-03
ORD-103736,Dumbbell Set,Sports,4,27.6,110.4,2025-06-07
ORD-103737,Smartphone Case,Electronics,4,22.58,90.32,2024-12-07
ORD-103738,Football,Sports,8,30.43,243.44,2024-12-01
ORD-103739,Denim Jeans,Clothing,5,34.24,171.2,2025-05-18
ORD-103740,Electric Kettle,Home & Kitchen,1,45.87,45.87,2024-03-20
ORD-103741,Yoga Mat,Sports,3,14.57,43.71,2025-09-26
ORD-103742,Bluetooth Speaker,Electronics,2,49.27,98.54,2024-01-01
ORD-103743,Hoodie,Clothing,4,28.0,112.0,2024-06-12
ORD-103744,Denim Jeans,Clothing,5,54.98,274.9,2025-03-09
ORD-103745,Running Jacket,Clothing,2,85.57,171.14,2025-03-03
ORD-103746,Cotton T-Shirt,Clothing,3,12.73,38.19,2024-05-02
ORD-103747,Denim Jeans,Clothing,3,53.41,160.23,2024-05-03
ORD-103748,Face Serum,Beauty,2,22.71,45.42,2025-05-02
ORD-103749,Smartphone Case,Electronics,2,32.37,64.74,2025-04-11
ORD-103750,Vacuum Cleaner,Home & Kitchen,2,122.99,245.98,2024-10-06
ORD-103751,Lipstick Set,Beauty,3,26.78,80.34,2024-03-05
ORD-103752,Wireless Earbuds,Electronics,2,87.69,175.38,2025-02-11
ORD-103753,Laptop Sleeve,Electronics,3,56.74,170.22,2025-03-18
ORD-103754,Cotton T-Shirt,Clothing,6,21.63,129.78,2025-08-13
ORD-103755,Storage Container Set,Home & Kitchen,6,26.73,160.38,2025-12-27
ORD-103756,Storage Container Set,Home & Kitchen,2,33.21,66.42,2024-01-25
ORD-103757,Dumbbell Set,Sports,4,102.67,410.68,2024-08-28
ORD-103758,Face Serum,Beauty,5,62.24,311.2,2025-07-30
ORD-103759,Sneakers,Clothing,3,93.2,279.6,2024-08-25
ORD-103760,Hair Dryer,Beauty,4,25.79,103.16,2025-01-07
ORD-103761,Sneakers,Clothing,6,54.7,328.2,2025-07-11
ORD-103762,Storage Container Set,Home & Kitchen,4,31.16,124.64,2025-07-18
ORD-103763,Running Jacket,Clothing,4,42.02,168.08,2025-02-20
ORD-103764,Sneakers,Clothing,3,158.21,474.63,2024-12-21
ORD-103765,Laptop Sleeve,Electronics,4,55.13,220.52,2025-11-22
ORD-103766,Sneakers,Clothing,4,104.0,416.0,2024-03-29
ORD-103767,Cycling Helmet,Sports,7,56.96,398.72,2025-01-02
ORD-103768,Hoodie,Clothing,4,40.19,160.76,2025-11-27
ORD-103769,Smartwatch,Electronics,2,120.63,241.26,2025-10-02
ORD-103770,Denim Jeans,Clothing,3,24.17,72.51,2025-08-10
ORD-103771,Moisturizer,Beauty,2,28.55,57.1,2025-12-10
ORD-103772,Face Serum,Beauty,5,50.01,250.05,2025-05-28
ORD-103773,Vacuum Cleaner,Home & Kitchen,6,129.97,779.82,2024-01-05
ORD-103774,Electric Kettle,Home & Kitchen,2,39.38,78.76,2024-08-20
ORD-103775,Lipstick Set,Beauty,3,17.54,52.62,2024-04-29
ORD-103776,Cycling Helmet,Sports,5,81.11,405.55,2025-07-15
ORD-103777,Air Fryer,Home & Kitchen,4,146.34,585.36,2024-08-12
ORD-103778,Face Serum,Beauty,1,50.27,50.27,2024-08-19
ORD-103779,Denim Jeans,Clothing,3,65.31,195.93,2024-01-01
ORD-103780,Yoga Mat,Sports,1,20.26,20.26,2025-05-22
ORD-103781,Bluetooth Speaker,Electronics,8,66.11,528.88,2024-09-04
ORD-103782,Denim Jeans,Clothing,4,54.85,219.4,2025-07-08
ORD-103783,Dumbbell Set,Sports,3,31.33,93.99,2024-01-25
ORD-103784,Denim Jeans,Clothing,3,62.66,187.98,2024-07-09
ORD-103785,Face Serum,Beauty,4,33.93,135.72,2024-09-16
ORD-103786,Bluetooth Speaker,Electronics,4,69.4,277.6,2025-11-08
ORD-103787,Hair Dryer,Beauty,3,51.87,155.61,2024-12-17
ORD-103788,Laptop Sleeve,Electronics,3,42.13,126.39,2025-09-26
ORD-103789,Vacuum Cleaner,Home & Kitchen,3,85.67,257.01,2025-08-30
ORD-103790,Non-stick Pan,Home & Kitchen,2,31.99,63.98,2025-05-26
ORD-103791,Laptop Sleeve,Electronics,2,53.84,107.68,2025-01-27
ORD-103792,Lipstick Set,Beauty,3,26.38,79.14,2025-12-06
ORD-103793,Football,Sports,6,22.45,134.7,2024-01-28
ORD-103794,Yoga Mat,Sports,4,23.63,94.52,2025-05-01
ORD-103795,Smartphone Case,Electronics,3,34.23,102.69,2025-10-08
ORD-103796,Running Jacket,Clothing,5,90.39,451.95,2024-09-04
ORD-103797,Running Jacket,Clothing,4,91.33,365.32,2024-11-13
ORD-103798,Lipstick Set,Beauty,2,22.79,45.58,2024-08-09
ORD-103799,Smartphone Case,Electronics,6,34.83,208.98,2025-08-30
ORD-103800,Sunscreen,Beauty,2,8.97,17.94,2025-03-31
ORD-103801,Bluetooth Speaker,Electronics,6,101.43,608.58,2025-12-14
ORD-103802,Sunscreen,Beauty,3,22.02,66.06,2025-10-31
ORD-103803,Cotton T-Shirt,Clothing,4,19.33,77.32,2025-12-15
ORD-103804,Laptop Sleeve,Electronics,3,46.37,139.11,2024-10-27
ORD-103805,Smartwatch,Electronics,3,234.09,702.27,2024-12-05
ORD-103806,Face Serum,Beauty,6,38.45,230.7,2024-07-22
ORD-103807,Sneakers,Clothing,5,140.03,700.15,2025-10-31
ORD-103808,Face Serum,Beauty,5,30.85,154.25,2024-11-05
ORD-103809,Hoodie,Clothing,4,38.56,154.24,2025-05-20
ORD-103810,Cotton T-Shirt,Clothing,2,11.05,22.1,2024-04-13
ORD-103811,Smartwatch,Electronics,4,105.7,422.8,2025-07-30
ORD-103812,Air Fryer,Home & Kitchen,2,148.01,296.02,2024-01-22
ORD-103813,Cycling Helmet,Sports,4,56.32,225.28,2025-10-12
ORD-103814,Cotton T-Shirt,Clothing,3,14.67,44.01,2024-10-12
ORD-103815,Face Serum,Beauty,4,17.75,71.0,2024-03-07
ORD-103816,Cycling Helmet,Sports,2,52.08,104.16,2025-05-01
ORD-103817,Dumbbell Set,Sports,3,28.57,85.71,2024-05-03
ORD-103818,Smartphone Case,Electronics,1,19.59,19.59,2025-11-11
ORD-103819,Vacuum Cleaner,Home & Kitchen,3,187.8,563.4,2025-01-17
ORD-103820,Electric Kettle,Home & Kitchen,5,36.09,180.45,2025-08-19
ORD-103821,Electric Kettle,Home & Kitchen,4,26.68,106.72,2024-07-26
ORD-103822,Laptop Sleeve,Electronics,6,37.36,224.16,2024-01-12
ORD-103823,Non-stick Pan,Home & Kitchen,5,45.23,226.15,2024-04-25
ORD-103824,Hoodie,Clothing,5,46.69,233.45,2024-01-10
ORD-103825,Hair Dryer,Beauty,4,90.4,361.6,2024-09-06
ORD-103826,Moisturizer,Beauty,7,28.73,201.11,2025-11-10
ORD-103827,Non-stick Pan,Home & Kitchen,2,36.98,73.96,2024-06-25
ORD-103828,Vacuum Cleaner,Home & Kitchen,3,101.47,304.41,2024-03-13
ORD-103829,Smartwatch,Electronics,5,275.97,1379.85,2024-05-28
ORD-103830,Smartwatch,Electronics,4,228.82,915.28,2024-03-15
ORD-103831,Sneakers,Clothing,8,77.14,617.12,2025-10-02
ORD-103832,Bluetooth Speaker,Electronics,6,30.46,182.76,2025-02-20
ORD-103833,Running Jacket,Clothing,2,35.52,71.04,2025-02-08
ORD-103834,Hair Dryer,Beauty,3,48.35,145.05,2025-02-04
ORD-103835,Dumbbell Set,Sports,5,82.81,414.05,2024-05-10
ORD-103836,Fitness Tracker,Sports,4,107.93,431.72,2025-02-20
ORD-103837,Moisturizer,Beauty,4,33.82,135.28,2024-09-04
ORD-103838,Cotton T-Shirt,Clothing,5,18.89,94.45,2025-03-19
ORD-103839,Hoodie,Clothing,3,70.5,211.5,2024-03-27
ORD-103840,Face Serum,Beauty,3,28.58,85.74,2025-01-13
ORD-103841,Running Jacket,Clothing,5,117.01,585.05,2024-11-06
ORD-103842,Storage Container Set,Home & Kitchen,2,28.62,57.24,2025-04-26
ORD-103843,Hoodie,Clothing,8,75.78,606.24,2025-12-12
ORD-103844,Sunscreen,Beauty,4,31.63,126.52,2025-11-07
ORD-103845,Bluetooth Speaker,Electronics,2,63.8,127.6,2024-04-03
ORD-103846,Fitness Tracker,Sports,2,110.04,220.08,2025-06-13
ORD-103847,Bluetooth Speaker,Electronics,2,79.35,158.7,2024-10-04
ORD-103848,Electric Kettle,Home & Kitchen,3,63.6,190.8,2024-11-16
ORD-103849,Denim Jeans,Clothing,2,28.97,57.94,2025-08-02
ORD-103850,Dumbbell Set,Sports,3,100.18,300.54,2024-12-09
ORD-103851,Running Jacket,Clothing,5,57.07,285.35,2025-09-04
ORD-103852,Vacuum Cleaner,Home & Kitchen,7,210.08,1470.56,2024-05-22
ORD-103853,Moisturizer,Beauty,5,43.42,217.1,2025-12-04
ORD-103854,Sunscreen,Beauty,2,16.07,32.14,2024-11-24
ORD-103855,Hoodie,Clothing,4,33.53,134.12,2024-06-26
ORD-103856,Hair Dryer,Beauty,5,43.18,215.9,2025-10-15
ORD-103857,Storage Container Set,Home & Kitchen,7,46.85,327.95,2024-07-06
ORD-103858,Hair Dryer,Beauty,4,50.88,203.52,2024-09-08
ORD-103859,Sunscreen,Beauty,2,19.36,38.72,2025-04-15
ORD-103860,Smartwatch,Electronics,2,132.34,264.68,2024-03-14
ORD-103861,Fitness Tracker,Sports,2,29.63,59.26,2025-02-06
ORD-103862,Bluetooth Speaker,Electronics,5,60.28,301.4,2025-05-21
ORD-103863,Fitness Tracker,Sports,6,102.25,613.5,2024-10-10
ORD-103864,Running Jacket,Clothing,4,112.84,451.36,2024-02-22
ORD-103865,Air Fryer,Home & Kitchen,6,65.61,393.66,2025-09-01
ORD-103866,Running Jacket,Clothing,7,40.75,285.25,2024-05-02
ORD-103867,Wireless Earbuds,Electronics,3,98.65,295.95,2024-02-12
ORD-103868,Hoodie,Clothing,4,40.11,160.44,2025-07-02
ORD-103869,Lipstick Set,Beauty,3,9.88,29.64,2024-07-28
ORD-103870,Non-stick Pan,Home & Kitchen,3,20.01,60.03,2024-01-11
ORD-103871,Cycling Helmet,Sports,3,46.63,139.89,2024-10-18
ORD-103872,Smartwatch,Electronics,5,222.74,1113.7,2025-09-10
ORD-103873,Hoodie,Clothing,4,91.78,367.12,2024-12-28
ORD-103874,Smartwatch,Electronics,3,146.41,439.23,2025-08-21
ORD-103875,Laptop Sleeve,Electronics,4,38.17,152.68,2024-07-27
ORD-103876,Smartphone Case,Electronics,3,20.55,61.65,2024-04-03
ORD-103877,Storage Container Set,Home & Kitchen,4,15.71,62.84,2025-05-12
ORD-103878,Sneakers,Clothing,5,70.71,353.55,2024-08-14
ORD-103879,Electric Kettle,Home & Kitchen,6,27.75,166.5,2024-08-13
ORD-103880,Bluetooth Speaker,Electronics,4,61.45,245.8,2025-03-21
ORD-103881,Air Fryer,Home & Kitchen,3,82.66,247.98,2025-04-01
ORD-103882,Wireless Earbuds,Electronics,2,86.61,173.22,2025-02-22
ORD-103883,Sneakers,Clothing,4,127.89,511.56,2025-09-21
ORD-103884,Bluetooth Speaker,Electronics,4,100.76,403.04,2024-07-29
ORD-103885,Vacuum Cleaner,Home & Kitchen,2,153.8,307.6,2024-12-16
ORD-103886,Vacuum Cleaner,Home & Kitchen,4,239.05,956.2,2025-02-01
ORD-103887,Storage Container Set,Home & Kitchen,3,39.26,117.78,2024-05-27
ORD-103888,Air Fryer,Home & Kitchen,5,176.27,881.35,2024-06-21
ORD-103889,Bluetooth Speaker,Electronics,4,79.02,316.08,2024-12-27
ORD-103890,Running Jacket,Clothing,3,54.31,162.93,2024-08-24
ORD-103891,Yoga Mat,Sports,4,69.46,277.84,2025-12-03
ORD-103892,Cotton T-Shirt,Clothing,5,19.93,99.65,2025-04-08
ORD-103893,Smartwatch,Electronics,5,226.65,1133.25,2024-12-19
ORD-103894,Laptop Sleeve,Electronics,2,55.62,111.24,2025-04-01
ORD-103895,Bluetooth Speaker,Electronics,4,56.47,225.88,2024-12-22
ORD-103896,Running Jacket,Clothing,2,46.34,92.68,2025-05-05
ORD-103897,Smartwatch,Electronics,3,182.17,546.51,2025-10-22
ORD-103898,Electric Kettle,Home & Kitchen,2,60.68,121.36,2024-02-07
ORD-103899,Denim Jeans,Clothing,3,46.88,140.64,2024-04-02
ORD-103900,Smartwatch,Electronics,4,257.76,1031.04,2025-12-13
ORD-103901,Hoodie,Clothing,3,49.8,149.4,2024-09-18
ORD-103902,Sneakers,Clothing,4,118.0,472.0,2024-10-12
ORD-103903,Laptop Sleeve,Electronics,1,36.26,36.26,2024-11-15
ORD-103904,Wireless Earbuds,Electronics,5,43.83,219.15,2025-09-27
ORD-103905,Electric Kettle,Home & Kitchen,3,36.22,108.66,2024-10-22
ORD-103906,Dumbbell Set,Sports,3,30.19,90.57,2024-08-29
ORD-103907,Fitness Tracker,Sports,2,60.75,121.5,2025-12-30
ORD-103908,Hair Dryer,Beauty,3,65.73,197.19,2024-07-02
ORD-103909,Sunscreen,Beauty,2,22.73,45.46,2025-01-12
ORD-103910,Smartphone Case,Electronics,3,28.4,85.2,2024-09-08
ORD-103911,Denim Jeans,Clothing,2,40.33,80.66,2024-10-05
ORD-103912,Smartwatch,Electronics,3,162.5,487.5,2024-02-28
ORD-103913,Laptop Sleeve,Electronics,3,52.83,158.49,2024-06-08
ORD-103914,Hoodie,Clothing,3,69.13,207.39,2025-01-11
ORD-103915,Denim Jeans,Clothing,5,27.08,135.4,2025-04-10
ORD-103916,Smartphone Case,Electronics,4,27.32,109.28,2024-06-14
ORD-103917,Face Serum,Beauty,3,20.33,60.99,2025-01-21
ORD-103918,Hoodie,Clothing,3,67.39,202.17,2025-05-16
ORD-103919,Hoodie,Clothing,3,79.2,237.6,2025-02-17
ORD-103920,Hoodie,Clothing,3,95.96,287.88,2024-12-28
ORD-103921,Air Fryer,Home & Kitchen,4,149.72,598.88,2024-09-14
ORD-103922,Hoodie,Clothing,3,32.45,97.35,2025-05-26
ORD-103923,Wireless Earbuds,Electronics,2,121.2,242.4,2025-09-06
ORD-103924,Yoga Mat,Sports,6,48.58,291.48,2025-09-10
ORD-103925,Running Jacket,Clothing,3,31.07,93.21,2025-01-17
ORD-103926,Non-stick Pan,Home & Kitchen,3,41.39,124.17,2024-08-08
ORD-103927,Electric Kettle,Home & Kitchen,2,56.53,113.06,2025-04-05
ORD-103928,Moisturizer,Beauty,3,37.9,113.7,2025-10-26
ORD-103929,Denim Jeans,Clothing,3,63.36,190.08,2024-01-17
ORD-103930,Cycling Helmet,Sports,4,46.71,186.84,2025-05-13
ORD-103931,Hair Dryer,Beauty,4,57.11,228.44,2024-07-28
ORD-103932,Cotton T-Shirt,Clothing,3,23.02,69.06,2024-09-08
ORD-103933,Yoga Mat,Sports,5,25.89,129.45,2024-10-29
ORD-103934,Sneakers,Clothing,2,120.66,241.32,2025-10-31
ORD-103935,Bluetooth Speaker,Electronics,7,111.55,780.85,2024-12-29
ORD-103936,Non-stick Pan,Home & Kitchen,4,19.91,79.64,2025-05-05
ORD-103937,Running Jacket,Clothing,6,49.96,299.76,2025-06-02
ORD-103938,Dumbbell Set,Sports,3,120.83,362.49,2025-12-29
ORD-103939,Smartwatch,Electronics,5,203.83,1019.15,2024-08-11
ORD-103940,Sneakers,Clothing,4,76.48,305.92,2025-02-17
ORD-103941,Storage Container Set,Home & Kitchen,2,20.43,40.86,2025-09-28
ORD-103942,Hoodie,Clothing,5,22.19,110.95,2025-08-22
ORD-103943,Sneakers,Clothing,3,132.05,396.15,2025-03-19
ORD-103944,Smartwatch,Electronics,2,207.91,415.82,2025-08-02
ORD-103945,Dumbbell Set,Sports,3,71.54,214.62,2025-01-21
ORD-103946,Hair Dryer,Beauty,4,38.23,152.92,2024-05-27
ORD-103947,Yoga Mat,Sports,4,27.76,111.04,2025-09-23
ORD-103948,Cotton T-Shirt,Clothing,5,12.08,60.4,2024-02-15
ORD-103949,Dumbbell Set,Sports,3,89.7,269.1,2025-03-04
ORD-103950,Denim Jeans,Clothing,2,41.06,82.12,2025-03-13
ORD-103951,Denim Jeans,Clothing,3,62.66,187.98,2024-01-01
ORD-103952,Wireless Earbuds,Electronics,6,93.13,558.78,2024-09-28
ORD-103953,Moisturizer,Beauty,4,37.92,151.68,2025-04-24
ORD-103954,Laptop Sleeve,Electronics,5,22.79,113.95,2024-04-26
ORD-103955,Running Jacket,Clothing,5,92.91,464.55,2025-09-23
ORD-103956,Sneakers,Clothing,6,83.65,501.9,2024-09-21
ORD-103957,Storage Container Set,Home & Kitchen,7,35.94,251.58,2025-10-08
ORD-103958,Vacuum Cleaner,Home & Kitchen,2,218.88,437.76,2025-06-16
ORD-103959,Moisturizer,Beauty,4,40.9,163.6,2024-08-19
ORD-103960,Running Jacket,Clothing,3,140.89,422.67,2024-12-02
ORD-103961,Sneakers,Clothing,3,136.51,409.53,2024-02-22
ORD-103962,Running Jacket,Clothing,3,90.62,271.86,2024-04-19
ORD-103963,Electric Kettle,Home & Kitchen,2,35.39,70.78,2024-09-11
ORD-103964,Wireless Earbuds,Electronics,8,124.9,999.2,2025-12-15
ORD-103965,Sneakers,Clothing,5,94.13,470.65,2025-03-05
ORD-103966,Denim Jeans,Clothing,5,52.58,262.9,2024-06-15
ORD-103967,Yoga Mat,Sports,5,56.05,280.25,2024-11-17
ORD-103968,Laptop Sleeve,Electronics,1,25.25,25.25,2025-03-18
ORD-103969,Non-stick Pan,Home & Kitchen,5,79.17,395.85,2024-12-07
ORD-103970,Smartphone Case,Electronics,3,30.12,90.36,2025-05-13
ORD-103971,Air Fryer,Home & Kitchen,6,96.05,576.3,2025-08-25
ORD-103972,Denim Jeans,Clothing,3,29.95,89.85,2024-10-20
ORD-103973,Hair Dryer,Beauty,5,74.53,372.65,2024-06-12
ORD-103974,Non-stick Pan,Home & Kitchen,4,20.91,83.64,2024-04-13
ORD-103975,Face Serum,Beauty,4,48.29,193.16,2024-06-02
ORD-103976,Non-stick Pan,Home & Kitchen,5,55.99,279.95,2025-12-15
ORD-103977,Yoga Mat,Sports,4,18.98,75.92,2025-04-27
ORD-103978,Bluetooth Speaker,Electronics,4,102.4,409.6,2025-11-26
ORD-103979,Hair Dryer,Beauty,4,75.24,300.96,2025-11-13
ORD-103980,Bluetooth Speaker,Electronics,3,44.03,132.09,2024-12-04
ORD-103981,Yoga Mat,Sports,5,35.3,176.5,2024-02-10
ORD-103982,Moisturizer,Beauty,3,43.75,131.25,2024-06-23
ORD-103983,Lipstick Set,Beauty,1,16.8,16.8,2024-04-20
ORD-103984,Hoodie,Clothing,5,70.74,353.7,2024-03-14
ORD-103985,Cotton T-Shirt,Clothing,4,17.35,69.4,2025-04-18
ORD-103986,Hoodie,Clothing,3,45.56,136.68,2024-04-08
ORD-103987,Bluetooth Speaker,Electronics,3,46.49,139.47,2024-02-02
ORD-103988,Denim Jeans,Clothing,1,50.82,50.82,2025-12-12
ORD-103989,Hoodie,Clothing,6,48.65,291.9,2024-11-09
ORD-103990,Lipstick Set,Beauty,4,28.97,115.88,2025-03-04
ORD-103991,Bluetooth Speaker,Electronics,2,61.56,123.12,2025-11-13
ORD-103992,Denim Jeans,Clothing,2,36.89,73.78,2025-12-21
ORD-103993,Smartwatch,Electronics,2,114.69,229.38,2024-04-30
ORD-103994,Dumbbell Set,Sports,4,103.58,414.32,2024-06-01
ORD-103995,Running Jacket,Clothing,6,74.86,449.16,2025-12-05
ORD-103996,Laptop Sleeve,Electronics,5,40.11,200.55,2025-03-21
ORD-103997,Fitness Tracker,Sports,3,64.56,193.68,2025-08-24
ORD-103998,Lipstick Set,Beauty,6,11.76,70.56,2025-11-02
ORD-103999,Smartphone Case,Electronics,2,17.88,35.76,2024-12-19
ORD-104000,Bluetooth Speaker,Electronics,5,40.6,203.0,2025-02-02
ORD-104001,Air Fryer,Home & Kitchen,5,206.95,1034.75,2025-12-27
ORD-104002,Running Jacket,Clothing,3,67.94,203.82,2025-12-25
ORD-104003,Hoodie,Clothing,3,51.23,153.69,2025-12-17
ORD-104004,Dumbbell Set,Sports,3,75.11,225.33,2024-09-13
ORD-104005,Storage Container Set,Home & Kitchen,5,12.23,61.15,2024-05-31
ORD-104006,Smartwatch,Electronics,6,173.76,1042.56,2025-09-10
ORD-104007,Denim Jeans,Clothing,2,43.03,86.06,2024-07-03
ORD-104008,Hair Dryer,Beauty,2,58.6,117.2,2025-12-29
ORD-104009,Storage Container Set,Home & Kitchen,3,15.11,45.33,2024-01-03
ORD-104010,Sunscreen,Beauty,7,13.29,93.03,2024-07-25
ORD-104011,Hoodie,Clothing,3,55.88,167.64,2024-10-07
ORD-104012,Fitness Tracker,Sports,4,158.21,632.84,2025-09-19
ORD-104013,Wireless Earbuds,Electronics,5,121.21,606.05,2025-04-10
ORD-104014,Storage Container Set,Home & Kitchen,2,47.49,94.98,2025-07-05
ORD-104015,Running Jacket,Clothing,5,36.26,181.3,2024-12-06
ORD-104016,Non-stick Pan,Home & Kitchen,1,63.74,63.74,2025-04-30
ORD-104017,Sneakers,Clothing,6,97.86,587.16,2025-09-15
ORD-104018,Fitness Tracker,Sports,1,96.81,96.81,2024-08-16
ORD-104019,Cotton T-Shirt,Clothing,3,18.4,55.2,2024-08-22
ORD-104020,Air Fryer,Home & Kitchen,5,48.85,244.25,2024-09-28
ORD-104021,Smartphone Case,Electronics,2,16.53,33.06,2025-04-05
ORD-104022,Wireless Earbuds,Electronics,5,103.32,516.6,2024-03-18
ORD-104023,Hoodie,Clothing,3,24.45,73.35,2025-03-02
ORD-104024,Cycling Helmet,Sports,2,59.22,118.44,2025-09-06
ORD-104025,Vacuum Cleaner,Home & Kitchen,6,175.0,1050.0,2024-08-06
ORD-104026,Non-stick Pan,Home & Kitchen,3,65.42,196.26,2024-08-28
ORD-104027,Running Jacket,Clothing,4,68.98,275.92,2024-06-30
ORD-104028,Laptop Sleeve,Electronics,6,35.51,213.06,2024-03-22
ORD-104029,Sneakers,Clothing,2,53.05,106.1,2024-01-22
ORD-104030,Cycling Helmet,Sports,5,60.91,304.55,2024-06-22
ORD-104031,Lipstick Set,Beauty,4,36.11,144.44,2024-06-14
ORD-104032,Smartphone Case,Electronics,6,9.73,58.38,2025-01-05
ORD-104033,Cycling Helmet,Sports,4,70.53,282.12,2025-07-09
ORD-104034,Non-stick Pan,Home & Kitchen,1,62.9,62.9,2024-06-08
ORD-104035,Yoga Mat,Sports,4,13.98,55.92,2024-09-02
ORD-104036,Hair Dryer,Beauty,4,33.2,132.8,2024-07-02
ORD-104037,Cotton T-Shirt,Clothing,5,18.76,93.8,2025-05-27
ORD-104038,Lipstick Set,Beauty,3,12.09,36.27,2025-06-07
ORD-104039,Storage Container Set,Home & Kitchen,2,23.74,47.48,2024-03-26
ORD-104040,Smartphone Case,Electronics,1,30.57,30.57,2025-02-01
ORD-104041,Storage Container Set,Home & Kitchen,3,37.82,113.46,2024-01-19
ORD-104042,Non-stick Pan,Home & Kitchen,3,23.08,69.24,2024-03-05
ORD-104043,Hoodie,Clothing,4,85.6,342.4,2025-12-07
ORD-104044,Storage Container Set,Home & Kitchen,5,20.31,101.55,2024-01-31
ORD-104045,Sneakers,Clothing,8,109.46,875.68,2024-04-16
ORD-104046,Lipstick Set,Beauty,3,12.77,38.31,2024-08-05
ORD-104047,Air Fryer,Home & Kitchen,3,175.7,527.1,2025-08-23
ORD-104048,Smartphone Case,Electronics,6,43.73,262.38,2025-11-03
ORD-104049,Sunscreen,Beauty,2,14.67,29.34,2025-04-13
ORD-104050,Electric Kettle,Home & Kitchen,5,16.09,80.45,2024-02-12
ORD-104051,Smartwatch,Electronics,4,136.53,546.12,2024-12-29
ORD-104052,Storage Container Set,Home & Kitchen,3,26.65,79.95,2025-10-26
ORD-104053,Face Serum,Beauty,2,83.26,166.52,2024-11-18
ORD-104054,Wireless Earbuds,Electronics,3,73.98,221.94,2025-08-31
ORD-104055,Sunscreen,Beauty,1,24.57,24.57,2024-05-19
ORD-104056,Vacuum Cleaner,Home & Kitchen,5,116.65,583.25,2024-12-14
ORD-104057,Hair Dryer,Beauty,1,42.93,42.93,2024-09-08
ORD-104058,Hair Dryer,Beauty,3,93.26,279.78,2024-02-09
ORD-104059,Bluetooth Speaker,Electronics,1,135.78,135.78,2025-11-11
ORD-104060,Bluetooth Speaker,Electronics,3,92.22,276.66,2025-01-23
ORD-104061,Sneakers,Clothing,5,119.89,599.45,2024-03-17
ORD-104062,Sneakers,Clothing,5,125.98,629.9,2024-11-11
ORD-104063,Cotton T-Shirt,Clothing,5,14.38,71.9,2024-10-18
ORD-104064,Moisturizer,Beauty,4,27.88,111.52,2025-06-21
ORD-104065,Cycling Helmet,Sports,5,26.51,132.55,2024-04-26
ORD-104066,Running Jacket,Clothing,3,111.19,333.57,2024-11-21
ORD-104067,Smartphone Case,Electronics,1,28.78,28.78,2025-08-19
ORD-104068,Bluetooth Speaker,Electronics,4,120.98,483.92,2024-11-14
ORD-104069,Vacuum Cleaner,Home & Kitchen,6,238.52,1431.12,2024-03-22
ORD-104070,Vacuum Cleaner,Home & Kitchen,5,198.76,993.8,2025-12-08
ORD-104071,Cycling Helmet,Sports,2,72.07,144.14,2024-04-12
ORD-104072,Face Serum,Beauty,2,75.57,151.14,2024-11-15
ORD-104073,Running Jacket,Clothing,5,89.22,446.1,2024-10-02
ORD-104074,Wireless Earbuds,Electronics,6,33.2,199.2,2025-08-25
ORD-104075,Yoga Mat,Sports,4,48.71,194.84,2025-04-25
ORD-104076,Cotton T-Shirt,Clothing,2,9.33,18.66,2024-09-27
ORD-104077,Dumbbell Set,Sports,5,60.33,301.65,2024-03-24
ORD-104078,Smartwatch,Electronics,3,350.24,1050.72,2025-12-18
ORD-104079,Non-stick Pan,Home & Kitchen,4,27.65,110.6,2025-04-26
ORD-104080,Moisturizer,Beauty,4,35.27,141.08,2025-11-29
ORD-104081,Yoga Mat,Sports,4,39.19,156.76,2025-11-28
ORD-104082,Denim Jeans,Clothing,5,44.44,222.2,2025-05-19
ORD-104083,Smartphone Case,Electronics,2,27.79,55.58,2025-09-19
ORD-104084,Smartwatch,Electronics,2,170.33,340.66,2024-10-26
ORD-104085,Hoodie,Clothing,2,66.03,132.06,2025-02-25
ORD-104086,Denim Jeans,Clothing,5,50.54,252.7,2025-09-23
ORD-104087,Laptop Sleeve,Electronics,6,46.11,276.66,2024-09-18
ORD-104088,Non-stick Pan,Home & Kitchen,4,45.21,180.84,2025-02-19
ORD-104089,Moisturizer,Beauty,4,16.02,64.08,2025-08-13
ORD-104090,Non-stick Pan,Home & Kitchen,6,34.36,206.16,2025-11-18
ORD-104091,Moisturizer,Beauty,5,35.58,177.9,2024-09-12
ORD-104092,Lipstick Set,Beauty,5,37.05,185.25,2024-05-16
ORD-104093,Cotton T-Shirt,Clothing,2,8.39,16.78,2025-08-11
ORD-104094,Wireless Earbuds,Electronics,4,49.47,197.88,2025-12-13
ORD-104095,Smartphone Case,Electronics,3,11.88,35.64,2025-04-02
ORD-104096,Face Serum,Beauty,6,28.75,172.5,2025-01-12
ORD-104097,Hoodie,Clothing,2,50.53,101.06,2025-11-27
ORD-104098,Electric Kettle,Home & Kitchen,2,36.77,73.54,2024-07-30
ORD-104099,Smartphone Case,Electronics,5,21.78,108.9,2025-05-16
ORD-104100,Cotton T-Shirt,Clothing,3,6.75,20.25,2024-09-15
ORD-104101,Cotton T-Shirt,Clothing,2,21.62,43.24,2024-03-02
ORD-104102,Electric Kettle,Home & Kitchen,2,21.6,43.2,2025-02-27
ORD-104103,Running Jacket,Clothing,3,44.88,134.64,2024-10-13
ORD-104104,Lipstick Set,Beauty,5,11.02,55.1,2025-06-26
ORD-104105,Running Jacket,Clothing,3,45.4,136.2,2025-10-21
ORD-104106,Bluetooth Speaker,Electronics,3,93.07,279.21,2025-05-03
ORD-104107,Sneakers,Clothing,1,81.2,81.2,2024-08-13
ORD-104108,Smartphone Case,Electronics,6,21.07,126.42,2025-10-22
ORD-104109,Smartwatch,Electronics,6,259.33,1555.98,2025-06-05
ORD-104110,Bluetooth Speaker,Electronics,4,58.5,234.0,2025-01-14
ORD-104111,Hair Dryer,Beauty,4,65.65,262.6,2025-11-05
ORD-104112,Sneakers,Clothing,5,46.82,234.1,2024-01-21
ORD-104113,Yoga Mat,Sports,2,44.07,88.14,2024-09-04
ORD-104114,Denim Jeans,Clothing,2,66.58,133.16,2025-11-15
ORD-104115,Fitness Tracker,Sports,6,212.56,1275.36,2025-06-26
ORD-104116,Vacuum Cleaner,Home & Kitchen,4,90.69,362.76,2024-01-04
ORD-104117,Smartwatch,Electronics,3,184.0,552.0,2025-03-05
ORD-104118,Smartphone Case,Electronics,7,15.61,109.27,2024-07-10
ORD-104119,Sneakers,Clothing,3,119.34,358.02,2024-09-14
ORD-104120,Denim Jeans,Clothing,7,34.97,244.79,2025-10-05
ORD-104121,Fitness Tracker,Sports,3,104.77,314.31,2025-08-01
ORD-104122,Laptop Sleeve,Electronics,1,25.3,25.3,2025-10-01
ORD-104123,Cotton T-Shirt,Clothing,1,20.04,20.04,2024-12-10
ORD-104124,Sunscreen,Beauty,2,23.24,46.48,2024-12-07
ORD-104125,Hoodie,Clothing,3,66.98,200.94,2024-01-17
ORD-104126,Smartphone Case,Electronics,6,21.73,130.38,2024-08-24
ORD-104127,Laptop Sleeve,Electronics,2,40.42,80.84,2025-02-26
ORD-104128,Face Serum,Beauty,3,83.6,250.8,2025-11-28
ORD-104129,Electric Kettle,Home & Kitchen,3,44.28,132.84,2024-08-14
ORD-104130,Wireless Earbuds,Electronics,6,62.23,373.38,2024-02-07
ORD-104131,Football,Sports,4,41.92,167.68,2024-05-03
ORD-104132,Air Fryer,Home & Kitchen,1,67.47,67.47,2024-08-02
ORD-104133,Fitness Tracker,Sports,3,41.8,125.4,2024-05-01
ORD-104134,Hoodie,Clothing,2,75.59,151.18,2025-07-03
ORD-104135,Dumbbell Set,Sports,5,82.6,413.0,2024-02-15
ORD-104136,Denim Jeans,Clothing,3,61.93,185.79,2025-11-04
ORD-104137,Lipstick Set,Beauty,5,28.35,141.75,2024-08-09
ORD-104138,Yoga Mat,Sports,4,30.53,122.12,2024-03-31
ORD-104139,Smartwatch,Electronics,3,74.58,223.74,2024-10-11
ORD-104140,Hair Dryer,Beauty,4,58.58,234.32,2025-04-08
ORD-104141,Wireless Earbuds,Electronics,7,76.45,535.15,2025-10-04
ORD-104142,Electric Kettle,Home & Kitchen,6,52.53,315.18,2024-06-25
ORD-104143,Wireless Earbuds,Electronics,6,52.79,316.74,2024-07-02
ORD-104144,Smartphone Case,Electronics,1,20.76,20.76,2024-10-29
ORD-104145,Electric Kettle,Home & Kitchen,6,24.32,145.92,2025-09-25
ORD-104146,Smartphone Case,Electronics,4,24.97,99.88,2025-01-10
ORD-104147,Cycling Helmet,Sports,5,61.7,308.5,2025-12-04
ORD-104148,Moisturizer,Beauty,8,23.61,188.88,2025-04-30
ORD-104149,Wireless Earbuds,Electronics,3,50.39,151.17,2025-06-29
ORD-104150,Football,Sports,6,12.62,75.72,2024-04-21
ORD-104151,Wireless Earbuds,Electronics,2,69.41,138.82,2024-06-06
ORD-104152,Denim Jeans,Clothing,4,50.13,200.52,2024-09-29
ORD-104153,Sunscreen,Beauty,5,25.42,127.1,2025-08-28
ORD-104154,Cycling Helmet,Sports,5,31.28,156.4,2025-04-08
ORD-104155,Fitness Tracker,Sports,2,142.68,285.36,2025-11-07
ORD-104156,Football,Sports,4,33.84,135.36,2024-06-25
ORD-104157,Hair Dryer,Beauty,3,50.79,152.37,2024-11-19
ORD-104158,Wireless Earbuds,Electronics,3,78.75,236.25,2024-07-19
ORD-104159,Hoodie,Clothing,4,86.01,344.04,2025-04-21
ORD-104160,Yoga Mat,Sports,4,21.0,84.0,2025-12-12
ORD-104161,Smartwatch,Electronics,4,189.69,758.76,2024-04-25
ORD-104162,Hoodie,Clothing,5,92.1,460.5,2025-12-30
ORD-104163,Smartwatch,Electronics,5,200.5,1002.5,2024-07-03
ORD-104164,Smartphone Case,Electronics,4,32.8,131.2,2024-09-03
ORD-104165,Vacuum Cleaner,Home & Kitchen,3,269.01,807.03,2025-07-10
ORD-104166,Hoodie,Clothing,7,44.51,311.57,2024-03-26
ORD-104167,Storage Container Set,Home & Kitchen,3,22.1,66.3,2024-09-24
ORD-104168,Smartphone Case,Electronics,2,22.67,45.34,2024-02-15
ORD-104169,Dumbbell Set,Sports,4,122.08,488.32,2024-05-23
ORD-104170,Wireless Earbuds,Electronics,5,47.99,239.95,2025-06-14
ORD-104171,Sneakers,Clothing,5,83.43,417.15,2025-10-11
ORD-104172,Hair Dryer,Beauty,1,33.86,33.86,2025-04-16
ORD-104173,Running Jacket,Clothing,1,33.9,33.9,2024-01-31
ORD-104174,Wireless Earbuds,Electronics,2,143.94,287.88,2025-11-11
ORD-104175,Yoga Mat,Sports,6,23.77,142.62,2024-03-26
ORD-104176,Sunscreen,Beauty,5,11.11,55.55,2024-03-24
ORD-104177,Wireless Earbuds,Electronics,4,95.15,380.6,2025-03-25
ORD-104178,Storage Container Set,Home & Kitchen,6,40.96,245.76,2024-02-28
ORD-104179,Sunscreen,Beauty,4,26.19,104.76,2024-01-27
ORD-104180,Cycling Helmet,Sports,1,65.3,65.3,2025-01-23
ORD-104181,Sunscreen,Beauty,6,12.05,72.3,2025-10-23
ORD-104182,Denim Jeans,Clothing,1,40.04,40.04,2024-03-28
ORD-104183,Smartwatch,Electronics,3,183.94,551.82,2025-07-06
ORD-104184,Non-stick Pan,Home & Kitchen,2,25.74,51.48,2024-06-03
ORD-104185,Sunscreen,Beauty,8,22.0,176.0,2025-09-28
ORD-104186,Sneakers,Clothing,4,86.15,344.6,2024-02-11
ORD-104187,Cotton T-Shirt,Clothing,1,8.28,8.28,2025-09-05
ORD-104188,Electric Kettle,Home & Kitchen,3,30.68,92.04,2025-01-21
ORD-104189,Running Jacket,Clothing,2,60.05,120.1,2025-06-12
ORD-104190,Laptop Sleeve,Electronics,2,24.87,49.74,2025-07-30
ORD-104191,Running Jacket,Clothing,4,49.8,199.2,2025-06-07
ORD-104192,Cotton T-Shirt,Clothing,3,14.15,42.45,2025-01-09
ORD-104193,Smartwatch,Electronics,4,247.08,988.32,2025-01-19
ORD-104194,Non-stick Pan,Home & Kitchen,4,38.9,155.6,2025-10-02
ORD-104195,Denim Jeans,Clothing,4,41.97,167.88,2025-02-24
ORD-104196,Air Fryer,Home & Kitchen,4,103.09,412.36,2025-09-24
ORD-104197,Fitness Tracker,Sports,4,145.91,583.64,2025-10-13
ORD-104198,Fitness Tracker,Sports,2,51.84,103.68,2024-07-08
ORD-104199,Wireless Earbuds,Electronics,5,100.64,503.2,2024-05-05
ORD-104200,Hoodie,Clothing,6,81.71,490.26,2024-05-07
ORD-104201,Yoga Mat,Sports,5,37.15,185.75,2024-09-24
ORD-104202,Denim Jeans,Clothing,3,61.02,183.06,2025-07-14
ORD-104203,Electric Kettle,Home & Kitchen,2,24.59,49.18,2025-06-12
ORD-104204,Moisturizer,Beauty,2,37.1,74.2,2025-06-25
ORD-104205,Denim Jeans,Clothing,1,55.29,55.29,2024-06-07
ORD-104206,Laptop Sleeve,Electronics,2,51.03,102.06,2025-09-25
ORD-104207,Sunscreen,Beauty,2,21.94,43.88,2025-08-08
ORD-104208,Storage Container Set,Home & Kitchen,5,18.72,93.6,2025-02-21
ORD-104209,Laptop Sleeve,Electronics,4,36.72,146.88,2024-05-13
ORD-104210,Sunscreen,Beauty,2,13.11,26.22,2025-03-17
ORD-104211,Running Jacket,Clothing,5,64.14,320.7,2024-03-25
ORD-104212,Laptop Sleeve,Electronics,4,57.84,231.36,2024-10-25
ORD-104213,Electric Kettle,Home & Kitchen,8,63.91,511.28,2024-12-29
ORD-104214,Running Jacket,Clothing,3,43.91,131.73,2024-02-13
ORD-104215,Hair Dryer,Beauty,6,78.28,469.68,2024-12-14
ORD-104216,Smartphone Case,Electronics,2,26.04,52.08,2024-01-24
ORD-104217,Running Jacket,Clothing,8,85.45,683.6,2025-02-25
ORD-104218,Fitness Tracker,Sports,2,157.49,314.98,2025-08-12
ORD-104219,Non-stick Pan,Home & Kitchen,5,54.62,273.1,2024-08-19
ORD-104220,Hoodie,Clothing,2,65.97,131.94,2025-12-15
ORD-104221,Bluetooth Speaker,Electronics,5,84.03,420.15,2024-12-05
ORD-104222,Smartwatch,Electronics,1,150.12,150.12,2025-12-14
ORD-104223,Face Serum,Beauty,3,55.34,166.02,2024-10-23
ORD-104224,Bluetooth Speaker,Electronics,5,35.08,175.4,2024-09-01
ORD-104225,Bluetooth Speaker,Electronics,1,77.19,77.19,2024-07-17
ORD-104226,Running Jacket,Clothing,2,56.75,113.5,2025-12-26
ORD-104227,Moisturizer,Beauty,3,14.54,43.62,2024-04-14
ORD-104228,Lipstick Set,Beauty,4,21.18,84.72,2025-06-22
ORD-104229,Yoga Mat,Sports,4,14.4,57.6,2025-07-11
ORD-104230,Dumbbell Set,Sports,7,39.42,275.94,2025-08-30
ORD-104231,Lipstick Set,Beauty,3,10.29,30.87,2024-08-09
ORD-104232,Electric Kettle,Home & Kitchen,2,48.92,97.84,2024-02-10
ORD-104233,Yoga Mat,Sports,3,46.56,139.68,2024-03-26
ORD-104234,Vacuum Cleaner,Home & Kitchen,4,227.95,911.8,2025-05-23
ORD-104235,Sneakers,Clothing,7,80.47,563.29,2024-04-07
ORD-104236,Air Fryer,Home & Kitchen,6,180.62,1083.72,2025-07-19
ORD-104237,Non-stick Pan,Home & Kitchen,7,59.77,418.39,2024-01-11
ORD-104238,Wireless Earbuds,Electronics,3,86.31,258.93,2024-01-31
ORD-104239,Sneakers,Clothing,2,90.02,180.04,2024-04-24
ORD-104240,Fitness Tracker,Sports,6,64.11,384.66,2024-01-14
ORD-104241,Sneakers,Clothing,6,114.58,687.48,2025-10-14
ORD-104242,Running Jacket,Clothing,4,37.28,149.12,2025-09-02
ORD-104243,Lipstick Set,Beauty,8,30.28,242.24,2024-01-04
ORD-104244,Lipstick Set,Beauty,5,24.53,122.65,2025-01-11
ORD-104245,Cotton T-Shirt,Clothing,4,14.87,59.48,2024-03-19
ORD-104246,Wireless Earbuds,Electronics,3,107.53,322.59,2025-06-22
ORD-104247,Non-stick Pan,Home & Kitchen,4,31.54,126.16,2025-07-06
ORD-104248,Smartwatch,Electronics,3,157.82,473.46,2025-05-03
ORD-104249,Smartphone Case,Electronics,4,14.0,56.0,2025-02-21
ORD-104250,Moisturizer,Beauty,5,32.36,161.8,2024-08-08
ORD-104251,Non-stick Pan,Home & Kitchen,3,35.79,107.37,2024-09-02
ORD-104252,Sneakers,Clothing,4,46.35,185.4,2024-03-19
ORD-104253,Cycling Helmet,Sports,5,61.66,308.3,2024-05-13
ORD-104254,Cotton T-Shirt,Clothing,5,20.47,102.35,2025-01-10
ORD-104255,Hair Dryer,Beauty,4,49.84,199.36,2024-08-31
ORD-104256,Sneakers,Clothing,4,83.54,334.16,2024-02-17
ORD-104257,Smartphone Case,Electronics,4,28.77,115.08,2025-03-12
ORD-104258,Wireless Earbuds,Electronics,3,118.4,355.2,2024-07-16
ORD-104259,Smartphone Case,Electronics,4,21.31,85.24,2025-01-04
ORD-104260,Yoga Mat,Sports,7,25.84,180.88,2024-01-28
ORD-104261,Face Serum,Beauty,4,75.65,302.6,2024-11-24
ORD-104262,Smartphone Case,Electronics,7,14.61,102.27,2024-08-11
ORD-104263,Cotton T-Shirt,Clothing,3,16.86,50.58,2025-03-16
ORD-104264,Smartwatch,Electronics,6,167.93,1007.58,2024-04-21
ORD-104265,Football,Sports,4,33.78,135.12,2025-07-28
ORD-104266,Smartphone Case,Electronics,3,33.32,99.96,2025-06-21
ORD-104267,Cotton T-Shirt,Clothing,3,13.04,39.12,2024-04-28
ORD-104268,Yoga Mat,Sports,2,55.22,110.44,2025-06-24
ORD-104269,Hair Dryer,Beauty,3,45.49,136.47,2024-11-01
ORD-104270,Fitness Tracker,Sports,5,52.38,261.9,2025-06-25
ORD-104271,Smartphone Case,Electronics,4,19.12,76.48,2025-10-22
ORD-104272,Face Serum,Beauty,3,50.76,152.28,2024-04-14
ORD-104273,Cotton T-Shirt,Clothing,3,19.62,58.86,2025-09-12
ORD-104274,Vacuum Cleaner,Home & Kitchen,7,258.27,1807.89,2025-08-17
ORD-104275,Hair Dryer,Beauty,4,33.45,133.8,2025-08-10
ORD-104276,Laptop Sleeve,Electronics,4,41.07,164.28,2024-09-18
ORD-104277,Smartwatch,Electronics,1,280.41,280.41,2025-12-24
ORD-104278,Football,Sports,4,26.65,106.6,2025-10-01
ORD-104279,Running Jacket,Clothing,2,82.98,165.96,2025-07-19
ORD-104280,Lipstick Set,Beauty,7,30.45,213.15,2024-04-01
ORD-104281,Hoodie,Clothing,9,58.47,526.23,2025-01-09
ORD-104282,Vacuum Cleaner,Home & Kitchen,3,97.99,293.97,2024-09-11
ORD-104283,Storage Container Set,Home & Kitchen,5,39.26,196.3,2024-01-22
ORD-104284,Fitness Tracker,Sports,6,125.5,753.0,2025-09-25
ORD-104285,Dumbbell Set,Sports,3,39.72,119.16,2024-07-13
ORD-104286,Dumbbell Set,Sports,5,130.58,652.9,2024-10-28
ORD-104287,Lipstick Set,Beauty,3,25.57,76.71,2025-02-17
ORD-104288,Yoga Mat,Sports,2,32.71,65.42,2025-02-21
ORD-104289,Smartwatch,Electronics,4,118.19,472.76,2025-04-29
ORD-104290,Air Fryer,Home & Kitchen,4,198.95,795.8,2025-03-03
ORD-104291,Laptop Sleeve,Electronics,2,48.37,96.74,2024-06-27
ORD-104292,Denim Jeans,Clothing,1,49.2,49.2,2025-06-16
ORD-104293,Hoodie,Clothing,3,62.61,187.83,2025-01-05
ORD-104294,Fitness Tracker,Sports,2,136.3,272.6,2024-05-21
ORD-104295,Non-stick Pan,Home & Kitchen,3,60.39,181.17,2024-10-18
ORD-104296,Football,Sports,4,16.06,64.24,2025-11-10
ORD-104297,Smartwatch,Electronics,4,187.03,748.12,2025-09-16
ORD-104298,Smartphone Case,Electronics,3,23.35,70.05,2025-02-19
ORD-104299,Denim Jeans,Clothing,4,44.45,177.8,2025-03-20
ORD-104300,Smartwatch,Electronics,9,199.32,1793.88,2025-01-26
ORD-104301,Cotton T-Shirt,Clothing,3,8.01,24.03,2024-08-09
ORD-104302,Air Fryer,Home & Kitchen,6,137.97,827.82,2024-04-10
ORD-104303,Moisturizer,Beauty,3,33.96,101.88,2024-07-13
ORD-104304,Running Jacket,Clothing,4,46.7,186.8,2024-05-03
ORD-104305,Bluetooth Speaker,Electronics,2,61.46,122.92,2025-02-12
ORD-104306,Running Jacket,Clothing,1,58.82,58.82,2025-06-05
ORD-104307,Yoga Mat,Sports,1,29.79,29.79,2024-06-17
ORD-104308,Wireless Earbuds,Electronics,6,151.49,908.94,2025-11-14
ORD-104309,Sneakers,Clothing,4,44.73,178.92,2025-02-02
ORD-104310,Laptop Sleeve,Electronics,3,30.62,91.86,2025-05-30
ORD-104311,Smartphone Case,Electronics,2,17.92,35.84,2025-09-18
ORD-104312,Yoga Mat,Sports,3,49.22,147.66,2024-02-19
ORD-104313,Cotton T-Shirt,Clothing,3,17.87,53.61,2025-09-18
ORD-104314,Smartwatch,Electronics,2,242.04,484.08,2024-03-15
ORD-104315,Sneakers,Clothing,1,117.92,117.92,2025-02-21
ORD-104316,Fitness Tracker,Sports,2,147.94,295.88,2024-07-19
ORD-104317,Football,Sports,3,15.19,45.57,2025-10-04
ORD-104318,Moisturizer,Beauty,7,19.74,138.18,2025-10-14
ORD-104319,Laptop Sleeve,Electronics,5,35.87,179.35,2025-03-27
ORD-104320,Denim Jeans,Clothing,2,49.35,98.7,2024-02-29
ORD-104321,Denim Jeans,Clothing,6,46.66,279.96,2025-02-16
ORD-104322,Denim Jeans,Clothing,5,29.82,149.1,2025-09-02
ORD-104323,Wireless Earbuds,Electronics,3,105.86,317.58,2025-05-18
ORD-104324,Lipstick Set,Beauty,1,37.0,37.0,2024-02-18
ORD-104325,Vacuum Cleaner,Home & Kitchen,3,211.87,635.61,2024-03-09
ORD-104326,Sneakers,Clothing,4,115.16,460.64,2025-06-20
ORD-104327,Denim Jeans,Clothing,2,31.7,63.4,2024-07-22
ORD-104328,Smartphone Case,Electronics,3,25.56,76.68,2024-11-17
ORD-104329,Dumbbell Set,Sports,2,177.41,354.82,2024-12-19
ORD-104330,Sneakers,Clothing,2,132.8,265.6,2025-07-11
ORD-104331,Denim Jeans,Clothing,3,46.97,140.91,2024-06-17
ORD-104332,Smartphone Case,Electronics,4,23.04,92.16,2024-01-01
ORD-104333,Laptop Sleeve,Electronics,5,48.49,242.45,2024-08-31
ORD-104334,Cycling Helmet,Sports,2,56.63,113.26,2024-05-15
ORD-104335,Storage Container Set,Home & Kitchen,3,16.3,48.9,2025-01-20
ORD-104336,Wireless Earbuds,Electronics,4,128.31,513.24,2025-11-14
ORD-104337,Hoodie,Clothing,4,59.41,237.64,2024-02-20
ORD-104338,Smartwatch,Electronics,8,130.14,1041.12,2024-11-26
ORD-104339,Cycling Helmet,Sports,2,22.33,44.66,2025-06-06
ORD-104340,Lipstick Set,Beauty,2,16.57,33.14,2024-10-09
ORD-104341,Laptop Sleeve,Electronics,4,52.65,210.6,2024-07-28
ORD-104342,Football,Sports,4,29.13,116.52,2025-04-26
ORD-104343,Football,Sports,3,32.12,96.36,2025-05-26
ORD-104344,Smartphone Case,Electronics,3,10.43,31.29,2024-03-17
ORD-104345,Wireless Earbuds,Electronics,2,102.71,205.42,2025-05-18
ORD-104346,Electric Kettle,Home & Kitchen,3,43.04,129.12,2024-04-14
ORD-104347,Sneakers,Clothing,4,101.41,405.64,2024-06-24
ORD-104348,Sneakers,Clothing,5,143.26,716.3,2025-12-04
ORD-104349,Laptop Sleeve,Electronics,2,61.49,122.98,2024-08-25
ORD-104350,Non-stick Pan,Home & Kitchen,3,24.55,73.65,2025-06-11
ORD-104351,Hair Dryer,Beauty,6,22.07,132.42,2025-02-22
ORD-104352,Laptop Sleeve,Electronics,2,35.73,71.46,2024-01-24
ORD-104353,Sunscreen,Beauty,3,15.68,47.04,2025-10-13
ORD-104354,Face Serum,Beauty,3,40.05,120.15,2025-04-09
ORD-104355,Laptop Sleeve,Electronics,4,45.55,182.2,2024-08-29
ORD-104356,Electric Kettle,Home & Kitchen,3,33.81,101.43,2024-01-16
ORD-104357,Smartwatch,Electronics,5,107.11,535.55,2024-05-27
ORD-104358,Dumbbell Set,Sports,3,94.59,283.77,2024-08-17
ORD-104359,Denim Jeans,Clothing,7,56.35,394.45,2024-03-29
ORD-104360,Hair Dryer,Beauty,4,78.37,313.48,2024-01-16
ORD-104361,Air Fryer,Home & Kitchen,3,175.73,527.19,2024-04-17
ORD-104362,Denim Jeans,Clothing,1,36.98,36.98,2024-03-15
ORD-104363,Moisturizer,Beauty,4,44.81,179.24,2024-03-15
ORD-104364,Smartwatch,Electronics,6,282.32,1693.92,2025-02-11
ORD-104365,Face Serum,Beauty,2,50.58,101.16,2025-07-24
ORD-104366,Hair Dryer,Beauty,3,45.22,135.66,2024-08-28
ORD-104367,Storage Container Set,Home & Kitchen,3,45.91,137.73,2025-07-13
ORD-104368,Dumbbell Set,Sports,5,133.44,667.2,2024-02-08
ORD-104369,Sunscreen,Beauty,1,28.1,28.1,2025-12-09
ORD-104370,Vacuum Cleaner,Home & Kitchen,2,233.77,467.54,2025-03-19
ORD-104371,Storage Container Set,Home & Kitchen,5,49.42,247.1,2025-06-03
ORD-104372,Storage Container Set,Home & Kitchen,2,19.67,39.34,2025-09-12
ORD-104373,Sunscreen,Beauty,2,24.22,48.44,2025-07-20
ORD-104374,Storage Container Set,Home & Kitchen,4,33.6,134.4,2024-12-21
ORD-104375,Air Fryer,Home & Kitchen,4,157.82,631.28,2024-02-06
ORD-104376,Running Jacket,Clothing,5,45.93,229.65,2024-07-02
ORD-104377,Air Fryer,Home & Kitchen,7,123.79,866.53,2025-02-03
ORD-104378,Electric Kettle,Home & Kitchen,3,57.86,173.58,2024-01-27
ORD-104379,Sneakers,Clothing,3,138.2,414.6,2024-03-20
ORD-104380,Laptop Sleeve,Electronics,3,44.52,133.56,2025-05-21
ORD-104381,Vacuum Cleaner,Home & Kitchen,5,226.38,1131.9,2024-06-02
ORD-104382,Air Fryer,Home & Kitchen,3,128.83,386.49,2025-06-01
ORD-104383,Dumbbell Set,Sports,3,109.96,329.88,2024-11-23
ORD-104384,Wireless Earbuds,Electronics,4,78.46,313.84,2025-10-20
ORD-104385,Face Serum,Beauty,3,55.75,167.25,2025-02-12
ORD-104386,Moisturizer,Beauty,3,12.1,36.3,2025-01-12
ORD-104387,Cotton T-Shirt,Clothing,7,26.47,185.29,2025-11-10
ORD-104388,Sneakers,Clothing,2,130.7,261.4,2025-01-25
ORD-104389,Sneakers,Clothing,2,36.83,73.66,2025-08-05
ORD-104390,Moisturizer,Beauty,1,42.35,42.35,2024-10-13
ORD-104391,Bluetooth Speaker,Electronics,4,42.72,170.88,2025-01-18
ORD-104392,Smartwatch,Electronics,1,172.78,172.78,2025-02-06
ORD-104393,Denim Jeans,Clothing,2,62.6,125.2,2024-12-27
ORD-104394,Electric Kettle,Home & Kitchen,5,26.17,130.85,2025-10-15
ORD-104395,Fitness Tracker,Sports,7,143.12,1001.84,2025-08-12
ORD-104396,Moisturizer,Beauty,4,31.78,127.12,2024-07-18
ORD-104397,Fitness Tracker,Sports,1,78.46,78.46,2024-04-15
ORD-104398,Wireless Earbuds,Electronics,6,127.9,767.4,2025-12-01
ORD-104399,Hoodie,Clothing,3,83.5,250.5,2024-12-11
ORD-104400,Dumbbell Set,Sports,2,86.19,172.38,2024-12-17
ORD-104401,Dumbbell Set,Sports,2,124.98,249.96,2025-02-17
ORD-104402,Smartphone Case,Electronics,2,31.97,63.94,2024-12-17
ORD-104403,Hair Dryer,Beauty,2,40.03,80.06,2024-04-14
ORD-104404,Fitness Tracker,Sports,4,109.66,438.64,2024-04-18
ORD-104405,Running Jacket,Clothing,5,109.12,545.6,2024-01-27
ORD-104406,Storage Container Set,Home & Kitchen,8,38.51,308.08,2025-01-30
ORD-104407,Non-stick Pan,Home & Kitchen,3,32.0,96.0,2025-09-16
ORD-104408,Storage Container Set,Home & Kitchen,5,18.09,90.45,2024-09-24
ORD-104409,Smartwatch,Electronics,3,253.37,760.11,2024-05-02
ORD-104410,Fitness Tracker,Sports,4,143.74,574.96,2024-03-17
ORD-104411,Laptop Sleeve,Electronics,3,44.65,133.95,2025-09-05
ORD-104412,Smartwatch,Electronics,4,239.87,959.48,2025-12-22
ORD-104413,Wireless Earbuds,Electronics,3,115.74,347.22,2024-03-29
ORD-104414,Bluetooth Speaker,Electronics,1,49.54,49.54,2024-03-31
ORD-104415,Running Jacket,Clothing,10,71.11,711.1,2024-12-01
ORD-104416,Smartphone Case,Electronics,1,25.42,25.42,2025-01-09
ORD-104417,Laptop Sleeve,Electronics,4,52.83,211.32,2025-05-02
ORD-104418,Yoga Mat,Sports,3,40.44,121.32,2024-08-31
ORD-104419,Running Jacket,Clothing,2,33.53,67.06,2024-02-16
ORD-104420,Electric Kettle,Home & Kitchen,1,57.06,57.06,2025-12-14
ORD-104421,Hair Dryer,Beauty,4,22.56,90.24,2024-03-30
ORD-104422,Sneakers,Clothing,4,113.49,453.96,2025-01-27
ORD-104423,Yoga Mat,Sports,2,44.75,89.5,2025-12-13
ORD-104424,Non-stick Pan,Home & Kitchen,1,50.46,50.46,2025-09-11
ORD-104425,Laptop Sleeve,Electronics,4,30.38,121.52,2024-01-07
ORD-104426,Smartwatch,Electronics,4,212.13,848.52,2025-06-23
ORD-104427,Lipstick Set,Beauty,2,34.75,69.5,2024-06-15
ORD-104428,Fitness Tracker,Sports,4,82.43,329.72,2025-03-14
ORD-104429,Fitness Tracker,Sports,4,90.7,362.8,2025-06-02
ORD-104430,Sunscreen,Beauty,3,13.24,39.72,2025-03-28
ORD-104431,Dumbbell Set,Sports,4,118.87,475.48,2025-05-19
ORD-104432,Storage Container Set,Home & Kitchen,4,39.27,157.08,2025-07-08
ORD-104433,Lipstick Set,Beauty,1,29.12,29.12,2025-01-07
ORD-104434,Hoodie,Clothing,4,32.0,128.0,2024-10-21
ORD-104435,Smartwatch,Electronics,4,253.87,1015.48,2024-05-01
ORD-104436,Lipstick Set,Beauty,4,11.31,45.24,2024-12-06
ORD-104437,Yoga Mat,Sports,3,13.67,41.01,2024-02-10
ORD-104438,Hair Dryer,Beauty,7,40.11,280.77,2025-10-16
ORD-104439,Electric Kettle,Home & Kitchen,4,53.07,212.28,2024-03-15
ORD-104440,Wireless Earbuds,Electronics,3,122.1,366.3,2024-11-29
ORD-104441,Wireless Earbuds,Electronics,4,88.16,352.64,2024-11-27
ORD-104442,Smartphone Case,Electronics,6,25.8,154.8,2025-10-10
ORD-104443,Electric Kettle,Home & Kitchen,5,28.34,141.7,2025-11-29
ORD-104444,Hoodie,Clothing,2,70.7,141.4,2025-06-21
ORD-104445,Hoodie,Clothing,4,26.38,105.52,2025-05-17
ORD-104446,Dumbbell Set,Sports,2,77.06,154.12,2025-03-09
ORD-104447,Air Fryer,Home & Kitchen,3,140.27,420.81,2024-10-26
ORD-104448,Wireless Earbuds,Electronics,1,68.24,68.24,2024-05-12
ORD-104449,Electric Kettle,Home & Kitchen,1,29.76,29.76,2025-01-12
ORD-104450,Yoga Mat,Sports,4,23.67,94.68,2025-06-22
ORD-104451,Sunscreen,Beauty,6,20.25,121.5,2024-04-18
ORD-104452,Wireless Earbuds,Electronics,4,53.31,213.24,2024-05-09
ORD-104453,Wireless Earbuds,Electronics,3,60.98,182.94,2025-10-03
ORD-104454,Laptop Sleeve,Electronics,7,62.25,435.75,2024-01-09
ORD-104455,Air Fryer,Home & Kitchen,3,126.4,379.2,2024-09-25
ORD-104456,Smartwatch,Electronics,5,157.77,788.85,2025-04-19
ORD-104457,Air Fryer,Home & Kitchen,4,131.66,526.64,2025-02-17
ORD-104458,Laptop Sleeve,Electronics,3,53.58,160.74,2024-06-30
ORD-104459,Football,Sports,1,20.25,20.25,2025-04-20
ORD-104460,Hair Dryer,Beauty,3,78.81,236.43,2025-07-29
ORD-104461,Air Fryer,Home & Kitchen,2,220.47,440.94,2024-06-07
ORD-104462,Cycling Helmet,Sports,3,61.06,183.18,2024-05-25
ORD-104463,Air Fryer,Home & Kitchen,1,199.92,199.92,2025-01-26
ORD-104464,Non-stick Pan,Home & Kitchen,3,19.15,57.45,2025-02-05
ORD-104465,Football,Sports,3,33.14,99.42,2024-05-03
ORD-104466,Laptop Sleeve,Electronics,7,31.27,218.89,2025-12-04
ORD-104467,Denim Jeans,Clothing,6,45.04,270.24,2025-08-01
ORD-104468,Yoga Mat,Sports,2,22.09,44.18,2024-11-29
ORD-104469,Smartwatch,Electronics,1,131.04,131.04,2025-09-21
ORD-104470,Denim Jeans,Clothing,5,49.71,248.55,2024-04-13
ORD-104471,Sunscreen,Beauty,2,23.81,47.62,2024-03-18
ORD-104472,Smartwatch,Electronics,7,122.32,856.24,2024-05-27
ORD-104473,Bluetooth Speaker,Electronics,4,123.41,493.64,2025-12-20
ORD-104474,Sunscreen,Beauty,2,17.48,34.96,2024-07-27
ORD-104475,Cycling Helmet,Sports,4,27.38,109.52,2025-03-03
ORD-104476,Lipstick Set,Beauty,4,16.4,65.6,2025-05-19
ORD-104477,Hair Dryer,Beauty,4,97.04,388.16,2024-09-10
ORD-104478,Storage Container Set,Home & Kitchen,5,31.27,156.35,2024-09-16
ORD-104479,Football,Sports,4,29.58,118.32,2025-09-17
ORD-104480,Laptop Sleeve,Electronics,3,56.75,170.25,2025-09-10
ORD-104481,Football,Sports,4,16.45,65.8,2024-01-03
ORD-104482,Wireless Earbuds,Electronics,6,43.97,263.82,2024-06-14
ORD-104483,Hoodie,Clothing,2,67.87,135.74,2025-04-24
ORD-104484,Yoga Mat,Sports,3,30.55,91.65,2024-08-07
ORD-104485,Cycling Helmet,Sports,4,64.76,259.04,2024-05-21
ORD-104486,Vacuum Cleaner,Home & Kitchen,4,96.24,384.96,2024-09-05
ORD-104487,Wireless Earbuds,Electronics,4,99.89,399.56,2024-05-17
ORD-104488,Cotton T-Shirt,Clothing,3,12.17,36.51,2025-07-15
ORD-104489,Wireless Earbuds,Electronics,7,104.87,734.09,2024-09-28
ORD-104490,Air Fryer,Home & Kitchen,5,134.35,671.75,2025-06-15
ORD-104491,Football,Sports,5,35.24,176.2,2024-12-23
ORD-104492,Hair Dryer,Beauty,5,75.58,377.9,2025-11-14
ORD-104493,Smartwatch,Electronics,2,271.25,542.5,2025-02-07
ORD-104494,Face Serum,Beauty,3,15.8,47.4,2024-07-25
ORD-104495,Dumbbell Set,Sports,5,88.2,441.0,2025-02-01
ORD-104496,Sunscreen,Beauty,5,12.36,61.8,2024-11-24
ORD-104497,Smartphone Case,Electronics,5,30.24,151.2,2024-08-03
ORD-104498,Non-stick Pan,Home & Kitchen,2,59.42,118.84,2024-01-24
ORD-104499,Electric Kettle,Home & Kitchen,8,48.99,391.92,2025-08-23
ORD-104500,Non-stick Pan,Home & Kitchen,2,34.25,68.5,2024-11-06
ORD-104501,Hoodie,Clothing,5,23.77,118.85,2024-07-16
ORD-104502,Face Serum,Beauty,4,36.22,144.88,2025-08-13
ORD-104503,Electric Kettle,Home & Kitchen,4,45.6,182.4,2025-12-04
ORD-104504,Wireless Earbuds,Electronics,7,75.18,526.26,2024-05-28
ORD-104505,Electric Kettle,Home & Kitchen,6,22.44,134.64,2024-04-28
ORD-104506,Laptop Sleeve,Electronics,2,35.97,71.94,2025-02-23
ORD-104507,Non-stick Pan,Home & Kitchen,4,47.51,190.04,2024-04-27
ORD-104508,Face Serum,Beauty,4,15.66,62.64,2024-04-28
ORD-104509,Denim Jeans,Clothing,4,22.21,88.84,2024-07-04
ORD-104510,Non-stick Pan,Home & Kitchen,5,21.31,106.55,2025-04-02
ORD-104511,Hoodie,Clothing,1,82.9,82.9,2025-03-24
ORD-104512,Smartwatch,Electronics,4,94.09,376.36,2024-08-07
ORD-104513,Air Fryer,Home & Kitchen,5,107.15,535.75,2025-01-24
ORD-104514,Electric Kettle,Home & Kitchen,5,46.11,230.55,2025-04-11
ORD-104515,Storage Container Set,Home & Kitchen,4,16.19,64.76,2025-06-17
ORD-104516,Hair Dryer,Beauty,5,29.16,145.8,2024-06-29
ORD-104517,Hoodie,Clothing,2,58.11,116.22,2025-11-30
ORD-104518,Storage Container Set,Home & Kitchen,2,35.68,71.36,2024-01-09
ORD-104519,Denim Jeans,Clothing,2,48.39,96.78,2024-06-02
ORD-104520,Cotton T-Shirt,Clothing,9,11.19,100.71,2025-08-28
ORD-104521,Cycling Helmet,Sports,4,82.17,328.68,2025-01-24
ORD-104522,Wireless Earbuds,Electronics,2,83.57,167.14,2024-08-07
ORD-104523,Storage Container Set,Home & Kitchen,3,34.49,103.47,2024-05-11
ORD-104524,Non-stick Pan,Home & Kitchen,4,24.91,99.64,2024-04-09
ORD-104525,Denim Jeans,Clothing,5,26.68,133.4,2024-10-09
ORD-104526,Fitness Tracker,Sports,6,126.78,760.68,2024-11-30
ORD-104527,Denim Jeans,Clothing,4,60.09,240.36,2024-08-05
ORD-104528,Cotton T-Shirt,Clothing,3,8.39,25.17,2024-06-08
ORD-104529,Yoga Mat,Sports,4,16.33,65.32,2025-03-08
ORD-104530,Air Fryer,Home & Kitchen,1,150.56,150.56,2024-08-24
ORD-104531,Denim Jeans,Clothing,2,48.61,97.22,2025-09-05
ORD-104532,Cotton T-Shirt,Clothing,4,16.56,66.24,2025-03-17
ORD-104533,Air Fryer,Home & Kitchen,4,70.78,283.12,2024-08-21
ORD-104534,Fitness Tracker,Sports,4,144.74,578.96,2025-10-27
ORD-104535,Bluetooth Speaker,Electronics,3,81.66,244.98,2024-09-24
ORD-104536,Wireless Earbuds,Electronics,3,91.16,273.48,2024-08-15
ORD-104537,Yoga Mat,Sports,3,14.42,43.26,2024-09-12
ORD-104538,Bluetooth Speaker,Electronics,4,90.5,362.0,2025-02-19
ORD-104539,Air Fryer,Home & Kitchen,2,116.23,232.46,2025-01-12
ORD-104540,Sunscreen,Beauty,6,14.43,86.58,2024-03-07
ORD-104541,Storage Container Set,Home & Kitchen,5,23.31,116.55,2025-01-15
ORD-104542,Dumbbell Set,Sports,3,84.78,254.34,2024-09-14
ORD-104543,Bluetooth Speaker,Electronics,5,54.29,271.45,2025-04-17
ORD-104544,Smartwatch,Electronics,4,256.65,1026.6,2024-03-01
ORD-104545,Sunscreen,Beauty,2,10.75,21.5,2024-05-05
ORD-104546,Laptop Sleeve,Electronics,2,33.08,66.16,2025-07-21
ORD-104547,Running Jacket,Clothing,2,73.53,147.06,2024-04-02
ORD-104548,Cotton T-Shirt,Clothing,3,9.25,27.75,2025-07-11
ORD-104549,Bluetooth Speaker,Electronics,3,32.97,98.91,2025-04-03
ORD-104550,Non-stick Pan,Home & Kitchen,6,61.57,369.42,2024-12-16
ORD-104551,Denim Jeans,Clothing,7,24.58,172.06,2025-06-04
ORD-104552,Denim Jeans,Clothing,5,39.46,197.3,2024-02-25
ORD-104553,Wireless Earbuds,Electronics,5,106.63,533.15,2024-02-18
ORD-104554,Hoodie,Clothing,3,56.1,168.3,2024-10-09
ORD-104555,Laptop Sleeve,Electronics,3,26.34,79.02,2024-06-28
ORD-104556,Wireless Earbuds,Electronics,5,72.2,361.0,2025-08-01
ORD-104557,Hoodie,Clothing,3,54.68,164.04,2025-11-23
ORD-104558,Sneakers,Clothing,5,56.74,283.7,2025-09-02
ORD-104559,Wireless Earbuds,Electronics,4,39.88,159.52,2025-07-28
ORD-104560,Smartphone Case,Electronics,5,19.61,98.05,2025-09-13
ORD-104561,Lipstick Set,Beauty,8,28.03,224.24,2024-09-17
ORD-104562,Football,Sports,4,11.75,47.0,2024-06-01
ORD-104563,Vacuum Cleaner,Home & Kitchen,4,220.3,881.2,2024-09-03
ORD-104564,Lipstick Set,Beauty,3,8.21,24.63,2024-01-20
ORD-104565,Football,Sports,7,22.48,157.36,2025-02-28
ORD-104566,Running Jacket,Clothing,3,77.77,233.31,2025-10-03
ORD-104567,Face Serum,Beauty,1,43.04,43.04,2024-02-21
ORD-104568,Air Fryer,Home & Kitchen,6,193.93,1163.58,2024-05-07
ORD-104569,Bluetooth Speaker,Electronics,4,39.34,157.36,2025-08-22
ORD-104570,Sunscreen,Beauty,3,22.53,67.59,2024-03-10
ORD-104571,Storage Container Set,Home & Kitchen,2,13.75,27.5,2025-08-10
ORD-104572,Cotton T-Shirt,Clothing,1,19.58,19.58,2024-11-20
ORD-104573,Smartwatch,Electronics,3,204.12,612.36,2025-09-15
ORD-104574,Hair Dryer,Beauty,2,82.62,165.24,2025-10-24
ORD-104575,Lipstick Set,Beauty,2,22.67,45.34,2025-09-12
ORD-104576,Electric Kettle,Home & Kitchen,3,21.46,64.38,2025-10-25
ORD-104577,Sneakers,Clothing,2,58.25,116.5,2025-12-02
ORD-104578,Hoodie,Clothing,3,75.77,227.31,2025-07-23
ORD-104579,Laptop Sleeve,Electronics,5,25.83,129.15,2024-04-11
ORD-104580,Non-stick Pan,Home & Kitchen,2,39.47,78.94,2025-05-11
ORD-104581,Denim Jeans,Clothing,2,56.55,113.1,2024-06-27
ORD-104582,Denim Jeans,Clothing,1,87.16,87.16,2025-12-06
ORD-104583,Vacuum Cleaner,Home & Kitchen,4,199.55,798.2,2024-10-23
ORD-104584,Fitness Tracker,Sports,1,142.94,142.94,2025-04-01
ORD-104585,Bluetooth Speaker,Electronics,7,88.59,620.13,2024-06-18
ORD-104586,Dumbbell Set,Sports,4,56.69,226.76,2024-01-27
ORD-104587,Laptop Sleeve,Electronics,5,54.1,270.5,2025-07-07
ORD-104588,Laptop Sleeve,Electronics,6,53.59,321.54,2024-02-26
ORD-104589,Non-stick Pan,Home & Kitchen,5,56.81,284.05,2025-10-07
ORD-104590,Non-stick Pan,Home & Kitchen,6,68.49,410.94,2025-07-12
ORD-104591,Moisturizer,Beauty,3,36.34,109.02,2025-01-13
ORD-104592,Sunscreen,Beauty,3,20.49,61.47,2025-06-09
ORD-104593,Fitness Tracker,Sports,2,175.15,350.3,2025-04-04
ORD-104594,Yoga Mat,Sports,8,49.87,398.96,2025-03-31
ORD-104595,Sunscreen,Beauty,7,23.46,164.22,2025-05-30
ORD-104596,Fitness Tracker,Sports,2,133.04,266.08,2024-02-01
ORD-104597,Fitness Tracker,Sports,4,154.97,619.88,2025-02-12
ORD-104598,Denim Jeans,Clothing,3,58.32,174.96,2024-06-13
ORD-104599,Running Jacket,Clothing,3,76.43,229.29,2025-06-18
ORD-104600,Fitness Tracker,Sports,3,149.15,447.45,2025-03-26
ORD-104601,Cotton T-Shirt,Clothing,2,10.53,21.06,2025-07-06
ORD-104602,Hair Dryer,Beauty,5,26.53,132.65,2025-07-07
ORD-104603,Air Fryer,Home & Kitchen,5,82.71,413.55,2025-11-13
ORD-104604,Dumbbell Set,Sports,2,96.52,193.04,2025-01-24
ORD-104605,Sneakers,Clothing,8,118.75,950.0,2024-04-03
ORD-104606,Electric Kettle,Home & Kitchen,4,57.3,229.2,2025-06-07
ORD-104607,Sunscreen,Beauty,1,25.3,25.3,2024-10-03
ORD-104608,Air Fryer,Home & Kitchen,5,205.25,1026.25,2025-07-27
ORD-104609,Laptop Sleeve,Electronics,3,60.13,180.39,2025-08-15
ORD-104610,Lipstick Set,Beauty,1,30.43,30.43,2025-11-11
ORD-104611,Hoodie,Clothing,5,46.04,230.2,2024-12-29
ORD-104612,Wireless Earbuds,Electronics,4,83.63,334.52,2025-08-17
ORD-104613,Cotton T-Shirt,Clothing,2,24.09,48.18,2025-05-21
ORD-104614,Electric Kettle,Home & Kitchen,5,28.87,144.35,2025-05-14
ORD-104615,Fitness Tracker,Sports,3,63.86,191.58,2025-07-25
ORD-104616,Hair Dryer,Beauty,1,82.41,82.41,2024-04-19
ORD-104617,Sneakers,Clothing,5,78.43,392.15,2024-07-05
ORD-104618,Smartwatch,Electronics,6,238.41,1430.46,2025-03-07
ORD-104619,Hoodie,Clothing,1,51.96,51.96,2025-01-20
ORD-104620,Running Jacket,Clothing,4,58.88,235.52,2025-09-18
ORD-104621,Hoodie,Clothing,4,40.83,163.32,2024-11-15
ORD-104622,Denim Jeans,Clothing,1,41.89,41.89,2025-07-28
ORD-104623,Denim Jeans,Clothing,3,58.18,174.54,2024-12-30
ORD-104624,Sneakers,Clothing,7,89.38,625.66,2024-10-08
ORD-104625,Smartwatch,Electronics,2,257.33,514.66,2025-08-10
ORD-104626,Hair Dryer,Beauty,3,51.16,153.48,2025-07-01
ORD-104627,Moisturizer,Beauty,1,12.96,12.96,2025-09-20
ORD-104628,Running Jacket,Clothing,5,65.21,326.05,2025-02-08
ORD-104629,Fitness Tracker,Sports,2,100.54,201.08,2025-03-31
ORD-104630,Wireless Earbuds,Electronics,6,109.45,656.7,2025-09-30
ORD-104631,Wireless Earbuds,Electronics,2,122.64,245.28,2024-08-07
ORD-104632,Smartphone Case,Electronics,5,22.41,112.05,2025-01-01
ORD-104633,Dumbbell Set,Sports,5,114.52,572.6,2024-07-28
ORD-104634,Smartphone Case,Electronics,5,27.1,135.5,2025-05-01
ORD-104635,Cycling Helmet,Sports,8,87.85,702.8,2024-07-10
ORD-104636,Bluetooth Speaker,Electronics,4,92.86,371.44,2024-11-24
ORD-104637,Bluetooth Speaker,Electronics,5,39.9,199.5,2025-12-18
ORD-104638,Bluetooth Speaker,Electronics,2,82.73,165.46,2024-11-05
ORD-104639,Hoodie,Clothing,3,43.91,131.73,2024-04-09
ORD-104640,Electric Kettle,Home & Kitchen,2,34.03,68.06,2025-12-14
ORD-104641,Smartwatch,Electronics,4,163.57,654.28,2025-03-02
ORD-104642,Laptop Sleeve,Electronics,4,49.56,198.24,2024-03-07
ORD-104643,Bluetooth Speaker,Electronics,2,57.86,115.72,2025-08-31
ORD-104644,Face Serum,Beauty,2,49.22,98.44,2025-07-13
ORD-104645,Yoga Mat,Sports,1,27.8,27.8,2025-02-14
ORD-104646,Non-stick Pan,Home & Kitchen,3,19.49,58.47,2024-10-05
ORD-104647,Hoodie,Clothing,2,75.72,151.44,2024-04-17
ORD-104648,Fitness Tracker,Sports,5,142.79,713.95,2024-07-08
ORD-104649,Storage Container Set,Home & Kitchen,9,26.08,234.72,2025-07-13
ORD-104650,Vacuum Cleaner,Home & Kitchen,8,203.14,1625.12,2024-09-11
ORD-104651,Vacuum Cleaner,Home & Kitchen,4,162.84,651.36,2025-07-16
ORD-104652,Football,Sports,5,20.44,102.2,2025-08-03
ORD-104653,Yoga Mat,Sports,2,32.53,65.06,2024-12-01
ORD-104654,Running Jacket,Clothing,2,38.42,76.84,2025-11-06
ORD-104655,Smartphone Case,Electronics,8,25.31,202.48,2025-09-05
ORD-104656,Laptop Sleeve,Electronics,4,27.02,108.08,2025-01-04
ORD-104657,Yoga Mat,Sports,1,21.17,21.17,2024-12-25
ORD-104658,Air Fryer,Home & Kitchen,6,189.28,1135.68,2025-11-30
ORD-104659,Smartwatch,Electronics,3,232.38,697.14,2025-07-04
ORD-104660,Air Fryer,Home & Kitchen,2,140.18,280.36,2024-07-31
ORD-104661,Denim Jeans,Clothing,2,39.23,78.46,2024-04-12
ORD-104662,Running Jacket,Clothing,3,36.45,109.35,2025-09-05
ORD-104663,Non-stick Pan,Home & Kitchen,4,49.91,199.64,2024-01-26
ORD-104664,Storage Container Set,Home & Kitchen,5,24.24,121.2,2024-05-19
ORD-104665,Cycling Helmet,Sports,2,21.0,42.0,2024-07-02
ORD-104666,Football,Sports,1,45.58,45.58,2025-11-29
ORD-104667,Sunscreen,Beauty,4,15.99,63.96,2025-09-20
ORD-104668,Non-stick Pan,Home & Kitchen,5,76.52,382.6,2024-11-30
ORD-104669,Cotton T-Shirt,Clothing,2,13.92,27.84,2024-11-14
ORD-104670,Football,Sports,3,21.13,63.39,2025-03-29
ORD-104671,Fitness Tracker,Sports,2,152.73,305.46,2025-04-06
ORD-104672,Running Jacket,Clothing,3,41.56,124.68,2024-08-14
ORD-104673,Vacuum Cleaner,Home & Kitchen,2,139.58,279.16,2024-01-30
ORD-104674,Running Jacket,Clothing,4,107.18,428.72,2024-09-21
ORD-104675,Dumbbell Set,Sports,5,42.36,211.8,2025-10-10
ORD-104676,Running Jacket,Clothing,10,39.21,392.1,2024-02-25
ORD-104677,Vacuum Cleaner,Home & Kitchen,3,132.4,397.2,2025-09-14
ORD-104678,Yoga Mat,Sports,4,53.19,212.76,2025-12-12
ORD-104679,Denim Jeans,Clothing,1,28.95,28.95,2024-05-01
ORD-104680,Sneakers,Clothing,2,141.78,283.56,2025-03-14
ORD-104681,Air Fryer,Home & Kitchen,4,143.18,572.72,2024-11-14
ORD-104682,Sunscreen,Beauty,3,14.44,43.32,2024-03-09
ORD-104683,Smartphone Case,Electronics,7,25.82,180.74,2024-10-14
ORD-104684,Bluetooth Speaker,Electronics,4,72.19,288.76,2025-05-30
ORD-104685,Hoodie,Clothing,2,42.65,85.3,2025-10-16
ORD-104686,Smartwatch,Electronics,5,117.6,588.0,2024-01-16
ORD-104687,Air Fryer,Home & Kitchen,3,159.72,479.16,2025-05-07
ORD-104688,Dumbbell Set,Sports,4,122.68,490.72,2024-07-19
ORD-104689,Smartwatch,Electronics,4,191.61,766.44,2025-01-01
ORD-104690,Face Serum,Beauty,5,37.28,186.4,2024-10-06
ORD-104691,Football,Sports,2,30.94,61.88,2024-09-26
ORD-104692,Air Fryer,Home & Kitchen,1,66.67,66.67,2024-03-18
ORD-104693,Smartphone Case,Electronics,4,13.86,55.44,2024-02-24
ORD-104694,Sneakers,Clothing,3,76.83,230.49,2024-12-16
ORD-104695,Hoodie,Clothing,3,74.71,224.13,2025-01-30
ORD-104696,Air Fryer,Home & Kitchen,6,116.86,701.16,2025-07-21
ORD-104697,Moisturizer,Beauty,3,47.22,141.66,2025-01-12
ORD-104698,Dumbbell Set,Sports,3,47.98,143.94,2024-11-13
ORD-104699,Moisturizer,Beauty,3,22.06,66.18,2025-05-30
ORD-104700,Running Jacket,Clothing,1,31.83,31.83,2024-02-18
ORD-104701,Cycling Helmet,Sports,2,71.15,142.3,2024-11-08
ORD-104702,Sneakers,Clothing,5,152.39,761.95,2024-12-12
ORD-104703,Yoga Mat,Sports,2,16.18,32.36,2024-04-24
ORD-104704,Laptop Sleeve,Electronics,6,53.6,321.6,2024-10-19
ORD-104705,Air Fryer,Home & Kitchen,2,232.93,465.86,2025-11-29
ORD-104706,Face Serum,Beauty,3,40.8,122.4,2025-04-06
ORD-104707,Moisturizer,Beauty,2,35.2,70.4,2024-09-05
ORD-104708,Electric Kettle,Home & Kitchen,3,25.9,77.7,2025-05-16
ORD-104709,Smartwatch,Electronics,1,190.46,190.46,2025-07-05
ORD-104710,Wireless Earbuds,Electronics,2,61.88,123.76,2025-05-01
ORD-104711,Smartwatch,Electronics,2,234.59,469.18,2024-03-03
ORD-104712,Laptop Sleeve,Electronics,4,55.11,220.44,2024-09-09
ORD-104713,Denim Jeans,Clothing,4,33.13,132.52,2024-02-03
ORD-104714,Dumbbell Set,Sports,5,147.13,735.65,2024-11-28
ORD-104715,Electric Kettle,Home & Kitchen,2,43.32,86.64,2024-09-30
ORD-104716,Smartphone Case,Electronics,4,17.51,70.04,2024-11-08
ORD-104717,Yoga Mat,Sports,3,16.99,50.97,2025-06-11
ORD-104718,Football,Sports,3,25.03,75.09,2025-04-30
ORD-104719,Non-stick Pan,Home & Kitchen,5,35.88,179.4,2025-03-11
ORD-104720,Bluetooth Speaker,Electronics,7,79.76,558.32,2024-09-17
ORD-104721,Cycling Helmet,Sports,4,47.14,188.56,2024-09-25
ORD-104722,Moisturizer,Beauty,2,46.88,93.76,2025-07-01
ORD-104723,Lipstick Set,Beauty,2,24.59,49.18,2025-09-09
ORD-104724,Hoodie,Clothing,4,21.08,84.32,2024-04-19
ORD-104725,Hair Dryer,Beauty,3,72.18,216.54,2024-09-03
ORD-104726,Smartwatch,Electronics,6,280.96,1685.76,2025-04-12
ORD-104727,Storage Container Set,Home & Kitchen,3,38.22,114.66,2025-07-05
ORD-104728,Sunscreen,Beauty,6,16.49,98.94,2025-08-16
ORD-104729,Vacuum Cleaner,Home & Kitchen,1,247.36,247.36,2024-06-07
ORD-104730,Sunscreen,Beauty,2,15.91,31.82,2024-03-03
ORD-104731,Football,Sports,4,27.89,111.56,2025-08-15
ORD-104732,Yoga Mat,Sports,4,42.86,171.44,2024-10-07
ORD-104733,Hair Dryer,Beauty,4,40.36,161.44,2025-01-20
ORD-104734,Sunscreen,Beauty,5,25.19,125.95,2025-07-07
ORD-104735,Running Jacket,Clothing,5,56.74,283.7,2024-06-28
ORD-104736,Fitness Tracker,Sports,4,63.63,254.52,2025-10-26
ORD-104737,Hoodie,Clothing,6,35.41,212.46,2024-08-29
ORD-104738,Moisturizer,Beauty,6,47.99,287.94,2024-04-25
ORD-104739,Air Fryer,Home & Kitchen,4,99.97,399.88,2024-01-31
ORD-104740,Sunscreen,Beauty,2,29.72,59.44,2024-08-03
ORD-104741,Vacuum Cleaner,Home & Kitchen,1,210.32,210.32,2024-02-20
ORD-104742,Electric Kettle,Home & Kitchen,1,28.23,28.23,2024-06-20
ORD-104743,Wireless Earbuds,Electronics,2,49.67,99.34,2024-01-16
ORD-104744,Wireless Earbuds,Electronics,3,44.06,132.18,2024-01-17
ORD-104745,Air Fryer,Home & Kitchen,2,100.58,201.16,2025-03-20
ORD-104746,Wireless Earbuds,Electronics,5,107.98,539.9,2025-06-04
ORD-104747,Vacuum Cleaner,Home & Kitchen,4,217.04,868.16,2025-11-23
ORD-104748,Cotton T-Shirt,Clothing,3,8.5,25.5,2025-07-14
ORD-104749,Running Jacket,Clothing,3,100.27,300.81,2025-01-27
ORD-104750,Denim Jeans,Clothing,4,32.45,129.8,2025-07-20
ORD-104751,Denim Jeans,Clothing,3,54.92,164.76,2025-10-18
ORD-104752,Non-stick Pan,Home & Kitchen,2,26.28,52.56,2025-05-09
ORD-104753,Sunscreen,Beauty,4,11.92,47.68,2025-10-18
ORD-104754,Sneakers,Clothing,6,70.71,424.26,2025-08-25
ORD-104755,Face Serum,Beauty,4,12.95,51.8,2024-02-05
ORD-104756,Face Serum,Beauty,4,59.93,239.72,2025-04-13
ORD-104757,Denim Jeans,Clothing,1,39.59,39.59,2024-01-04
ORD-104758,Hair Dryer,Beauty,3,49.74,149.22,2025-08-25
ORD-104759,Cycling Helmet,Sports,3,81.04,243.12,2024-01-21
ORD-104760,Laptop Sleeve,Electronics,3,46.36,139.08,2025-11-15
ORD-104761,Cotton T-Shirt,Clothing,4,23.94,95.76,2024-01-14
ORD-104762,Running Jacket,Clothing,3,126.02,378.06,2024-11-02
ORD-104763,Moisturizer,Beauty,3,11.11,33.33,2024-10-15
ORD-104764,Running Jacket,Clothing,5,64.72,323.6,2024-04-12
ORD-104765,Sunscreen,Beauty,4,23.6,94.4,2024-10-02
ORD-104766,Hoodie,Clothing,5,21.57,107.85,2025-09-21
ORD-104767,Moisturizer,Beauty,2,23.04,46.08,2025-03-16
ORD-104768,Smartwatch,Electronics,6,186.41,1118.46,2024-05-24
ORD-104769,Sunscreen,Beauty,1,16.29,16.29,2025-09-28
ORD-104770,Sneakers,Clothing,2,95.85,191.7,2024-01-16
ORD-104771,Vacuum Cleaner,Home & Kitchen,5,180.49,902.45,2025-07-22
ORD-104772,Non-stick Pan,Home & Kitchen,3,39.24,117.72,2025-04-28
ORD-104773,Lipstick Set,Beauty,4,10.23,40.92,2025-09-21
ORD-104774,Smartwatch,Electronics,5,135.04,675.2,2025-03-15
ORD-104775,Cotton T-Shirt,Clothing,3,15.36,46.08,2025-08-06
ORD-104776,Hoodie,Clothing,5,27.34,136.7,2024-08-30
ORD-104777,Dumbbell Set,Sports,3,120.45,361.35,2025-03-17
ORD-104778,Hair Dryer,Beauty,3,85.38,256.14,2025-04-10
ORD-104779,Vacuum Cleaner,Home & Kitchen,2,268.96,537.92,2025-07-26
ORD-104780,Wireless Earbuds,Electronics,1,164.65,164.65,2024-11-05
ORD-104781,Non-stick Pan,Home & Kitchen,4,36.26,145.04,2025-08-08
ORD-104782,Wireless Earbuds,Electronics,2,67.83,135.66,2025-04-17
ORD-104783,Non-stick Pan,Home & Kitchen,2,43.33,86.66,2025-04-16
ORD-104784,Cotton T-Shirt,Clothing,5,22.43,112.15,2025-11-18
ORD-104785,Air Fryer,Home & Kitchen,6,77.32,463.92,2025-09-08
ORD-104786,Smartwatch,Electronics,4,359.1,1436.4,2025-11-20
ORD-104787,Electric Kettle,Home & Kitchen,4,16.94,67.76,2024-10-14
ORD-104788,Lipstick Set,Beauty,5,22.35,111.75,2024-05-21
ORD-104789,Smartphone Case,Electronics,8,32.96,263.68,2025-09-09
ORD-104790,Hoodie,Clothing,1,55.16,55.16,2024-03-17
ORD-104791,Hair Dryer,Beauty,3,38.96,116.88,2025-01-10
ORD-104792,Smartwatch,Electronics,2,312.35,624.7,2024-12-20
ORD-104793,Cotton T-Shirt,Clothing,3,18.75,56.25,2024-11-22
ORD-104794,Non-stick Pan,Home & Kitchen,3,23.06,69.18,2025-08-14
ORD-104795,Cycling Helmet,Sports,9,77.76,699.84,2025-05-23
ORD-104796,Face Serum,Beauty,3,18.03,54.09,2024-02-20
ORD-104797,Running Jacket,Clothing,5,48.17,240.85,2025-02-23
ORD-104798,Smartphone Case,Electronics,1,29.41,29.41,2024-08-04
ORD-104799,Sneakers,Clothing,1,90.98,90.98,2024-06-30
ORD-104800,Fitness Tracker,Sports,4,203.41,813.64,2024-12-01
ORD-104801,Cycling Helmet,Sports,5,22.91,114.55,2024-01-06
ORD-104802,Vacuum Cleaner,Home & Kitchen,2,121.77,243.54,2024-07-06
ORD-104803,Sneakers,Clothing,3,49.35,148.05,2024-09-03
ORD-104804,Yoga Mat,Sports,5,48.74,243.7,2025-02-02
ORD-104805,Storage Container Set,Home & Kitchen,4,27.81,111.24,2024-01-07
ORD-104806,Bluetooth Speaker,Electronics,6,74.94,449.64,2025-07-29
ORD-104807,Face Serum,Beauty,2,21.11,42.22,2024-04-03
ORD-104808,Cotton T-Shirt,Clothing,3,11.05,33.15,2025-09-17
ORD-104809,Cotton T-Shirt,Clothing,5,10.49,52.45,2025-11-03
ORD-104810,Wireless Earbuds,Electronics,3,97.86,293.58,2024-02-14
ORD-104811,Laptop Sleeve,Electronics,4,49.11,196.44,2024-02-24
ORD-104812,Wireless Earbuds,Electronics,1,70.29,70.29,2024-02-03
ORD-104813,Sunscreen,Beauty,2,25.33,50.66,2024-11-17
ORD-104814,Laptop Sleeve,Electronics,7,57.87,405.09,2024-09-19
ORD-104815,Face Serum,Beauty,5,49.16,245.8,2025-05-31
ORD-104816,Running Jacket,Clothing,2,72.35,144.7,2025-12-16
ORD-104817,Moisturizer,Beauty,3,32.51,97.53,2025-08-04
ORD-104818,Hoodie,Clothing,6,35.21,211.26,2025-08-09
ORD-104819,Cycling Helmet,Sports,3,63.66,190.98,2024-05-14
ORD-104820,Sneakers,Clothing,6,87.72,526.32,2024-04-28
ORD-104821,Sunscreen,Beauty,2,26.38,52.76,2025-06-11
ORD-104822,Dumbbell Set,Sports,5,152.07,760.35,2024-11-14
ORD-104823,Wireless Earbuds,Electronics,5,56.88,284.4,2024-02-06
ORD-104824,Bluetooth Speaker,Electronics,1,86.6,86.6,2025-07-28
ORD-104825,Denim Jeans,Clothing,1,39.1,39.1,2024-03-11
ORD-104826,Running Jacket,Clothing,2,52.46,104.92,2025-03-24
ORD-104827,Moisturizer,Beauty,3,42.23,126.69,2024-12-11
ORD-104828,Smartwatch,Electronics,2,168.62,337.24,2024-03-02
ORD-104829,Hoodie,Clothing,3,25.28,75.84,2025-03-21
ORD-104830,Denim Jeans,Clothing,3,44.41,133.23,2025-08-25
ORD-104831,Cycling Helmet,Sports,3,97.53,292.59,2024-11-02
ORD-104832,Vacuum Cleaner,Home & Kitchen,5,355.29,1776.45,2024-11-06
ORD-104833,Denim Jeans,Clothing,6,56.07,336.42,2025-01-26
ORD-104834,Hair Dryer,Beauty,6,89.22,535.32,2025-02-19
ORD-104835,Storage Container Set,Home & Kitchen,2,16.07,32.14,2024-12-08
ORD-104836,Hair Dryer,Beauty,1,29.51,29.51,2025-12-22
ORD-104837,Hoodie,Clothing,3,59.11,177.33,2024-12-09
ORD-104838,Sneakers,Clothing,4,71.08,284.32,2024-06-12
ORD-104839,Wireless Earbuds,Electronics,4,35.01,140.04,2025-08-31
ORD-104840,Cycling Helmet,Sports,4,23.88,95.52,2024-04-19
ORD-104841,Storage Container Set,Home & Kitchen,3,34.79,104.37,2024-01-29
ORD-104842,Electric Kettle,Home & Kitchen,7,52.45,367.15,2024-04-12
ORD-104843,Football,Sports,2,36.01,72.02,2025-06-03
ORD-104844,Wireless Earbuds,Electronics,5,59.88,299.4,2024-05-25
ORD-104845,Sneakers,Clothing,3,92.29,276.87,2025-11-29
ORD-104846,Moisturizer,Beauty,8,33.71,269.68,2024-06-21
ORD-104847,Hoodie,Clothing,5,90.17,450.85,2025-01-14
ORD-104848,Running Jacket,Clothing,3,142.61,427.83,2025-12-16
ORD-104849,Face Serum,Beauty,6,50.61,303.66,2024-03-25
ORD-104850,Bluetooth Speaker,Electronics,2,44.56,89.12,2025-08-02
ORD-104851,Yoga Mat,Sports,4,49.91,199.64,2024-06-10
ORD-104852,Face Serum,Beauty,2,28.03,56.06,2024-03-21
ORD-104853,Denim Jeans,Clothing,5,68.99,344.95,2024-12-21
ORD-104854,Vacuum Cleaner,Home & Kitchen,7,142.73,999.11,2024-09-22
ORD-104855,Cycling Helmet,Sports,2,44.95,89.9,2024-02-02
ORD-104856,Laptop Sleeve,Electronics,1,54.17,54.17,2024-04-12
ORD-104857,Moisturizer,Beauty,4,31.46,125.84,2025-04-19
ORD-104858,Bluetooth Speaker,Electronics,2,103.51,207.02,2025-12-26
ORD-104859,Face Serum,Beauty,1,49.98,49.98,2024-08-24
ORD-104860,Face Serum,Beauty,2,72.74,145.48,2024-01-10
ORD-104861,Hoodie,Clothing,5,76.8,384.0,2024-08-09
ORD-104862,Face Serum,Beauty,3,51.71,155.13,2024-07-27
ORD-104863,Non-stick Pan,Home & Kitchen,4,34.11,136.44,2024-10-11
ORD-104864,Dumbbell Set,Sports,5,27.7,138.5,2025-03-14
ORD-104865,Storage Container Set,Home & Kitchen,3,14.21,42.63,2024-03-06
ORD-104866,Hoodie,Clothing,3,79.13,237.39,2024-04-06
ORD-104867,Cycling Helmet,Sports,4,63.4,253.6,2025-09-22
ORD-104868,Smartwatch,Electronics,3,169.06,507.18,2025-01-02
ORD-104869,Hair Dryer,Beauty,3,71.46,214.38,2025-12-03
ORD-104870,Bluetooth Speaker,Electronics,3,33.0,99.0,2025-02-01
ORD-104871,Laptop Sleeve,Electronics,3,57.68,173.04,2025-08-06
ORD-104872,Wireless Earbuds,Electronics,4,86.53,346.12,2025-02-11
ORD-104873,Fitness Tracker,Sports,2,40.49,80.98,2024-03-01
ORD-104874,Sneakers,Clothing,7,59.92,419.44,2025-05-03
ORD-104875,Moisturizer,Beauty,3,29.63,88.89,2025-05-05
ORD-104876,Moisturizer,Beauty,5,33.94,169.7,2024-08-11
ORD-104877,Storage Container Set,Home & Kitchen,3,40.85,122.55,2024-11-10
ORD-104878,Cycling Helmet,Sports,5,19.43,97.15,2024-08-18
ORD-104879,Sneakers,Clothing,5,122.67,613.35,2025-01-21
ORD-104880,Cycling Helmet,Sports,2,23.97,47.94,2024-12-01
ORD-104881,Bluetooth Speaker,Electronics,3,32.51,97.53,2024-01-12
ORD-104882,Laptop Sleeve,Electronics,2,40.1,80.2,2024-11-16
ORD-104883,Dumbbell Set,Sports,6,36.09,216.54,2024-10-19
ORD-104884,Electric Kettle,Home & Kitchen,5,20.39,101.95,2025-08-19
ORD-104885,Smartwatch,Electronics,4,374.63,1498.52,2025-12-20
ORD-104886,Smartphone Case,Electronics,3,25.44,76.32,2024-11-11
ORD-104887,Wireless Earbuds,Electronics,3,91.12,273.36,2024-02-02
ORD-104888,Air Fryer,Home & Kitchen,6,72.04,432.24,2025-11-24
ORD-104889,Hoodie,Clothing,2,83.55,167.1,2025-07-23
ORD-104890,Electric Kettle,Home & Kitchen,6,21.59,129.54,2024-01-15
ORD-104891,Yoga Mat,Sports,3,27.94,83.82,2025-01-28
ORD-104892,Smartphone Case,Electronics,4,35.26,141.04,2025-09-23
ORD-104893,Running Jacket,Clothing,3,55.78,167.34,2025-04-12
ORD-104894,Fitness Tracker,Sports,2,142.76,285.52,2025-07-23
ORD-104895,Storage Container Set,Home & Kitchen,2,43.56,87.12,2025-08-02
ORD-104896,Smartwatch,Electronics,3,220.22,660.66,2025-08-30
ORD-104897,Sneakers,Clothing,4,55.3,221.2,2024-02-17
ORD-104898,Football,Sports,1,42.55,42.55,2025-11-18
ORD-104899,Wireless Earbuds,Electronics,7,74.09,518.63,2025-12-11
ORD-104900,Hoodie,Clothing,4,27.89,111.56,2024-07-10
ORD-104901,Sneakers,Clothing,3,132.08,396.24,2024-01-26
ORD-104902,Laptop Sleeve,Electronics,4,21.96,87.84,2024-04-27
ORD-104903,Denim Jeans,Clothing,4,47.71,190.84,2024-08-19
ORD-104904,Electric Kettle,Home & Kitchen,4,36.72,146.88,2024-07-12
ORD-104905,Yoga Mat,Sports,2,42.41,84.82,2025-10-24
ORD-104906,Moisturizer,Beauty,4,20.29,81.16,2024-03-10
ORD-104907,Yoga Mat,Sports,3,34.43,103.29,2025-06-18
ORD-104908,Non-stick Pan,Home & Kitchen,3,40.22,120.66,2025-12-03
ORD-104909,Wireless Earbuds,Electronics,3,82.26,246.78,2024-04-24
ORD-104910,Bluetooth Speaker,Electronics,3,98.17,294.51,2024-12-06
ORD-104911,Smartwatch,Electronics,3,257.8,773.4,2024-11-16
ORD-104912,Sneakers,Clothing,3,125.68,377.04,2024-06-20
ORD-104913,Smartwatch,Electronics,2,107.89,215.78,2025-06-13
ORD-104914,Bluetooth Speaker,Electronics,3,50.61,151.83,2024-08-30
ORD-104915,Sunscreen,Beauty,6,9.13,54.78,2024-08-09
ORD-104916,Fitness Tracker,Sports,4,102.02,408.08,2024-06-07
ORD-104917,Electric Kettle,Home & Kitchen,1,28.12,28.12,2025-06-05
ORD-104918,Cycling Helmet,Sports,2,61.94,123.88,2024-02-24
ORD-104919,Dumbbell Set,Sports,6,111.0,666.0,2024-06-21
ORD-104920,Non-stick Pan,Home & Kitchen,3,21.09,63.27,2024-02-25
ORD-104921,Bluetooth Speaker,Electronics,2,34.83,69.66,2025-07-03
ORD-104922,Dumbbell Set,Sports,2,102.81,205.62,2024-05-18
ORD-104923,Bluetooth Speaker,Electronics,2,43.25,86.5,2024-03-31
ORD-104924,Storage Container Set,Home & Kitchen,5,23.16,115.8,2025-11-01
ORD-104925,Smartwatch,Electronics,5,105.54,527.7,2024-04-22
ORD-104926,Cycling Helmet,Sports,2,55.6,111.2,2025-08-14
ORD-104927,Wireless Earbuds,Electronics,2,65.92,131.84,2025-11-20
ORD-104928,Non-stick Pan,Home & Kitchen,4,16.69,66.76,2024-05-10
ORD-104929,Wireless Earbuds,Electronics,3,111.22,333.66,2024-10-10
ORD-104930,Moisturizer,Beauty,4,13.87,55.48,2024-05-14
ORD-104931,Running Jacket,Clothing,6,83.9,503.4,2024-05-10
ORD-104932,Bluetooth Speaker,Electronics,4,26.57,106.28,2024-07-17
ORD-104933,Moisturizer,Beauty,4,15.71,62.84,2025-05-30
ORD-104934,Cotton T-Shirt,Clothing,4,11.72,46.88,2025-02-20
ORD-104935,Wireless Earbuds,Electronics,5,129.82,649.1,2024-12-18
ORD-104936,Air Fryer,Home & Kitchen,3,110.56,331.68,2025-04-12
ORD-104937,Hoodie,Clothing,1,68.71,68.71,2024-04-08
ORD-104938,Wireless Earbuds,Electronics,5,50.43,252.15,2025-12-01
ORD-104939,Smartwatch,Electronics,4,172.94,691.76,2024-04-01
ORD-104940,Yoga Mat,Sports,5,24.39,121.95,2025-04-25
ORD-104941,Yoga Mat,Sports,2,33.92,67.84,2024-06-11
ORD-104942,Dumbbell Set,Sports,2,128.05,256.1,2024-05-02
ORD-104943,Smartphone Case,Electronics,4,34.11,136.44,2025-07-08
ORD-104944,Laptop Sleeve,Electronics,2,24.48,48.96,2025-02-05
ORD-104945,Electric Kettle,Home & Kitchen,4,34.72,138.88,2024-05-01
ORD-104946,Wireless Earbuds,Electronics,2,70.32,140.64,2025-01-10
ORD-104947,Football,Sports,5,24.2,121.0,2025-02-06
ORD-104948,Face Serum,Beauty,7,27.83,194.81,2025-01-27
ORD-104949,Denim Jeans,Clothing,2,38.66,77.32,2024-03-27
ORD-104950,Hair Dryer,Beauty,3,25.99,77.97,2025-01-05
ORD-104951,Storage Container Set,Home & Kitchen,5,44.54,222.7,2024-11-03
ORD-104952,Sneakers,Clothing,5,135.94,679.7,2025-02-04
ORD-104953,Sunscreen,Beauty,2,27.36,54.72,2024-07-12
ORD-104954,Storage Container Set,Home & Kitchen,2,25.27,50.54,2024-01-09
ORD-104955,Electric Kettle,Home & Kitchen,6,28.21,169.26,2025-04-09
ORD-104956,Football,Sports,6,24.57,147.42,2024-05-17
ORD-104957,Yoga Mat,Sports,4,52.7,210.8,2024-10-29
ORD-104958,Sneakers,Clothing,1,58.5,58.5,2025-11-12
ORD-104959,Hair Dryer,Beauty,2,68.41,136.82,2025-11-01
ORD-104960,Denim Jeans,Clothing,6,41.47,248.82,2024-04-13
ORD-104961,Yoga Mat,Sports,3,35.8,107.4,2025-06-30
ORD-104962,Fitness Tracker,Sports,5,139.31,696.55,2025-12-04
ORD-104963,Lipstick Set,Beauty,6,27.45,164.7,2024-05-31
ORD-104964,Face Serum,Beauty,3,54.1,162.3,2025-11-04
ORD-104965,Hair Dryer,Beauty,6,30.54,183.24,2024-08-13
ORD-104966,Denim Jeans,Clothing,3,44.77,134.31,2024-05-17
ORD-104967,Cycling Helmet,Sports,4,88.68,354.72,2025-04-16
ORD-104968,Bluetooth Speaker,Electronics,3,45.94,137.82,2025-11-13
ORD-104969,Electric Kettle,Home & Kitchen,1,30.37,30.37,2024-09-08
ORD-104970,Wireless Earbuds,Electronics,3,67.89,203.67,2025-12-07
ORD-104971,Bluetooth Speaker,Electronics,3,88.7,266.1,2025-11-15
ORD-104972,Running Jacket,Clothing,4,54.59,218.36,2024-09-30
ORD-104973,Sneakers,Clothing,6,150.13,900.78,2025-12-07
ORD-104974,Running Jacket,Clothing,3,69.31,207.93,2025-04-09
ORD-104975,Hair Dryer,Beauty,4,45.84,183.36,2025-10-12
ORD-104976,Smartphone Case,Electronics,3,18.15,54.45,2025-03-23
ORD-104977,Storage Container Set,Home & Kitchen,2,25.31,50.62,2025-02-06
ORD-104978,Sunscreen,Beauty,3,29.87,89.61,2025-01-26
ORD-104979,Smartphone Case,Electronics,3,12.78,38.34,2024-10-14
ORD-104980,Bluetooth Speaker,Electronics,3,27.54,82.62,2025-01-13
ORD-104981,Face Serum,Beauty,4,29.82,119.28,2025-08-09
ORD-104982,Fitness Tracker,Sports,5,114.45,572.25,2024-11-09
ORD-104983,Moisturizer,Beauty,4,36.15,144.6,2025-02-12
ORD-104984,Running Jacket,Clothing,3,58.95,176.85,2025-08-12
ORD-104985,Sneakers,Clothing,5,49.17,245.85,2024-07-05
ORD-104986,Yoga Mat,Sports,5,52.15,260.75,2025-04-09
ORD-104987,Denim Jeans,Clothing,2,55.7,111.4,2025-01-11
ORD-104988,Non-stick Pan,Home & Kitchen,5,24.97,124.85,2024-09-29
ORD-104989,Bluetooth Speaker,Electronics,9,87.34,786.06,2024-02-23
ORD-104990,Fitness Tracker,Sports,3,54.69,164.07,2025-08-20
ORD-104991,Moisturizer,Beauty,4,35.63,142.52,2025-03-01
ORD-104992,Running Jacket,Clothing,7,60.76,425.32,2024-11-12
ORD-104993,Lipstick Set,Beauty,5,18.07,90.35,2025-08-03
ORD-104994,Air Fryer,Home & Kitchen,4,75.16,300.64,2024-08-19
ORD-104995,Yoga Mat,Sports,3,37.25,111.75,2024-01-31
ORD-104996,Face Serum,Beauty,5,72.43,362.15,2025-05-22
ORD-104997,Moisturizer,Beauty,2,42.09,84.18,2024-05-25
ORD-104998,Smartwatch,Electronics,3,96.31,288.93,2025-04-02
ORD-104999,Cycling Helmet,Sports,1,33.28,33.28,2024-11-21
